parent_asin,product_name,brand,model,average_rating,rating_number,price
B09L9DZ5LH,Redmi Note 10 pro,Redmi,Note 10 pro,4.2,40664,249.99
B09R85BXXN,Xiaomi NOTE 11,Xiaomi,NOTE 11,4.4,16934,185.49
B09SBMJYVC,Xiaomi NOTE 11,Xiaomi,NOTE 11,4.7,15247,
B09PPWVQSB,Samsung Galaxy S20 FE,Samsung,Galaxy S20 FE,4.5,14110,599.99
B09JJCXC2M,Samsung Galaxy S10e,Samsung,Galaxy S10e,4.3,12397,176.87
B08Z4JTDVN,Google Pixel 4a,Google,Pixel 4a,4.5,10451,459.0
B07ZL18B89,Xiaomi M1906G7G,Xiaomi,M1906G7G,4.6,10227,179.99
B07Y1B4NH6,Xiaomi Redmi Note 8 Pro,Xiaomi,Redmi Note 8 Pro,4.6,10221,
B085S4M9Z7,Xiaomi 27281,Xiaomi,27281,4.5,8426,
B07YJHXZT6,Xiaomi REDMI NOTE8 4+ EU,Xiaomi,REDMI NOTE8 4+ EU,4.6,8227,
B085S45ZZS,Xiaomi Redmi Note 9S 6.67 International,Xiaomi,Redmi Note 9S 6.67 International,4.4,7409,
B084GBW424,Samsung A715FD,Samsung,A715FD,4.4,6964,
B088FJF1CJ,Samsung Galaxy Note 10,Samsung,Galaxy Note 10,4.3,6501,248.29
B08F17DXSC,Xiaomi Redmi 9A,Xiaomi,Redmi 9A,4.5,5888,82.5
B08H5HYZ1K,Xiaomi M2007J20CG,Xiaomi,M2007J20CG,4.5,5838,
B0B8PDLMMS,Samsung S21 Ultra,Samsung,S21 Ultra,4.6,5672,1049.97
B08PP9FM9N,Apple iPhone 12 Mini 5G,Apple,iPhone 12 Mini 5G,4.2,5650,350.0
B07Y8YWTFL,Xiaomi REDMI NOTE8 PRO 6+ EU,Xiaomi,REDMI NOTE8 PRO 6+ EU,4.5,5404,
B09CCQRYXJ,TCL 10L,TCL,10L,4.2,5067,299.99
B09HFW8GRB,Samsung S20 5G,Samsung,S20 5G,4.1,4949,219.63
B08B3NVQ7V,Xiaomi REDMI 9,Xiaomi,REDMI 9,4.6,4726,
B0B87YFRH8,TCL 20 SE,TCL,20 SE,4.1,4236,125.99
B09HY164QB,Xiaomi note 10 5g,Xiaomi,note 10 5g,4.3,3900,159.5
B0BGZ4P8JT,Motorola One,Motorola,One,4.4,3799,160.0
B0B7FJXP3M,Motorola Moto G fast,Motorola,Moto G fast,4.5,3712,
B09HGHDV9L,Samsung Galaxy S20 FE,Samsung,Galaxy S20 FE,4.2,3693,181.9
B08PNP57DQ,Apple iPhone 12 Pro,Apple,iPhone 12 Pro,4.2,3646,620.0
B07JR975TF,None Studio X8,Unknown,Studio X8,4.1,3616,
B07SDQ483V,Vivo XL4,Vivo,XL4,4.2,3362,
B08JR6Y1KJ,Google Pixel 5,Google,Pixel 5,4.5,3320,499.99
B087CBQF4M,Samsung Galaxy A31,Samsung,Galaxy A31,4.3,3302,197.5
B085S4LC4V,Xiaomi 27282,Xiaomi,27282,4.5,3221,
B09VB3L5WG,Xiaomi Redmi Note 11 Pro 5G,Xiaomi,Redmi Note 11 Pro 5G,4.2,3178,273.99
B09TP416YL,Blackview A55,Blackview,A55,3.8,3152,99.99
B08PNTRC2Y,Apple IPhone 12 Pro Max,Apple,IPhone 12 Pro Max,4.2,3115,656.0
B08FRT6G9W,Samsung Galaxy S20+ Plus 5G,Samsung,Galaxy S20+ Plus 5G,4.3,3111,239.0
B07N92347B,Motorola Moto G7 with Alexa Hands-Free,Motorola,Moto G7 with Alexa Hands-Free,4.4,3044,
B08B99D7FJ,Xiaomi M2007J20CG,Xiaomi,M2007J20CG,4.5,2913,
B088VRCBXG,Samsung A01 Core,Samsung,A01 Core,4.3,2827,79.95
B094GG73X2,Samsung S21,Samsung,S21,3.9,2715,237.0
B0B8PD3H1W,Samsung Galaxy S21+ Plus 5G Android Pro-Grade Camera 8K Video High Res,Samsung,Galaxy S21+ Plus 5G Android Pro-Grade Camera 8K Video High Res,4.6,2643,674.0
B09RNGMB4C,Xiaomi mi 11T pro,Xiaomi,mi 11T pro,4.4,2444,415.0
B01N6NTIRH,Motorola Moto G5 PLUS,Motorola,Moto G5 PLUS,4.2,2192,61.74
B09KCNCTYJ,Xiaomi Mi 11 Lite NE 5G,Xiaomi,Mi 11 Lite NE 5G,4.2,2188,299.99
B085S3RRTM,Xiaomi Redmi Note 9S,Xiaomi,Redmi Note 9S,4.6,2166,
B09LP9P1FM,Apple iPhone 13,Apple,iPhone 13,4.4,2100,598.0
B07TP517PZ,None BLU G9,Unknown,BLU G9,4.2,2091,
B0752NFMGS,None Jelly Pro,Unknown,Jelly Pro,4.1,2077,114.99
B099RCQZ8Z,Apple iPhone 11,Apple,iPhone 11,4.4,2071,429.0
B0BF619TYN,Xiaomi M5S,Xiaomi,M5S,4.7,2057,189.99
B0B47QHD1P,Google Pixel 4 XL,Google,Pixel 4 XL,4.0,2041,185.0
B09FQZLJK5,Samsung Z FLIP 3 5G,Samsung,Z FLIP 3 5G,4.2,2010,350.0
B08ZGW46GV,Samsung Galaxy A52,Samsung,Galaxy A52,4.4,1889,
B09W48VP1C,Xiaomi Redmi Note 11 Pro 5G Redmi Note 11 Pro 5G,Xiaomi,Redmi Note 11 Pro 5G Redmi Note 11 Pro 5G,4.2,1885,295.75
B09C147FND,Xiaomi POCO M3,Xiaomi,POCO M3,4.1,1859,209.99
B082XPD4L6,None WP5,Unknown,WP5,3.9,1777,
B07SS5HC8D,Vivo XL5,Vivo,XL5,4.1,1760,
B08JQJSJJX,Motorola Moto G9 Plus,Motorola,Moto G9 Plus,4.5,1726,279.99
B09WR2S59G,Samsung Galaxy A52,Samsung,Galaxy A52,4.4,1721,457.99
B0B7NY1LFJ,Xiaomi note 9 pro,Xiaomi,note 9 pro,4.5,1695,238.0
B0B8SK885H,TCL 30 SE,TCL,30 SE,4.1,1672,129.99
B0871HD5NT,None 101,Unknown,101,3.9,1668,
B099RL77BC,Realme GT Master Edition,Realme,GT Master Edition,4.5,1644,
B09V2RSWBW,OnePlus 10 Pro,OnePlus,10 Pro,4.3,1643,
B09KX5HJRT,Samsung Galaxy A12,Samsung,Galaxy A12,4.1,1578,119.44
B08MTQ3FQJ,Google Pixel 5,Google,Pixel 5,4.0,1577,156.56
B088HH1T6C,Xiaomi Redmi Note 9S,Xiaomi,Redmi Note 9S,4.8,1572,
B07HB7H2Y9,Motorola Moto X4,Motorola,Moto X4,4.1,1539,399.99
B087XC7DVX,Samsung A11,Samsung,A11,4.2,1530,
B0BM3F9RK1,Samsung Galaxy S10,Samsung,Galaxy S10,4.3,1516,
B0BJ1VRNSW,Apple IPhone 12 Pro Max,Apple,IPhone 12 Pro Max,4.4,1505,710.0
B0881TLSMD,Xiaomi M2003J6B2G,Xiaomi,M2003J6B2G,4.4,1484,
B08LX72PZR,OnePlus 8T,OnePlus,8T,4.5,1476,
B09GBGC21H,Ulefone Note 6,Ulefone,Note 6,3.3,1467,79.99
B09VCSFFP7,Samsung Galaxy A53 5G,Samsung,Galaxy A53 5G,3.8,1454,311.0
B0848N32XP,Huawei P30 Pro,Huawei,P30 Pro,4.5,1424,465.0
B082MSXWF5,Motorola Moto G7,Motorola,Moto G7,4.2,1420,
B08C47Y5MT,Motorola Moto G7,Motorola,Moto G7,4.2,1420,
B07PZZLR4D,Motorola Moto G7,Motorola,Moto G7,4.2,1420,
B08HJHP6Y6,Xiaomi MZB07ZKEU,Xiaomi,MZB07ZKEU,4.3,1404,
B09SVKFH6M,Xiaomi NOTE 11s,Xiaomi,NOTE 11s,4.7,1392,204.0
B07X9C9XMM,Xiaomi M1908C3JGN-64,Xiaomi,M1908C3JGN-64,4.5,1390,
B0916GWVNQ,Samsung Galaxy S20 Ultra,Samsung,Galaxy S20 Ultra,4.1,1386,277.0
B09LLBX2PZ,Apple 13 Mini,Apple,13 Mini,4.5,1345,547.19
B09MXXYK63,Google Pixel 6 Pro,Google,Pixel 6 Pro,4.1,1345,428.0
B09V1M7KTM,Samsung Galaxy S22+ Plus,Samsung,Galaxy S22+ Plus,4.2,1335,457.49
B0747ZP6FV,None BLU R2,Unknown,BLU R2,3.9,1317,
B0741KGNPL,None BLU R2,Unknown,BLU R2,3.9,1317,
B0741JJ49D,None BLU R2,Unknown,BLU R2,3.9,1317,
B08Y5Y78XG,Samsung Galaxy A32,Samsung,Galaxy A32,4.2,1304,299.99
B09LPJQ9B2,Apple 13 Pro Max,Apple,13 Pro Max,4.4,1300,709.99
B07N8ZTKHX,Motorola Moto G7 with Alexa Hands-Free,Motorola,Moto G7 with Alexa Hands-Free,4.3,1287,
B01N4K0L4I,Vivo XL2,Vivo,XL2,4.0,1245,
B08SQCZY15,Ulefone Note 11p,Ulefone,Note 11p,3.7,1241,129.99
B07RK4XYDF,Motorola XT1965 International Model,Motorola,XT1965 International Model,4.3,1211,
B07KXCK8SL,Samsung SM-A305FZBFINS,Samsung,SM-A305FZBFINS,4.1,1205,
B08XZPK2HL,Xiaomi Redmi Note 10,Xiaomi,Redmi Note 10,4.4,1203,
B08Q9K17YJ,Samsung Galaxy S20,Samsung,Galaxy S20,4.2,1193,311.23
B07JF6L6PF,None S910Q,Unknown,S910Q,3.9,1190,
B08DXM48T4,Samsung A01,Samsung,A01,4.1,1186,
B07YZLRS3Z,Xiaomi Redmi Note 8 6.3 RAM,Xiaomi,Redmi Note 8 6.3 RAM,4.6,1182,89.99
B09YMQRNS3,Samsung A11,Samsung,A11,4.3,1180,139.99
B0B1HXF9ZQ,Umidigi A13S,Umidigi,A13S,3.9,1161,112.49
B07TVKM1YG,LG G8 ThinQ,LG,G8 ThinQ,4.4,1138,
B07KP8J8YN,None Atom,Unknown,Atom,4.2,1137,239.99
B0B3NDDVN2,Motorola G31,Motorola,G31,4.3,1127,157.5
B098KF1G4Q,None Jitterbug Smart3,Unknown,Jitterbug Smart3,4.0,1119,110.59
B09JT5P2BG,Samsung A32,Samsung,A32,4.0,1117,150.0
B07YHMHWQD,Umidigi A11S,Umidigi,A11S,3.8,1095,139.99
B07KRRWKSH,OnePlus 6T,OnePlus,6T,4.6,1086,
B07LFN8ZCN,OnePlus 6T,OnePlus,6T,4.6,1086,
B09GPRKX24,Samsung A12 Nacho,Samsung,A12 Nacho,3.9,1071,
B08MLBPK4D,None WP5 Pro,Unknown,WP5 Pro,4.0,1061,189.99
B0BM3DQS6B,Samsung Galaxy A21,Samsung,Galaxy A21,3.9,1059,108.64
B09YBX7DTG,Samsung A125U,Samsung,A125U,4.0,1058,124.99
B084MD6Y5H,Samsung N770FDS,Samsung,N770FDS,4.2,1055,
B08J7L3J51,TCL 10 Pro,TCL,10 Pro,4.1,1054,
B0939K5M9Q,Samsung S21 Ultra 5G,Samsung,S21 Ultra 5G,4.1,1041,396.0
B07BHBH9KV,Vivo V9 6.3-inches,Vivo,V9 6.3-inches,4.2,1036,
B0B6RYRVZ2,Samsung A12,Samsung,A12,4.1,1024,192.5
B08Z9MRMK9,Samsung Galaxy A32,Samsung,Galaxy A32,4.1,1013,
B0B7HV8HC6,Umidigi F3 5G,Umidigi,F3 5G,3.9,994,229.99
B08H85VZNX,Google Pixel 4a,Google,Pixel 4a,4.0,987,162.68
B07QK32C8M,Xiaomi M1901F7GSB-128,Xiaomi,M1901F7GSB-128,4.5,979,
B091FMDRSF,Blackview BV4900Pro,Blackview,BV4900Pro,4.1,974,159.99
B07Y1YLWLZ,Xiaomi Redmi Note 8 Pro,Xiaomi,Redmi Note 8 Pro,4.6,961,
B06XRKPQPW,None BLU Joy,Unknown,BLU Joy,3.5,929,32.99
B08T1WZFN7,Samsung A12,Samsung,A12,4.1,919,184.5
B0B7P874F8,Samsung a53 5g,Samsung,a53 5g,4.1,918,335.0
B00NEEXCTK,Huawei 51091565,Huawei,51091565,4.2,916,
B09WWYP2T8,Xiaomi note 11 pro 4g,Xiaomi,note 11 pro 4g,4.5,914,174.11
B075Z5D45N,ZTE Maven 3,ZTE,Maven 3,3.9,901,49.0
B071P3Z6B5,LG Rebel,LG,Rebel,3.8,896,
B08W5FVK9N,Samsung A12,Samsung,A12,4.1,883,188.0
B094CD74SD,Xiaomi Redmi 9c,Xiaomi,Redmi 9c,4.6,882,99.25
B09LPBQBPT,Apple 13 Pro,Apple,13 Pro,4.2,878,848.0
B07V3TL48P,OnePlus 6T,OnePlus,6T,4.5,869,189.0
B08BX7QGKF,Samsung Note 20 Ultra 5G,Samsung,Note 20 Ultra 5G,4.7,844,899.97
B07VXKDVKM,Xiaomi Mi A3,Xiaomi,Mi A3,4.6,842,
B09X3GBFRY,Xiaomi 220333,Xiaomi,220333,4.4,822,139.0
B08LQRZ7RV,LG V60 ThinQ,LG,V60 ThinQ,4.1,797,218.92
B09Q9896N9,Xiaomi Mi 11T 5g,Xiaomi,Mi 11T 5g,4.5,788,332.0
B071FBVP5J,Samsung Galaxy J3 Luna Pro,Samsung,Galaxy J3 Luna Pro,4.2,781,
B01BP1GIA8,None Energy X 2,Unknown,Energy X 2,3.9,780,
B0731TSTBT,Vivo 8,Vivo,8,4.2,778,
B08BPJRK8Z,OnePlus AC2003,OnePlus,AC2003,4.5,773,319.0
B0764GW695,None Ram 7,Unknown,Ram 7,3.6,756,
B0B9SR6XW8,Umidigi G1,Umidigi,G1,3.5,749,99.99
B0841HHLT9,None Titan,Unknown,Titan,3.9,745,349.99
B08BX95GTG,Samsung Note 20 Ultra 5G,Samsung,Note 20 Ultra 5G,4.6,744,
B07MF3JM4T,Motorola Moto One,Motorola,Moto One,4.3,742,
B0889VV6QD,Samsung Galaxy A51,Samsung,Galaxy A51,4.4,735,
B09XFD8Z2P,Xiaomi m4 pro,Xiaomi,m4 pro,4.7,727,281.28
B08GR8MYJJ,Blackview BV5900,Blackview,BV5900,4.0,723,
B07V5D3TB6,Motorola Moto Z3 Play,Motorola,Moto Z3 Play,4.1,722,245.33
B07GYY6VTD,Motorola Moto G6,Motorola,Moto G6,4.1,717,
B08P4MHXFV,Xiaomi M2010J19CG,Xiaomi,M2010J19CG,4.1,684,219.99
B09FCG8YT1,Samsung A12,Samsung,A12,4.3,682,249.99
B08JPGV6WR,None WP5 Pro,Unknown,WP5 Pro,3.8,682,159.99
B07JQT1X3P,None Studio PRO X8 HD,Unknown,Studio PRO X8 HD,4.1,680,
B08BTV8VW3,Motorola G8 Power,Motorola,G8 Power,4.3,677,
B07RX1PCL5,Motorola G7 Play,Motorola,G7 Play,4.1,676,99.99
B08NFBC5NN,Samsung Galaxy A11,Samsung,Galaxy A11,4.0,676,80.0
B08H75KK7B,Motorola Moto G Fast,Motorola,Moto G Fast,4.1,675,119.99
B07QJDF611,Xiaomi Mi 9,Xiaomi,Mi 9,4.5,673,
B07RFWG93C,OnePlus 5011100677,OnePlus,5011100677,4.6,662,
B09VB2342C,Xiaomi Poco X4 pro 5G,Xiaomi,Poco X4 pro 5G,4.2,662,269.5
B08K3R8NZY,LG Stylo 6,LG,Stylo 6,3.7,656,131.98
B0BL9TKSBL,Motorola Moto G Power 2022,Motorola,Moto G Power 2022,4.2,655,129.99
B08GGFMMCH,OnePlus HD1907,OnePlus,HD1907,4.5,654,
B085YVV527,OnePlus IN2013,OnePlus,IN2013,4.4,654,
B07ZS1B6ZJ,Xiaomi Redmi Note 8 Pro,Xiaomi,Redmi Note 8 Pro,4.6,653,174.99
B098DTRRTZ,None OUKITEL-C22,Unknown,OUKITEL-C22,3.8,650,79.99
B098P5WJQ6,Xiaomi Note 10s,Xiaomi,Note 10s,4.4,646,169.99
B09WXFPCB3,Samsung Galaxy A22 5G,Samsung,Galaxy A22 5G,4.2,645,208.99
B07TW4M877,Umidigi power,Umidigi,power,4.0,644,
B07GX3T3D9,Motorola Moto E5 Play,Motorola,Moto E5 Play,4.1,636,
B0747WWP4D,Alcatel Ideal Xcite,Alcatel,Ideal Xcite,3.8,621,79.99
B097G35FTC,TCL 20S,TCL,20S,4.0,596,139.99
B08VWGN1N2,Samsung S21+ PLUS,Samsung,S21+ PLUS,4.0,590,289.99
B07C9Z51DH,Vivo XL3 Plus,Vivo,XL3 Plus,4.0,588,
B082MG34Z7,Ulefone None,Ulefone,,3.4,578,99.99
B08P891PCB,None C22,Unknown,C22,4.0,567,
B07Z4WMV5W,LG V50,LG,V50,4.0,566,257.89
B09993L85F,Umidigi POWER 5,Umidigi,POWER 5,3.9,561,99.39
B09DRHTSYZ,Samsung S10E,Samsung,S10E,4.2,560,132.0
B0BGYC7HYQ,Apple IPhone 13 Pro,Apple,IPhone 13 Pro,4.2,551,849.0
B08P4MHKY9,Xiaomi Pocophone M3,Xiaomi,Pocophone M3,4.2,546,172.0
B08BTPLTLY,Realme 6,Realme,6,4.1,542,
B09J2PY657,Umidigi RP05,Umidigi,RP05,3.7,536,149.99
B0889WPW8P,Samsung Galaxy A51,Samsung,Galaxy A51,4.4,528,
B08JKZFFK1,Samsung SM-F707 Z Flip 5G,Samsung,SM-F707 Z Flip 5G,4.0,527,448.91
B08ZHL6Q9F,Samsung Galaxy A52,Samsung,Galaxy A52,4.1,526,349.0
B07MLKF3CS,Umidigi A3 PRO,Umidigi,A3 PRO,3.8,526,
B088XZFKJ5,Samsung A20 A205U,Samsung,A20 A205U,4.0,525,109.0
B07VSNQ71Q,Blackview 5500 plus,Blackview,5500 plus,3.6,518,
B09MRVFVF9,Blackview A80Plus,Blackview,A80Plus,3.9,515,109.99
B096FP8WG3,Xiaomi Redmi Note 8 2021,Xiaomi,Redmi Note 8 2021,4.5,514,
B0C13VQZR7,Ulefone Note 14 Phone,Ulefone,Note 14 Phone,3.8,511,99.99
B07BN8S926,None Sudroid Super Mini 2.5 Inches Android Quad Core 1G+8G 5. High Definition Mini Phones,Unknown,Sudroid Super Mini 2.5 Inches Android Quad Core 1G+8G 5. High Definition Mini Phones,3.5,511,59.99
B08WC94F62,Samsung Galaxy M51,Samsung,Galaxy M51,4.3,509,
B0BZZWDX5V,Samsung A51,Samsung,A51,4.1,506,118.35
B077WLQWX7,ZTE Axon M,ZTE,Axon M,4.0,506,
B096YJS2HZ,Samsung S21+ Plus,Samsung,S21+ Plus,4.2,504,328.92
B09QRNX6K2,Xiaomi Mi 11T 5g,Xiaomi,Mi 11T 5g,4.5,503,385.0
B0BK9HRWZ2,Cubot X19,Cubot,X19,3.7,500,69.99
B099H9H1HN,Samsung Galaxy A72,Samsung,Galaxy A72,4.4,499,
B07Z48VH98,Motorola One Action with Alexa Push-to-Talk,Motorola,One Action with Alexa Push-to-Talk,4.2,494,
B07TK4DVSH,None Advance 5.2,Unknown,Advance 5.2,4.0,491,
B09KDNT2P4,Samsung S20 FE,Samsung,S20 FE,4.2,486,189.99
B083589DF5,LG G7 Fit 6.1,LG,G7 Fit 6.1,4.0,475,
B07TTDZR98,None PVG100,Unknown,PVG100,3.9,473,
B08NK4FHRW,OnePlus 8T+ 5G,OnePlus,8T+ 5G,4.3,471,
B088GQ7Y69,Xiaomi Poco F2 Pro,Xiaomi,Poco F2 Pro,4.4,469,
B07RG7RGJY,ZTE Blade Z Max,ZTE,Blade Z Max,4.2,466,
B0748Z1VJ3,ZTE Blade Spark,ZTE,Blade Spark,4.2,466,109.99
B0887YBVX2,Xiaomi Note 10,Xiaomi,Note 10,4.3,461,
B0BFB46N2G,Umidigi C1,Umidigi,C1,3.5,461,86.99
B08GMBCM5V,Motorola Moto G9 Play,Motorola,Moto G9 Play,4.3,460,
B08D3ZKKPC,OnePlus 7 PRO 5G + RAM GM1925,OnePlus,7 PRO 5G + RAM GM1925,4.5,455,
B096T6PF3G,Samsung S21 Ultra,Samsung,S21 Ultra,4.3,452,460.0
B0B2R8H7JM,Umidigi A13 Pro,Umidigi,A13 Pro,3.7,451,169.99
B073X359Q3,Sony Xperia XA1 Ultra,Sony,Xperia XA1 Ultra,4.1,439,
B07CH4SWTF,Vivo V9 Youth,Vivo,V9 Youth,4.2,437,
B07WF9K475,Motorola One Action,Motorola,One Action,4.3,432,224.99
B0B5FHVMCJ,Samsung Galaxy S22 Ultra 5G,Samsung,Galaxy S22 Ultra 5G,4.1,431,639.0
B081193R59,Samsung A20s,Samsung,A20s,4.4,430,
B07XHJ821V,OnePlus 7T Dual-SIM RAM,OnePlus,7T Dual-SIM RAM,4.6,428,
B0936DGPJ1,Ulefone None,Ulefone,,3.8,428,129.99
B09VB698H9,Xiaomi Redmi Note 11 Pro,Xiaomi,Redmi Note 11 Pro,4.5,417,260.0
B095SJG9TY,Blackview BV4900 Rugged,Blackview,BV4900 Rugged,3.9,416,129.99
B0799ZMY6D,Google Pixel 2 XL,Google,Pixel 2 XL,4.1,414,124.0
B09X5QKT1C,Samsung SM-G780G DS,Samsung,SM-G780G DS,4.1,409,319.0
B0BY5V81ST,Apple iPhone 14,Apple,iPhone 14,4.4,407,682.0
B09KMG6YL7,Apple iPhone SE,Apple,iPhone SE,3.5,407,
B07DT7LBSK,CAT CS61SBBNAMUN,CAT,CS61SBBNAMUN,4.0,406,453.7
B07XVNX6FM,Motorola Moto E6 Plus,Motorola,Moto E6 Plus,4.2,405,
B08X19YBW4,Samsung SM-A022M,Samsung,SM-A022M,4.1,403,121.01
B07PW1SGS4,Sony Xperia 1,Sony,Xperia 1,4.5,398,
B07NDL1D58,Huawei Y7 2019,Huawei,Y7 2019,4.3,397,
B08Y62HJ79,Xiaomi Redmi Note 10,Xiaomi,Redmi Note 10,4.2,397,
B07QFFGQ52,Motorola Moto X4,Motorola,Moto X4,4.3,396,349.99
B0BMWTL2S6,Samsung Galaxy S22 Ultra,Samsung,Galaxy S22 Ultra,4.6,390,759.99
B07TRPH8SD,Xiaomi Mi 9T,Xiaomi,Mi 9T,4.6,390,
B01NAZYV40,None Life One X2 Mini,Unknown,Life One X2 Mini,3.8,389,
B0BHNHQGD7,Samsung S20 FE,Samsung,S20 FE,4.3,386,281.04
B09NKJL137,Umidigi MP02,Umidigi,MP02,3.9,383,79.99
B07S1XVYKC,Sony Xperia 10,Sony,Xperia 10,4.0,382,
B09BJ67S45,None Shark 4,Unknown,Shark 4,4.4,381,
B09RZMLNV6,None Shark 4 Pro,Unknown,Shark 4 Pro,4.4,381,
B0725S47VQ,Samsung Galaxy J7 Sky Pro,Samsung,Galaxy J7 Sky Pro,4.3,381,
B09L4QQCN2,None Shark 4,Unknown,Shark 4,4.4,376,
B09BQP1LG8,None Shark 4,Unknown,Shark 4,4.4,376,
B08GL5CWNS,OnePlus 7T Pro 5G,OnePlus,7T Pro 5G,4.3,376,399.99
B082XXNF36,Vivo V0470LL,Vivo,V0470LL,4.2,376,
B09WYN3TK7,Blackview Blakcview A55,Blackview,Blakcview A55,3.9,364,99.99
B07PK19RBL,Blackview BV5500,Blackview,BV5500,3.8,364,
B08JLVJ736,Ulefone Armor X8,Ulefone,Armor X8,4.1,362,
B08NQ5BN41,ZTE Blade A3 2020,ZTE,Blade A3 2020,4.0,362,84.99
B0B529LWQ3,Samsung Galaxy S22 Ultra 5G,Samsung,Galaxy S22 Ultra 5G,4.3,359,710.0
B074JNVVPC,None Advance 5 Pro,Unknown,Advance 5 Pro,4.0,358,
B08J5NQ2BV,LG G8 ThinQ 6.1 LM-G820UMA,LG,G8 ThinQ 6.1 LM-G820UMA,4.5,353,232.97
B08HRHB622,None WP8 Pro,Unknown,WP8 Pro,3.7,350,
B07FWNFT8L,Vivo V0311WW,Vivo,V0311WW,4.1,349,
B0B92TRRQ2,None Reno Pro,Unknown,Reno Pro,3.2,349,40.99
B08C27KCTC,OnePlus 7T,OnePlus,7T,4.4,348,
B0BM926VSB,Ulefone Armor X6 Pro,Ulefone,Armor X6 Pro,3.7,348,125.99
B09J6WKFL6,Google Pixel 6 Pro,Google,Pixel 6 Pro,4.2,345,570.06
B06Y3NY4SG,None Studio Selfie 3,Unknown,Studio Selfie 3,4.0,345,
B07X5SHN81,Xiaomi Mi 9T Pro,Xiaomi,Mi 9T Pro,4.5,342,
B08LDFFKQD,Samsung Galaxy Z Fold 2,Samsung,Galaxy Z Fold 2,4.3,339,699.99
B0BGG1ZKSP,None 7S Pro Transparent,Unknown,7S Pro Transparent,4.2,335,849.0
B0BHHJP8QX,Blackview BV5200,Blackview,BV5200,4.2,330,149.99
B01MTOCCJS,CAT S60,CAT,S60,3.5,329,
B0748NBWDP,None TANK XTREME PRO,Unknown,TANK XTREME PRO,3.8,328,109.99
B0BC3GSJJG,None WP15,Unknown,WP15,3.8,326,349.99
B07ZH8T967,OnePlus 7T Pro,OnePlus,7T Pro,4.7,323,
B09SGN4BZ3,OnePlus 10 Pro 5G,OnePlus,10 Pro 5G,4.3,323,598.0
B07V36TXWT,Umidigi F1 Play,Umidigi,F1 Play,4.2,321,
B08PJZS28K,Cubot None,Cubot,,3.7,320,
B0129TQIAU,None Energy X Plus,Unknown,Energy X Plus,3.9,312,
B07CZFRXP1,Xiaomi Mi Mix 2S,Xiaomi,Mi Mix 2S,4.2,311,
B093CN63GT,Samsung Galaxy S21,Samsung,Galaxy S21,4.4,309,374.99
B07JN7LZ39,Xiaomi Mi 8 Lite,Xiaomi,Mi 8 Lite,4.5,307,
B089DNCTF5,Xiaomi Mi Note 10 Lite,Xiaomi,Mi Note 10 Lite,4.4,307,199.99
B09NPL4XM2,Samsung Galaxy Z Flip,Samsung,Galaxy Z Flip,4.2,306,940.0
B01N2W82N6,Vivo 5 Mini,Vivo,5 Mini,3.6,306,
B09C6N8P6Y,Samsung Galaxy A52 5G,Samsung,Galaxy A52 5G,4.2,303,178.5
B0BJSCM58P,None WP16,Unknown,WP16,3.8,301,249.99
B07RB78W37,Motorola Moto Z4,Motorola,Moto Z4,4.0,298,169.0
B0BFFNR4JX,Realme xt,Realme,xt,4.4,296,249.99
B07KB3X33X,None NUU Mobile G3 + RAM,Unknown,NUU Mobile G3 + RAM,3.6,293,
B07GDR6NJ8,Blackview MK7000PRO,Blackview,MK7000PRO,4.0,292,
B07Z8BL2VW,Xiaomi Redmi 8A,Xiaomi,Redmi 8A,4.6,291,
B0BZ1P8CXC,Apple IPhone 12 Mini,Apple,IPhone 12 Mini,4.3,291,429.18
B089WJB3SD,Samsung A50,Samsung,A50,4.0,291,115.0
B08K3D8FB4,None C21,Unknown,C21,4.2,288,87.99
B08B4P16L3,Sony Xperia 1 II,Sony,Xperia 1 II,4.4,285,
B0858X8LVQ,Ulefone Note 7,Ulefone,Note 7,3.2,285,
B09MDBYWF7,Motorola Moto G51,Motorola,Moto G51,4.3,284,
B088KS6N6K,Huawei P30 Pro New Edition,Huawei,P30 Pro New Edition,4.7,282,
B093J8GHKJ,Xiaomi Mi 11 lite,Xiaomi,Mi 11 lite,4.1,281,299.99
B08NM2XJBR,Samsung Galaxy A01,Samsung,Galaxy A01,3.9,277,80.0
B0C3M14GGN,Samsung A13 LTE,Samsung,A13 LTE,4.2,276,199.99
B088C3GQN7,Samsung Galaxy A31,Samsung,Galaxy A31,4.3,274,
B094VQBZNF,None OUKITEL WP10,Unknown,OUKITEL WP10,3.7,274,
B0B324T7SF,Xiaomi 2201123G,Xiaomi,2201123G,4.3,272,500.0
B08H5SZKC9,Moto REVVLRY,Moto,REVVLRY,4.1,271,99.99
B09LDCKXYK,Xiaomi Redmi Note 10 Pro,Xiaomi,Redmi Note 10 Pro,4.4,270,217.99
B09LNCYG66,None REVVL V+ 5G,Unknown,REVVL V+ 5G,3.9,268,94.99
B07L6QY1TJ,Google SG_B07L6QGX7K_US,Google,SG_B07L6QGX7K_US,3.9,263,94.99
B08H5SNLML,Samsung Galaxy S10+ Plus,Samsung,Galaxy S10+ Plus,4.4,262,212.99
B07F6TKY1D,Motorola Virgin Mobile Moto e5 Play 5.2 HD Touchscreen,Motorola,Virgin Mobile Moto e5 Play 5.2 HD Touchscreen,4.2,260,87.99
B0BQ3GG499,Ulefone Note 6,Ulefone,Note 6,3.3,259,76.99
B07Q88NYCW,Xiaomi MZB7544EU,Xiaomi,MZB7544EU,4.3,258,
B088MMXN3X,Samsung Galaxy S20,Samsung,Galaxy S20,4.2,256,259.09
B08KSJLN31,Samsung Galaxy A70,Samsung,Galaxy A70,4.1,256,
B09JFSMFB5,Apple iPhone 12 Pro Max,Apple,iPhone 12 Pro Max,4.6,255,710.0
B077Y2HK5Y,LG Rebel 3,LG,Rebel 3,4.0,252,
B0899WW4VK,Cubot King KONG,Cubot,King KONG,3.5,252,
B07QCCW5KB,Xiaomi Redmi 7,Xiaomi,Redmi 7,4.6,249,
B07K5MKHFD,Asus ZS600KL-S845-8G128G,Asus,ZS600KL-S845-8G128G,4.1,245,
B015XIHS62,None Energy X,Unknown,Energy X,4.0,245,
B0922RJWR7,Umidigi A9,Umidigi,A9,3.6,244,99.99
B08DXKVYQK,Samsung Galaxy A11,Samsung,Galaxy A11,3.9,242,129.99
B08K3PCY5Z,LG K51 2020,LG,K51 2020,4.1,241,84.99
B08HRHDMXS,None WP8 Pro,Unknown,WP8 Pro,3.4,241,
B08HRTFP6M,None WP8 Pro,Unknown,WP8 Pro,3.4,241,
B08PPSRLQ5,Samsung A51,Samsung,A51,4.3,239,219.99
B07XZYP7JQ,Vivo XI,Vivo,XI,4.1,236,139.99
B0933LMSVG,Samsung NOTE 20 5G,Samsung,NOTE 20 5G,4.2,234,279.99
B0BRCTXDM1,Ulefone Power Armor 13128G,Ulefone,Power Armor 13128G,4.0,234,299.99
B09GYRH8CB,Motorola G100,Motorola,G100,4.3,233,
B07XY8YFQQ,OnePlus Nord N10 5G,OnePlus,Nord N10 5G,4.0,231,249.0
B07ZGZ45QD,Ulefone Armor X5,Ulefone,Armor X5,4.0,230,
B0B2F4LMS2,Google Pixel 5A,Google,Pixel 5A,4.2,229,209.0
B0BPP8QTTR,Ulefone Armor X10,Ulefone,Armor X10,3.8,229,149.99
B08NF29GL7,None Mate10,Unknown,Mate10,3.4,227,
B0BY5V82W4,Apple iPhone 14 Plus,Apple,iPhone 14 Plus,4.5,225,909.89
B0BVPG2VLS,Doogee X97,Doogee,X97,4.3,224,84.99
B08PFGPGRM,None WP8 pro,Unknown,WP8 pro,3.4,222,99.99
B07RB4ZH83,Cubot Quest,Cubot,Quest,3.7,221,
B07RBVN1NH,Cubot Quest,Cubot,Quest,3.7,221,
B09LJ4C1S5,Xiaomi Note 10 pro,Xiaomi,Note 10 pro,4.3,220,269.77
B08FTM34P5,Samsung Note 20,Samsung,Note 20,4.0,219,589.99
B085F3VMT8,Samsung S20 Plus,Samsung,S20 Plus,4.3,218,430.49
B08QZFHPHK,Cubot 69241367,Cubot,69241367,3.6,218,
B08QZDPPTY,Cubot 69241367,Cubot,69241367,3.6,218,
B0BS6T2Q3P,Umidigi G1 MAX,Umidigi,G1 MAX,4.1,217,118.99
B08Z79BLCJ,None Hilitand 5.45 inch,Unknown,Hilitand 5.45 inch,2.8,216,79.95
B07BBRCH91,Honor View10,Honor,View10,4.2,212,360.19
B07P1331FM,LG Stylo 4,LG,Stylo 4,4.0,212,
B089F56BZV,Samsung S20,Samsung,S20,4.7,208,
B0BQQRVXVS,Doogee S41P,Doogee,S41P,4.1,208,
B08126B44P,Apple iPhone 11,Apple,iPhone 11,4.6,206,
B0BTDQTQGN,Samsung note 10 plus,Samsung,note 10 plus,4.3,205,429.99
B07XWVPRWZ,Motorola Moto G7 Play,Motorola,Moto G7 Play,4.1,204,94.99
B07MBWWM25,LG Xpression Plus,LG,Xpression Plus,4.1,204,
B0B6RXWYKB,Motorola G10,Motorola,G10,4.4,203,160.0
B07N9M9FX4,Motorola Moto G7,Motorola,Moto G7,4.1,203,
B072ZS6JD2,Motorola Moto E4 PLUS,Motorola,Moto E4 PLUS,4.2,199,
B0BJL7CF4S,Samsung Galaxy A03s,Samsung,Galaxy A03s,4.2,199,169.99
B08P7JG1Q5,Cubot X30,Cubot,X30,3.7,198,
B08P7JFNH2,Cubot X30,Cubot,X30,3.7,198,
B09DRKKGGV,Samsung S10 Plus,Samsung,S10 Plus,4.3,194,205.75
B079B2K621,Google Pixel 2 XL,Google,Pixel 2 XL,4.2,194,
B0BL2GVG1P,Samsung S10,Samsung,S10,4.2,194,309.99
B09NX6CSPP,Motorola XT2113-2,Motorola,XT2113-2,4.0,193,169.99
B08JXQ43BY,Motorola Turbo 2,Motorola,Turbo 2,3.7,193,
B07T9V4M9Q,OnePlus 7 GM1900,OnePlus,7 GM1900,4.6,192,
B09PGR6L9J,Samsung A32 5G,Samsung,A32 5G,4.3,192,349.99
B00SZEFDGY,None Studio X,Unknown,Studio X,4.1,192,
B00W85Y3XU,None D770L,Unknown,D770L,4.1,192,
B07ZRH89R2,Motorola Macro,Motorola,Macro,4.1,189,
B09X62J2S7,Samsung Galaxy A13,Samsung,Galaxy A13,4.0,189,158.0
B07PHC7VVN,LG Stylo 4,LG,Stylo 4,4.0,188,134.99
B085PZQPFX,OnePlus 7 Pro GM1915 GSM,OnePlus,7 Pro GM1915 GSM,4.4,186,
B09BG38XJP,Google Pixel 2 XL,Google,Pixel 2 XL,4.3,185,299.97
B01GINVN1W,Motorola XT1625,Motorola,XT1625,4.2,185,
B095C4NHH7,Umidigi A11,Umidigi,A11,3.7,185,149.99
B0B5NZBSL7,Umidigi F3S,Umidigi,F3S,3.6,185,189.99
B07ZHLZ9MX,Alcatel 3V,Alcatel,3V,3.5,185,
B09KMWC9NH,None NX666J,Unknown,NX666J,4.1,184,368.8
B0845NS12S,None Advance L5,Unknown,Advance L5,3.2,184,49.0
B098MX8GKR,Samsung a22 5g,Samsung,a22 5g,4.1,183,229.0
B00CQ98C1C,Huawei Ascend G510 Dual Core 4.5 IPS Android,Huawei,Ascend G510 Dual Core 4.5 IPS Android,4.2,182,
B097BJLZW4,None NX666J-S,Unknown,NX666J-S,4.1,182,
B09352C4XY,Samsung S20 Ultra 5G,Samsung,S20 Ultra 5G,4.4,180,333.8
B071FBVPD4,Samsung Galaxy J3 Sky,Samsung,Galaxy J3 Sky,4.2,179,
B084HN8V35,Google Pixel 4,Google,Pixel 4,4.4,177,143.08
B08BGCQZWW,Realme 6 Pro + RMX2063 6.6 4G LTE Octa-core Snapdragon 720G,Realme,6 Pro + RMX2063 6.6 4G LTE Octa-core Snapdragon 720G,4.7,176,
B075R79C81,Sony Xperia XZ1,Sony,Xperia XZ1,3.8,176,
B07QP7WZ1T,Motorola Moto G7 Power,Motorola,Moto G7 Power,4.3,175,
B09X64TGQS,Samsung Galaxy A13,Samsung,Galaxy A13,4.0,175,164.99
B08V8L67N2,Samsung Galaxy S21 Ultra,Samsung,Galaxy S21 Ultra,4.0,175,713.78
B0BG8SR1N7,OnePlus OP9Pro,OnePlus,OP9Pro,4.0,174,387.82
B0B4V8V68T,Samsung Galaxy S22 5G,Samsung,Galaxy S22 5G,4.2,172,459.0
B085VDSDPL,Ulefone None,Ulefone,,3.6,172,
B0BM476D3B,Doogee S51,Doogee,S51,4.2,171,159.99
B08SVW3VFT,Doogee S96 Pro,Doogee,S96 Pro,3.9,171,
B07MFT4YQJ,Cubot 656,Cubot,656,3.5,171,
B0BRZD28C9,None BLU View 2,Unknown,BLU View 2,4.1,170,29.99
B08PD9SK7K,None GT20,Unknown,GT20,3.7,170,
B0BPCD2B6M,None OUKITEL WP17 Rugged,Unknown,OUKITEL WP17 Rugged,3.8,165,299.99
B07B4WSQRN,Cubot King Kong,Cubot,King Kong,3.4,165,
B08SNWG45W,Motorola G9 POWER,Motorola,G9 POWER,4.2,163,
B0B5KZLFLZ,Doogee S98 PRO,Doogee,S98 PRO,3.9,163,529.99
B08NCFGTJ7,Samsung Note 10,Samsung,Note 10,4.1,162,289.94
B089WBCZRD,Xiaomi Redmi 9,Xiaomi,Redmi 9,4.4,161,
B08R6MQ7BQ,OnePlus 8 5G RAM + IN2017,OnePlus,8 5G RAM + IN2017,4.3,161,
B0BY62TGRN,Apple IPhone14 Pro Max,Apple,IPhone14 Pro Max,4.0,158,1289.99
B08G5CJJJX,Samsung Galaxy S10+ Plus,Samsung,Galaxy S10+ Plus,4.4,157,379.97
B07HMJJH3G,Motorola Moto E5 Play,Motorola,Moto E5 Play,4.0,157,79.0
B08SMGQK9C,Xiaomi Redmi Note 9T,Xiaomi,Redmi Note 9T,4.4,156,
B0C3C33WWT,Doogee X97PRO,Doogee,X97PRO,4.1,156,99.99
B0B1F2MS7Z,Xiaomi Shark 5,Xiaomi,Shark 5,4.2,155,
B07Y6PQV3H,Google Pixel,Google,Pixel,4.2,155,124.0
B0BMLM7F1C,Ulefone Armor 14 battery,Ulefone,Armor 14 battery,4.0,154,219.99
B00BWY9TV4,Vivo D910a,Vivo,D910a,3.4,154,
B00CUQDUPO,Vivo D910a,Vivo,D910a,3.4,154,
B0B2VHC49V,Poco f4 GT,Poco,f4 GT,4.4,152,399.99
B09JF5ZHQS,Apple iPhone 12 Pro,Apple,iPhone 12 Pro,4.3,152,646.0
B08QBRH9GP,Samsung Galaxy A51,Samsung,Galaxy A51,3.9,152,189.99
B00F2COJSK,None AXCELLE L3-NOTE Cortex-A5 1.0Ghz Processor Phone,Unknown,AXCELLE L3-NOTE Cortex-A5 1.0Ghz Processor Phone,3.6,152,
B09J144G45,Google WP15,Google,WP15,3.5,151,348.99
B08WJNTGR6,Apple IPhone SE,Apple,IPhone SE,4.1,149,
B08WJNNXSM,Apple IPhone SE,Apple,IPhone SE,4.1,149,
B0C58RJVL3,Umidigi C1 MAX,Umidigi,C1 MAX,3.8,149,139.99
B085F3QSPQ,Samsung S20,Samsung,S20,4.2,148,799.99
B07ZPJ799D,Motorola XT2015-2,Motorola,XT2015-2,4.1,148,
B09XP8R1GQ,Samsung Galaxy A53 5G,Samsung,Galaxy A53 5G,4.0,148,231.0
B083BTWR54,Ulefone Note 7,Ulefone,Note 7,3.2,148,
B07Y2HSBLM,OnePlus 7 Pro GSM GM1915 + Nebula,OnePlus,7 Pro GSM GM1915 + Nebula,4.2,147,278.85
B085F3KYDP,Samsung S20,Samsung,S20,4.5,146,
B008RJDQPW,None FBA_P9070,Unknown,FBA_P9070,3.8,146,
B08KSRLTQZ,None OUKITEL C21,Unknown,OUKITEL C21,3.9,145,
B07NGKH8CX,Honor View 20,Honor,View 20,4.5,144,
B09CLMQJ4T,Moto G Play,Moto,G Play,4.1,144,99.99
B0B1J3LHPN,Xiaomi Shark 5,Xiaomi,Shark 5,4.3,142,
B015SHFQ26,None Victory 3,Unknown,Victory 3,3.4,142,
B09SJ71FN2,Motorola Moto G Power,Motorola,Moto G Power,4.2,141,119.99
B00FJ9F50C,None JR D140,Unknown,JR D140,3.8,141,
B08BFMH5GZ,Apple IPhone XS Max,Apple,IPhone XS Max,4.4,140,411.0
B08ZHMBM1Z,Cubot C-KK5ProUS,Cubot,C-KK5ProUS,3.6,140,
B08PKJK6XP,Blackview A80,Blackview,A80,3.6,140,
B09598JR5G,Samsung Galaxy A51,Samsung,Galaxy A51,3.6,140,144.0
B09SCV36QS,None Mini,Unknown,Mini,3.3,140,59.69
B092GMLVPQ,Motorola Moto G,Motorola,Moto G,4.2,138,179.0
B08PMLLQ6P,Samsung SM-A716U,Samsung,SM-A716U,3.6,138,299.99
B092CMB89P,Samsung Galaxy S21 5G,Samsung,Galaxy S21 5G,4.1,137,499.99
B07FMZ9CMZ,Motorola E5 Plus,Motorola,E5 Plus,4.0,137,
B0B4VCQ7MB,Samsung Galaxy S22,Samsung,Galaxy S22,4.4,136,493.0
B07QFBPHFF,Xiaomi MZB7544EU,Xiaomi,MZB7544EU,4.4,133,
B08BCVJZXT,Samsung SM-A015M DS,Samsung,SM-A015M DS,4.1,133,
B07VPTHTKF,Umidigi A5 Pro,Umidigi,A5 Pro,3.7,133,
B074Y1JJMH,None Studio Mega,Unknown,Studio Mega,3.5,133,
B077Y2YPDJ,LG Fiesta 2,LG,Fiesta 2,4.1,132,
B097BYW2NK,OnePlus Nord N10 5G,OnePlus,Nord N10 5G,4.0,132,
B0C171QJLF,Ulefone Note 14 Phone,Ulefone,Note 14 Phone,3.8,131,99.99
B09PCD7MDH,None BLU G51 Plus,Unknown,BLU G51 Plus,4.1,129,85.95
B095XNW1WS,OnePlus 8,OnePlus,8,4.4,128,178.97
B08X6Q3254,Samsung Galaxy S21,Samsung,Galaxy S21,4.1,128,594.99
B0BY5V8P24,Apple IPhone 14 Pro,Apple,IPhone 14 Pro,4.4,127,1099.66
B08C5K14K3,Xiaomi Redmi Note 9 Pro,Xiaomi,Redmi Note 9 Pro,4.3,126,304.99
B0BTNTQFH7,Ulefone Armor 12 5G Rugged,Ulefone,Armor 12 5G Rugged,4.0,126,369.99
B07FPQ7XCQ,LG Rebel 3,LG,Rebel 3,3.9,126,49.99
B08KYKX7Y4,Samsung S20 FE,Samsung,S20 FE,4.0,125,389.99
B09CLQJK4L,None View 3,Unknown,View 3,3.8,124,59.0
B09375CHKN,Umidigi BISON,Umidigi,BISON,3.7,124,
B07R43YSJS,Xiaomi Mi 9,Xiaomi,Mi 9,4.4,123,
B09JFP3R1D,Apple iPhone 12 Pro,Apple,iPhone 12 Pro,4.2,123,615.0
B085FTGFYH,None OUKITEL C12 Global 3G,Unknown,OUKITEL C12 Global 3G,3.6,123,
B0002W2H2K,Motorola V710,Motorola,V710,3.2,121,
B00OSLAA52,None D470U,Unknown,D470U,3.7,120,
B07FQ7K1F3,Umidigi A1 Pro,Umidigi,A1 Pro,3.5,120,
B07FQ1LMJD,Umidigi A1 Pro,Umidigi,A1 Pro,3.5,120,
B09MW6DZ4W,None XS-11,Unknown,XS-11,3.2,120,56.99
B0BJQW1VRM,Xiaomi 12T,Xiaomi,12T,4.5,119,499.0
B081KWXK3C,Sony Xperia 5,Sony,Xperia 5,4.5,119,
B08G6GYMVD,Samsung Galaxy,Samsung,Galaxy,4.4,119,199.99
B09CZ8R2JK,Samsung Galaxy A12,Samsung,Galaxy A12,4.3,119,126.95
B08JPBCVBL,Cubot C30,Cubot,C30,3.8,117,
B001N7NQ9G,None Palm650,Unknown,Palm650,3.8,116,
B00E5L4UFQ,Samsung Note 8,Samsung,Note 8,3.4,115,69.99
B0C4L3PXHB,Ulefone Armor 16 Pro Rugged Smartphones,Ulefone,Armor 16 Pro Rugged Smartphones,4.2,114,189.99
B072N385Y2,OnePlus 3T,OnePlus,3T,4.1,114,199.0
B089H2JVRW,Samsung Galaxy Z Flip,Samsung,Galaxy Z Flip,4.1,114,
B0917TQTFN,Samsung S20 Plus,Samsung,S20 Plus,4.4,113,239.9
B0BLZ7H5G5,None WP18 pro call phone,Unknown,WP18 pro call phone,4.1,113,173.99
B07X5H3NJT,None K7 Pro,Unknown,K7 Pro,3.8,113,
B0B69FMY1H,Samsung Galaxy S22 Ultra 5G,Samsung,Galaxy S22 Ultra 5G,4.3,112,760.0
B09FJ34TSR,Motorola One 5G Ace,Motorola,One 5G Ace,3.7,112,113.0
B072KL3D3K,Kyocera DuraFORCE Pro,Kyocera,DuraFORCE Pro,3.4,112,29.95
B079K21CHH,Google Pixel XL,Google,Pixel XL,4.2,111,
B0921RQJKJ,Motorola MOTO E6i,Motorola,MOTO E6i,4.2,111,
B09TBCVLQB,Motorola Moto G31,Motorola,Moto G31,4.0,111,124.99
B0721TQ8VD,None Advance A5 Plus,Unknown,Advance A5 Plus,4.2,110,
B077Y4KM2B,LG Rebel 3,LG,Rebel 3,4.1,109,
B07L3NWL5X,Umidigi One Max,Umidigi,One Max,4.0,109,
B0BQYFJ9VM,Doogee S61,Doogee,S61,3.9,109,379.99
B081VWTM76,LG Stylo 4,LG,Stylo 4,3.7,109,104.99
B08SVPS87W,Doogee S59 Pro,Doogee,S59 Pro,3.6,109,
B00932QJ7E,Google U920,Google,U920,3.1,109,
B08NK5PVB5,OnePlus 8T+ 5G,OnePlus,8T+ 5G,4.5,108,262.0
B09Q6J3RYV,Samsung S20 FE 5G,Samsung,S20 FE 5G,3.9,108,210.0
B08CZC2P97,None Ytwtech Mini,Unknown,Ytwtech Mini,3.5,108,
B08BF4NMK7,Apple iPhone XS Max,Apple,iPhone XS Max,4.6,107,
B099NZRSND,Motorola One 5G UW,Motorola,One 5G UW,4.0,107,124.99
B0BG8G11GH,None IP12 PRO,Unknown,IP12 PRO,2.6,106,67.48
B09BDDXG5B,Samsung A22,Samsung,A22,4.5,105,132.29
B09Q1NDYPN,Samsung s20 5G,Samsung,s20 5G,3.7,105,488.0
B06ZYK24SV,None SP5014RD,Unknown,SP5014RD,3.2,105,
B0BRSSPBKQ,None WP21,Unknown,WP21,3.8,104,439.99
B07W8SQJKK,Honor 8S,Honor,8S,4.3,103,
B09Z8P34NM,Samsung A13 LTE,Samsung,A13 LTE,4.1,103,121.49
B09DKQ9V9J,Ulefone Armor 12,Ulefone,Armor 12,3.8,103,
B08GQRMP29,Cubot NOTE 7,Cubot,NOTE 7,3.3,103,
B0B5N7XXW9,None XGODY X60,Unknown,XGODY X60,3.3,103,
B00D64S0YU,None Life Play,Unknown,Life Play,3.7,102,
B094J6DMMS,None NX669J-Pro,Unknown,NX669J-Pro,4.1,101,
B084GYBF4Y,Apple iPhone 7,Apple,iPhone 7,4.0,101,
B0B7FJPNV2,Motorola XT2071-3,Motorola,XT2071-3,3.9,101,
B09DFK29P7,None Rino4 Pro,Unknown,Rino4 Pro,2.5,101,
B09JFC967X,Apple iPhone 12 Pro,Apple,iPhone 12 Pro,3.9,100,619.99
B09B5BV56G,Xiaomi M3 PRO,Xiaomi,M3 PRO,4.5,99,224.0
B07RYBGNDQ,OnePlus 6T,OnePlus,6T,4.0,99,
B0B2XVM74H,Samsung S22,Samsung,S22,3.8,99,337.88
B01N5CK7KQ,None SP5034GY,Unknown,SP5034GY,3.6,99,
B09X6ZQ724,Samsung A42 5G,Samsung,A42 5G,4.4,98,333.99
B088X48S7L,Samsung Galaxy A20,Samsung,Galaxy A20,4.3,98,104.89
B07JGP72Q4,Ulefone Armor 3,Ulefone,Armor 3,3.5,98,
B091G27FJZ,Motorola Moto,Motorola,Moto,4.1,97,
B08BW9KH55,Samsung Galaxy Note 9,Samsung,Galaxy Note 9,4.1,97,193.21
B0BMPNZQMG,None B20,Unknown,B20,3.8,97,169.9
B08D8ZQGTV,Blackview SC-US-BV9100-B,Blackview,SC-US-BV9100-B,3.8,97,
B082PLG3QQ,Cubot KINGKONG 5,Cubot,KINGKONG 5,3.6,97,
B08QDT5JKP,Motorola Moto G 5G Plus,Motorola,Moto G 5G Plus,3.9,96,210.0
B00HIRXU9Q,None A310a,Unknown,A310a,4.3,95,
B08X6VDLQL,Samsung Galaxy Note 10,Samsung,Galaxy Note 10,4.4,94,
B00NIEPD2K,None Zoey II,Unknown,Zoey II,4.1,94,
B0BHSHQGNG,Motorola Moto G Power,Motorola,Moto G Power,3.9,93,69.99
B08BF81Y6Z,Apple IPhone XS Max,Apple,IPhone XS Max,4.2,92,
B08NLDT3DD,Realme Realmi 7i,Realme,Realmi 7i,4.5,91,204.0
B08KY7QSZL,LG Stylo 5,LG,Stylo 5,4.4,91,
B08PFLPWMX,Samsung S20 5G,Samsung,S20 5G,4.4,90,
B09BKX9YMG,None KXD 6A,Unknown,KXD 6A,3.1,90,49.99
B08PC849LD,OnePlus 8,OnePlus,8,4.2,89,198.95
B003YDNMOG,None SIDEKICK PV210 2008,Unknown,SIDEKICK PV210 2008,3.9,89,
B08JPH37DY,None Mini,Unknown,Mini,3.3,89,56.99
B07FTM8MRT,Asus ZenFone 3 Max,Asus,ZenFone 3 Max,3.9,87,
B08174K64B,None ROKiT F-One Flip Phone,Unknown,ROKiT F-One Flip Phone,3.0,87,
B09CFZM3HB,Samsung A12,Samsung,A12,4.3,86,164.5
B088NG9M4M,Samsung A71,Samsung,A71,4.2,86,194.0
B09HDP1V7K,Samsung SM-A326BZKUEEB,Samsung,SM-A326BZKUEEB,4.0,86,159.99
B004FK7V0S,None SIDEKICK LX 2009,Unknown,SIDEKICK LX 2009,4.0,86,
B073TPZ48L,ZTE Z971,ZTE,Z971,3.8,86,89.98
B09FQ5B9K1,Samsung Galaxy Fold2,Samsung,Galaxy Fold2,4.3,85,1999.99
B07QDVJRY6,Huawei Honor 8X,Huawei,Honor 8X,4.1,85,
B01N0OQLI4,None Studio MAX,Unknown,Studio MAX,3.8,84,
B01MRVCUXZ,None Studio MAX,Unknown,Studio MAX,3.8,84,
B07WRH3YMG,None Cell Phones Android 9.0 5.5 18 9 HD Screen Face ID Metal Frame GPS Big Battery 3G,Unknown,Cell Phones Android 9.0 5.5 18 9 HD Screen Face ID Metal Frame GPS Big Battery 3G,3.1,84,
B095KVFYCV,Motorola Moto G30,Motorola,Moto G30,4.5,83,
B09M57199M,Motorola G60,Motorola,G60,4.4,83,
B09JFQ9G5Z,Apple iPhone 12 Pro Max,Apple,iPhone 12 Pro Max,4.2,83,825.0
B0BV65P3BG,None XS12,Unknown,XS12,3.5,83,115.99
B0BML9L9FV,None Oukitel wp8 pro,Unknown,Oukitel wp8 pro,3.5,83,99.99
B08B8JSG95,Samsung A51,Samsung,A51,4.1,82,129.99
B08FCFQPNJ,Ulefone Note 8,Ulefone,Note 8,3.7,82,
B0B16QPKF5,Samsung Galaxy S20 FE,Samsung,Galaxy S20 FE,4.3,81,379.25
B07ZDJMY93,OnePlus 7 Pro,OnePlus,7 Pro,4.1,81,
B019HCCEMS,None BLU Life XL,Unknown,BLU Life XL,4.1,80,
B07MJ4L4ZJ,Motorola Moto X4,Motorola,Moto X4,4.1,80,119.99
B07WCCNV2D,Xiaomi note 7,Xiaomi,note 7,4.4,79,
B092SPMKG6,Samsung S21,Samsung,S21,4.3,79,334.94
B097F99TWV,Google Pixel 2 XL,Google,Pixel 2 XL,4.3,79,
B088KT71DW,Xiaomi Redmi Note 9S,Xiaomi,Redmi Note 9S,4.4,78,
B0BR5C62Y9,None OUKITEL WP19,Unknown,OUKITEL WP19,4.3,78,449.99
B09RVCD16S,Samsung Galaxy A12,Samsung,Galaxy A12,4.1,78,249.99
B07P6MXSY1,None Studio View,Unknown,Studio View,4.0,78,
B07SZHP8K8,None BLU G9,Unknown,BLU G9,3.8,78,
B07PHZWSDJ,Huawei P30 Pro,Huawei,P30 Pro,4.4,77,
B09TWPRC9Y,Motorola Edge 30 Pro,Motorola,Edge 30 Pro,4.2,77,574.5
B07WRDZXW8,Google Pixel 3,Google,Pixel 3,4.0,77,109.99
B0B6RW86T1,OnePlus 8,OnePlus,8,4.1,76,
B07WXKWDT2,Motorola XT1952-1,Motorola,XT1952-1,4.1,76,
B09813F5LX,Samsung Galaxy A02s,Samsung,Galaxy A02s,3.7,76,84.0
B07SXB8VKP,None PS Mobile GSM,Unknown,PS Mobile GSM,3.3,76,
B08XJNC8ZT,Samsung Galaxy S21+ 5G,Samsung,Galaxy S21+ 5G,4.2,75,334.0
B07SXBX7QZ,Motorola MOTXT19804,Motorola,MOTXT19804,4.2,75,
B082QSYT9G,None BLU G9 Pro -6.3 Full HD with Triple Main Camera,Unknown,BLU G9 Pro -6.3 Full HD with Triple Main Camera,4.0,75,107.99
B004PSSODS,Motorola Citrus,Motorola,Citrus,3.7,74,
B09XVLK3TS,Xiaomi Mi 11T pro 5g,Xiaomi,Mi 11T pro 5g,4.5,73,428.42
B09SZRGR28,Samsung A51 5G,Samsung,A51 5G,4.3,73,145.53
B00I3YQHFM,None D142,Unknown,D142,3.4,73,
B0BFCL244S,Google Pixel 7 Pro,Google,Pixel 7 Pro,4.8,72,
B09TYDK5CZ,Samsung S22 PLUS 5G,Samsung,S22 PLUS 5G,4.5,72,849.0
B0BZCP8HL4,Samsung Galaxy A54 5G,Samsung,Galaxy A54 5G,4.2,72,399.99
B075QKFP4Q,Asus ZenFone 2,Asus,ZenFone 2,4.1,72,
B00I3YQIUG,None D142,Unknown,D142,3.6,72,
B09X7FM4M7,Samsung Galaxy A53,Samsung,Galaxy A53,4.3,71,219.99
B07YCMGNFW,Motorola Moto E5,Motorola,Moto E5,4.1,71,
B07S9HGB3D,LG Q6,LG,Q6,3.9,71,
B0BHN1YCVH,Doogee s96 GT,Doogee,s96 GT,3.6,71,
B0BL5PDH2L,Google Pixel 7,Google,Pixel 7,3.9,70,429.99
B001I6XLLK,Motorola RAZR V3xx J,Motorola,RAZR V3xx J,3.7,70,79.99
B01MXT5RGN,Lenovo ZA1H0003US,Lenovo,ZA1H0003US,3.5,70,
B0BS3XJTBP,Samsung Galaxy S23 Ultra + 100 Amazon Gift Card Bundle,Samsung,Galaxy S23 Ultra + 100 Amazon Gift Card Bundle,4.9,69,
B0B5FLX9WS,Apple 13 Pro,Apple,13 Pro,4.4,69,857.94
B07KL3MNYV,LG Q7,LG,Q7,4.3,69,
B09XNWYH4B,Samsung Galaxy A23,Samsung,Galaxy A23,4.2,69,211.95
B08FF3XMXR,Samsung S20,Samsung,S20,4.0,69,217.0
B0B38W49KL,None XS11,Unknown,XS11,3.6,68,52.99
B018FGWBQ6,None BA601000001P,Unknown,BA601000001P,3.3,68,
B018IYL34Q,None BA601000001P,Unknown,BA601000001P,3.3,68,
B07T2B1H1Y,Sony Xperia 1 J9110,Sony,Xperia 1 J9110,4.1,67,
B0758Z73T9,LG G Stylo,LG,G Stylo,3.9,67,
B07JML27R9,LG V30 Plus,LG,V30 Plus,3.9,67,
B08MXXC8TX,Doogee N30,Doogee,N30,3.8,67,
B08KVYR2D1,None WP8 Pro,Unknown,WP8 Pro,3.7,67,
B07ZPD6GB9,LG K30,LG,K30,3.8,66,109.99
B08X1F4L8N,Doogee S88 Plus,Doogee,S88 Plus,3.8,66,
B01MUXRV6W,None Neo XL,Unknown,Neo XL,3.6,66,
B0B21CM8LF,Umidigi Power 7,Umidigi,Power 7,3.5,66,
B07V4FNQNQ,Samsung S10,Samsung,S10,4.2,65,
B08VKNTHD1,None G0350WW,Unknown,G0350WW,4.0,65,184.11
B08CZJFV8F,Ulefone Note 9P,Ulefone,Note 9P,3.8,65,
B018LT0SDK,LG L33G,LG,L33G,3.4,65,
B0BXKWGCSW,Samsung Galaxy S23,Samsung,Galaxy S23,4.4,64,759.99
B08HQY3S2X,None WP5,Unknown,WP5,4.1,64,159.99
B08TCJ9J78,OnePlus IN2019,OnePlus,IN2019,3.8,64,178.0
B01N3WMUNL,Motorola MAXX 2,Motorola,MAXX 2,3.6,64,
B01N9CNXT9,Motorola XT1585,Motorola,XT1585,3.6,64,
B09L9T73NZ,Motorola G30,Motorola,G30,4.5,63,229.99
B082FSFY4H,Xiaomi note 8,Xiaomi,note 8,4.3,63,
B0BT9W9WR7,Doogee DG-US-S89,Doogee,DG-US-S89,4.0,63,329.99
B0B8V25DQQ,Samsung Galaxy A03s,Samsung,Galaxy A03s,3.9,63,85.0
B078WZX9LD,Apple iPhone 7,Apple,iPhone 7,3.8,63,
B07RK5JJPT,Motorola Moto G7 Power,Motorola,Moto G7 Power,4.1,62,
B07GBS4G6R,TCL LX 4G LTE Prepaid with Amazon Exclusive 40 Airtime Bundle,TCL,LX 4G LTE Prepaid with Amazon Exclusive 40 Airtime Bundle,3.8,62,
B09YVQ8B7K,Xiaomi Redmi 10A,Xiaomi,Redmi 10A,4.5,61,99.5
B09H5KBSK3,TCL 10 SE,TCL,10 SE,4.2,61,
B09H5KXWCF,TCL 10 SE,TCL,10 SE,4.2,61,
B07T1M19VX,Apple IPhone XR,Apple,IPhone XR,4.1,61,267.33
B001Q3LSVU,LG KP500EUBRW,LG,KP500EUBRW,3.8,61,
B07PW7FWNS,Umidigi A13 PRO 5G,Umidigi,A13 PRO 5G,3.5,61,259.99
B0BYKZ8TPF,Samsung S23 ULTRA,Samsung,S23 ULTRA,4.4,60,914.0
B09LN7D1TR,Motorola Moto G60,Motorola,Moto G60,4.2,60,
B07SCP42WX,Vivo ONE,Vivo,ONE,4.0,60,
B07JKSC6S1,None OUKITEL WP16,Unknown,OUKITEL WP16,3.9,60,
B0C1P1PKJQ,Ulefone Armor X6 Pro 2022 New -B01,Ulefone,Armor X6 Pro 2022 New -B01,3.9,60,125.99
B09BK2V4C4,OnePlus Nord CE 5G all carriers Euro 4G Volte GSM Global Triple Camera NFC,OnePlus,Nord CE 5G all carriers Euro 4G Volte GSM Global Triple Camera NFC,3.7,60,259.0
B09CPWQZXT,Google OUKITELWP13,Google,OUKITELWP13,3.4,60,
B08973KMWG,Samsung Galaxy S20 5G New Android of Storage,Samsung,Galaxy S20 5G New Android of Storage,4.3,59,
B0863GX63W,LG K40 X420,LG,K40 X420,4.1,59,74.0
B099ZFQQ3S,Cubot KingKong 7,Cubot,KingKong 7,3.8,59,
B006ZD3DYG,Motorola W409G,Motorola,W409G,3.8,59,
B09H5LCS6F,TCL 10L Smarphone,TCL,10L Smarphone,4.3,58,
B09WX372XP,Samsung Galaxy M22,Samsung,Galaxy M22,4.1,58,
B094YXGF58,Samsung Galaxy A72,Samsung,Galaxy A72,4.1,58,
B09WWLNGVN,Samsung Galaxy M22,Samsung,Galaxy M22,4.1,58,
B0093HKOK2,Sony 1265-2576,Sony,1265-2576,4.2,57,
B0833H1MB8,Vivo XL5,Vivo,XL5,4.2,57,
B07ZHP9RRD,OnePlus 7T RAM ROM US Model HD1905 6.55 inch AMOLED Display Glacier US,OnePlus,7T RAM ROM US Model HD1905 6.55 inch AMOLED Display Glacier US,4.2,57,
B09GPWHBKX,Samsung Galaxy A72,Samsung,Galaxy A72,3.8,57,
B0B6RV5TTJ,Samsung A22,Samsung,A22,3.8,57,199.99
B07SS5XMYR,Kyocera DuraForce PRO,Kyocera,DuraForce PRO,3.5,57,159.99
B00MWJY972,None Discovery V5+ 3G Dual Card Dual Core Android 4.2.2 Shockproof Dustproof Outdoor Multi Languages Supported,Unknown,Discovery V5+ 3G Dual Card Dual Core Android 4.2.2 Shockproof Dustproof Outdoor Multi Languages Supported,3.5,57,
B0BBMP7RT8,None S22 Ultra,Unknown,S22 Ultra,2.6,57,73.05
B09739LDTM,Samsung Galaxy S20 5G,Samsung,Galaxy S20 5G,4.3,56,280.0
B07H9H9FZ5,ZTE Blade Max View,ZTE,Blade Max View,4.0,56,
B000CS6JOQ,Sony W800,Sony,W800,3.0,56,
B09GBFXQGV,Ulefone Armor X9 Pro Rugged Phone,Ulefone,Armor X9 Pro Rugged Phone,4.0,55,
B09GBDQNTJ,Ulefone Armor X9P-GN,Ulefone,Armor X9P-GN,4.0,55,
B09GL7T8N2,Motorola One 5G Ace 2021,Motorola,One 5G Ace 2021,4.0,55,129.99
B07X35G4DY,Ulefone Armor 11,Ulefone,Armor 11,3.5,55,
B082FRMQXX,Xiaomi note 8,Xiaomi,note 8,4.3,54,
B09CLQGPHK,TCL 4X 5G,TCL,4X 5G,4.1,54,130.12
B0783HC76P,None Grand Max,Unknown,Grand Max,3.9,54,44.99
B000E8FDVY,Motorola RAZR V3,Motorola,RAZR V3,3.8,54,
B0BV2ML5N2,Doogee DG-US-S89PRO,Doogee,DG-US-S89PRO,3.8,54,379.99
B07VYWVVN4,Xiaomi Mi A3,Xiaomi,Mi A3,4.2,53,
B08GH6L5LB,Motorola XT1955 4,Motorola,XT1955 4,4.2,53,
B0BWTWDVM4,Samsung Galaxy S20,Samsung,Galaxy S20,4.1,53,432.91
B08YF79XVT,None Rino4 Pro,Unknown,Rino4 Pro,2.4,53,87.99
B0939T8ZD6,Samsung Z Flip 5G,Samsung,Z Flip 5G,3.9,52,
B084S4W4ZS,None Razer Phone 2,Unknown,Razer Phone 2,3.8,52,
B07GBS4G83,Samsung Orbit,Samsung,Orbit,3.9,51,
B000BYPFN2,Sony Z520a,Sony,Z520a,3.6,51,
B0BG73C6NC,Cubot MAX,Cubot,MAX,3.3,51,69.99
B0BG8FH4XK,None S22+ Ultra,Unknown,S22+ Ultra,2.0,51,146.37
B0BNVP59C2,Ulefone Note 10P,Ulefone,Note 10P,3.3,50,129.99
B06ZZ4LKST,None SP4523BK,Unknown,SP4523BK,3.2,50,
B09KGBNLMQ,Xiaomi 11T Pro,Xiaomi,11T Pro,4.8,49,
B07MNF76BD,OnePlus 5,OnePlus,5,4.5,49,
B08DKV3ZW2,Samsung A21s,Samsung,A21s,4.3,49,
B08FF4MZPG,Motorola Moto G8 power 4 64 DS Bermuda,Motorola,Moto G8 power 4 64 DS Bermuda,4.2,48,
B07XYKK71P,OnePlus N10 5g,OnePlus,N10 5g,4.1,48,299.99
B097MZF398,Motorola G20,Motorola,G20,4.0,48,
B08YS71CLN,Motorola Moto G7 Plus,Motorola,Moto G7 Plus,3.9,48,
B077GCRPNH,Alcatel Idol 4S,Alcatel,Idol 4S,3.6,48,
B06Y662YC3,CAT S60,CAT,S60,3.3,48,
B00D64QJZC,None D570a,Unknown,D570a,3.1,48,
B08LNQ1W63,OnePlus 8T 5G RAM,OnePlus,8T 5G RAM,4.3,47,
B09JFJ1Q5C,Apple iPhone 12 Pro,Apple,iPhone 12 Pro,4.2,47,678.39
B08WCTYSDF,Samsung M515F,Samsung,M515F,4.0,47,
B07J6P6178,Honor 7A,Honor,7A,4.0,47,
B079TG7Q18,None Studio View XL,Unknown,Studio View XL,3.5,47,59.99
B07GP43N7R,Kyocera DuraForce Pro,Kyocera,DuraForce Pro,3.4,47,54.95
B09BR8T8HK,None RCA Reno,Unknown,RCA Reno,3.2,47,49.99
B000X9AJ90,Motorola W370 Prepaid Phone,Motorola,W370 Prepaid Phone,3.2,47,
B0BWQ4HZ3V,Doogee S61PRO,Doogee,S61PRO,4.4,46,239.99
B0BJPMCTZD,Ulefone Armor X11 Pro,Ulefone,Armor X11 Pro,4.1,46,169.99
B08LMP5886,LG Aristo 4 Plus,LG,Aristo 4 Plus,4.1,46,69.0
B097J2VKNB,Google Pixel 3 XL,Google,Pixel 3 XL,4.0,46,189.99
B09NJPNJ59,Samsung Galaxy A52s,Samsung,Galaxy A52s,3.8,46,
B0844S4JVF,None BLU G60,Unknown,BLU G60,3.6,46,99.99
B09FJBVV8B,Google WP9 Pro,Google,WP9 Pro,3.5,46,199.99
B085G711ML,Blackview BV5900,Blackview,BV5900,3.4,46,
B09SGN5D5P,Kyocera Ultra 5G,Kyocera,Ultra 5G,3.2,46,249.0
B07X1WL39V,Asus ROG Phone 2,Asus,ROG Phone 2,4.2,45,
B07QK1J4QZ,Google Pixel 2 XL,Google,Pixel 2 XL,4.2,45,265.0
B09TWWGDCD,Samsung Galaxy A03,Samsung,Galaxy A03,4.0,45,
B093CFHL3S,Samsung S21 Plus 5G,Samsung,S21 Plus 5G,3.9,45,277.19
B08R79M7NV,Blackview BV4900,Blackview,BV4900,3.9,45,
B083JNBK3N,Motorola TFMTXT2005DCPAP13,Motorola,TFMTXT2005DCPAP13,3.8,45,
B0842C7ZVS,Motorola Moto G7 Power,Motorola,Moto G7 Power,3.7,45,104.99
B075XKFMQC,Sony Xperia XZ1,Sony,Xperia XZ1,4.5,44,
B09XP44ZQF,Samsung A23,Samsung,A23,4.3,44,189.45
B0B1KJDM4L,Sony Xperia 10 IV,Sony,Xperia 10 IV,4.1,44,339.99
B09NP4C1MF,Google Pixel 4a 5G,Google,Pixel 4a 5G,3.8,44,144.99
B096RYF67K,None X Power,Unknown,X Power,3.3,44,
B09GVDQ7D7,None KXD 6A,Unknown,KXD 6A,3.0,44,41.99
B0BG9XQ32C,None S21 Ultra,Unknown,S21 Ultra,1.9,44,
B093HG4Y48,Samsung S21 Plus,Samsung,S21 Plus,4.5,43,294.0
B073ZNK8TH,Samsung Galaxy J3 Luna Pro,Samsung,Galaxy J3 Luna Pro,4.2,43,29.99
B09DTZNBPK,Realme RMX3363,Realme,RMX3363,4.2,43,249.5
B0BXWKCZPS,Ulefone Armor 17 Pro,Ulefone,Armor 17 Pro,4.1,43,389.99
B085F3NP61,Samsung Galaxy S20 6.2 SM-G980 RAM,Samsung,Galaxy S20 6.2 SM-G980 RAM,3.9,43,
B07FRZKZBR,Motorola Moto E5 Play,Motorola,Moto E5 Play,3.8,43,
B097TWHJ1G,None BLU J4-5.5 GSM Android,Unknown,BLU J4-5.5 GSM Android,3.8,43,57.99
B08XX3NVXF,None C22,Unknown,C22,3.7,43,98.99
B08J5RJGX7,Samsung Galaxy A01 Core,Samsung,Galaxy A01 Core,3.6,43,94.0
B08XY8KMRY,Samsung GALAXY A02s,Samsung,GALAXY A02s,3.7,42,169.5
B07GKXGGZ1,Blackview A7,Blackview,A7,3.7,42,
B084MJN6Z7,None Note 8,Unknown,Note 8,3.1,42,
B0B1QXHB7L,Samsung Galaxy S21 FE,Samsung,Galaxy S21 FE,4.6,41,294.99
B0874FGXMB,OnePlus 7T Dual-SIM RAM,OnePlus,7T Dual-SIM RAM,4.3,41,229.95
B09TS3SGGZ,Google Pixel 6,Google,Pixel 6,4.3,41,254.11
B08DDHKLVN,Samsung A01,Samsung,A01,4.1,41,
B07M9JCLKQ,OnePlus 2,OnePlus,2,3.7,41,
B082SVJR16,Ulefone Armor 7,Ulefone,Armor 7,3.7,41,
B084WZQVWX,None Studio Mega 2019,Unknown,Studio Mega 2019,3.5,41,
B084DCHX1N,None Studio Mini,Unknown,Studio Mini,3.5,41,
B09WDKJDZ5,None Six A-BK,Unknown,Six A-BK,3.0,41,44.99
B07SGWV4M9,Honor 8X,Honor,8X,4.3,40,
B08S96QTXS,LG G8 ThinQ,LG,G8 ThinQ,4.0,40,
B071RR91SG,LG Stylo 3,LG,Stylo 3,3.8,40,
B082QYD87D,None R2 PLUS 2019,Unknown,R2 PLUS 2019,3.7,40,
B07MBJJHK6,LG G6 H871 GSM,LG,G6 H871 GSM,3.6,40,
B099Z5Y5PZ,Cubot KingKong 5,Cubot,KingKong 5,3.6,40,
B08P37VNP6,Blackview BV4900 Pro,Blackview,BV4900 Pro,3.6,40,
B08K1DNVSW,Kyocera DuraForce Pro 2,Kyocera,DuraForce Pro 2,3.5,40,399.99
B0C8J1FFHC,Ulefone Note 6T,Ulefone,Note 6T,3.4,40,69.99
B0BRTYD5J2,None G22,Unknown,G22,1.6,40,169.99
B08M5RFKWK,Apple iPhone 11,Apple,iPhone 11,4.3,39,309.0
B07QN82HRY,Motorola One XT1941-3 32B GSM Dual-SIM Phone w Dual 13+2 Megapixel Camera,Motorola,One XT1941-3 32B GSM Dual-SIM Phone w Dual 13+2 Megapixel Camera,4.1,39,
B07L7C9WJS,Honor 51092ASK-cr,Honor,51092ASK-cr,4.0,39,
B07M6MCDNX,Huawei Mate 10 Pro,Huawei,Mate 10 Pro,4.0,39,
B08LXKCCGL,Samsung SM-A215U,Samsung,SM-A215U,3.7,39,102.0
B000A2REVG,Motorola I850,Motorola,I850,3.5,39,
B086R8Y2K3,Samsung Note 10,Samsung,Note 10,4.2,38,266.95
B09TPY598C,Xiaomi NOTE 11s,Xiaomi,NOTE 11s,4.2,38,149.99
B084XP4LXB,Samsung SM-M315FZBVXSG,Samsung,SM-M315FZBVXSG,4.0,38,
B083KNV15Q,LG TFLGL322DCPAP13,LG,TFLGL322DCPAP13,4.0,38,
B09FPTWDGG,Ulefone Armor X9-BK,Ulefone,Armor X9-BK,3.9,38,
B00P062EEO,None S430U,Unknown,S430U,3.3,38,
B0B4NK9MQ1,None S22,Unknown,S22,2.3,38,
B0BF1FZTLQ,Samsung Galaxy S21 FE 5G,Samsung,Galaxy S21 FE 5G,4.7,37,420.0
B0BHMNC211,Doogee S96 GT,Doogee,S96 GT,4.2,37,329.99
B09S6VKCLX,Samsung S21 Ultra 5G,Samsung,S21 Ultra 5G,4.2,37,929.0
B09X8556SL,Samsung S20 Ultra 5G,Samsung,S20 Ultra 5G,4.1,37,
B0B84WW1Y2,Umidigi F3 SE,Umidigi,F3 SE,4.0,37,169.99
B093GW4MSH,OnePlus 9 5G,OnePlus,9 5G,4.0,37,249.0
B0BKG3NPF6,Cubot RGZP-NOTE8-B,Cubot,RGZP-NOTE8-B,3.6,37,64.99
B08YR88KQW,Doogee S98,Doogee,S98,3.6,37,
B08LVQFPJP,None S20,Unknown,S20,4.6,36,
B0BDBGDY89,Samsung Galaxy S22,Samsung,Galaxy S22,4.5,36,538.0
B09MD8Z51Y,Xiaomi M4 PRO,Xiaomi,M4 PRO,4.4,36,
B0747RC978,Motorola Moto C,Motorola,Moto C,4.4,36,
B0B6RVGMYR,Motorola Moto G100,Motorola,Moto G100,4.4,36,
B08F8LBVNW,Samsung Galaxy S21 5G,Samsung,Galaxy S21 5G,4.0,36,
B08XKM5FGJ,Samsung SM-A013M DS,Samsung,SM-A013M DS,3.9,36,
B089HYSJXZ,Samsung S10,Samsung,S10,4.7,35,
B085CNVPFP,OnePlus 7T Dual-SIM RAM,OnePlus,7T Dual-SIM RAM,4.3,35,200.0
B08HK5MJDZ,Samsung S20,Samsung,S20,4.3,35,249.0
B07GBX3Q3J,Motorola Moto G6,Motorola,Moto G6,4.1,35,
B08BDZQXX5,Apple iPhone XS,Apple,iPhone XS,4.1,35,
B07PX3GNBR,OnePlus 3,OnePlus,3,4.1,35,
B07MW29QG3,Umidigi A3,Umidigi,A3,3.8,35,
B0875XPWKJ,Blackview bv9900PRO,Blackview,bv9900PRO,3.8,35,
B08FRNCQHQ,LG K40 X420,LG,K40 X420,3.4,35,89.99
B01MD0CA19,None RCA,Unknown,RCA,3.3,35,
B00AEXTUAO,None P5000,Unknown,P5000,3.9,34,
B07K1MFQ7S,Motorola moto e4 XT1765,Motorola,moto e4 XT1765,3.2,34,59.99
B07V1ZPCZT,Google Pixel 2 XL,Google,Pixel 2 XL,4.2,33,
B0BD62B7DM,None XS11 Mini,Unknown,XS11 Mini,4.0,33,53.35
B07WPX7VCG,None C31,Unknown,C31,3.9,33,
B099GR4ZFC,Samsung A22 5G,Samsung,A22 5G,3.9,33,179.5
B076HC861N,LG V20 H910a,LG,V20 H910a,3.9,33,
B0BNR5MXSY,Samsung Galaxy S21,Samsung,Galaxy S21,3.8,33,244.0
B00594VQVY,HTC X515M,HTC,X515M,3.7,33,
B00O0U1JMO,Huawei Honor 3C,Huawei,Honor 3C,3.6,33,
B001LYRBE2,Motorola MOTW755,Motorola,MOTW755,3.5,33,
B000C1ASTK,Motorola V557,Motorola,V557,3.2,33,
B004DUMR90,Motorola EX115TITU,Motorola,EX115TITU,3.1,33,
B07ZJLKJ4G,Doogee S95 Pro,Doogee,S95 Pro,3.1,33,
B0BWHTZQY5,"SANSHREUNI Smartphone Unlocked, 5G Dual Sim Cell Phones, 4G+128GB C21 Ultra Unlocked Smartphones, 6.8 inch Android Smartphones 7300mAh | Fingerprint Lock Face ID (Green)",Unknown,,2.6,33,159.99
B0BS3QF8L4,Samsung Galaxy S23 Ultra,Samsung,Galaxy S23 Ultra,4.7,32,
B084GZ1V9V,Google GA01194-US,Google,GA01194-US,4.1,32,
B098536D89,Samsung Galaxy A51,Samsung,Galaxy A51,4.1,32,
B08NFDTF8L,Samsung SM-A015A,Samsung,SM-A015A,4.0,32,71.9
B08F9BPS4B,None WP7,Unknown,WP7,3.9,32,
B00N052YE2,None P8010,Unknown,P8010,3.8,32,
B08KFKN2K5,Samsung Note 9,Samsung,Note 9,3.7,32,
B094WXLVG5,Samsung S21 Ultra,Samsung,S21 Ultra,4.4,31,429.99
B0BTNMKQZW,None SE 8+128,Unknown,SE 8+128,4.0,31,399.99
B08FF3HHPG,Samsung S20,Samsung,S20,4.0,31,
B097HSXVZ5,Samsung S21 5G,Samsung,S21 5G,3.9,31,254.0
B09X25MN5N,Samsung Galaxy Note 20 Ultra,Samsung,Galaxy Note 20 Ultra,3.9,31,799.99
B09YLB259H,Ulefone Power Armor 14 Pro Rugged,Ulefone,Power Armor 14 Pro Rugged,3.9,31,
B0823JJY64,Realme X2 Pro,Realme,X2 Pro,3.8,31,
B08GLSFLQ7,Ulefone Armor X5,Ulefone,Armor X5,3.7,31,
B010GIVIY2,None Studio X Plus,Unknown,Studio X Plus,3.7,31,
B084BXHXJX,Motorola Moto G8 Play,Motorola,Moto G8 Play,3.6,31,
B001H55OL2,Motorola V9X BLK,Motorola,V9X BLK,3.2,31,
B013IQCUAK,None NUU Mobile Z8 5.5 FHD Octa-Core Dual LTE SIM Android Lollipop with 2-Year Ltd,Unknown,NUU Mobile Z8 5.5 FHD Octa-Core Dual LTE SIM Android Lollipop with 2-Year Ltd,2.8,31,
B0BPYKV62K,None S21 Ultra,Unknown,S21 Ultra,2.7,31,70.09
B09D1BCGPP,OnePlus BE2012,OnePlus,BE2012,3.7,30,126.99
B07M8R8Z67,None C11S,Unknown,C11S,3.7,30,
B07R9S979V,None C12,Unknown,C12,3.6,30,
B09KNWFNWL,Samsung Galaxy S10e,Samsung,Galaxy S10e,3.5,30,
B093XYRGFN,Kyocera Ultra 5G,Kyocera,Ultra 5G,3.4,30,870.99
B01MRL8R0C,ZTE Avid Trio,ZTE,Avid Trio,3.3,30,
B00ICNB588,None Life One M,Unknown,Life One M,3.1,30,
B0B57FL9W6,None 9 Pro,Unknown,9 Pro,2.8,30,69.69
B09FX81PJL,None NX669-S-2,Unknown,NX669-S-2,4.6,29,
B0891PLZBD,Motorola XT1922-9,Motorola,XT1922-9,4.3,29,79.0
B08F14RBKM,OnePlus 8,OnePlus,8,4.3,29,
B072J4Z1BM,LG Rebel 2,LG,Rebel 2,4.2,29,
B09L88FZ95,Sony Xperia Pro,Sony,Xperia Pro,4.2,29,1028.0
B09FXNP4LW,None NX669-S-1,Unknown,NX669-S-1,4.1,29,
B0BQNTRJJ8,None Thrive,Unknown,Thrive,4.0,29,149.0
B093C4ZQBF,Ulefone Armor 8 Pro Rugged,Ulefone,Armor 8 Pro Rugged,3.9,29,
B07LBKKSFY,None C11 S,Unknown,C11 S,3.7,29,
B08P3BQRDB,Ulefone Armor 10,Ulefone,Armor 10,3.7,29,
B07DMM4ZXP,None RG850,Unknown,RG850,3.6,29,
B01M1SHBZ1,Sony Xperia X,Sony,Xperia X,3.5,29,
B08QTQHS6K,Samsung Note 20 Ultra,Samsung,Note 20 Ultra,4.7,28,
B07WDDKHS3,Apple iPhone XS Max,Apple,iPhone XS Max,4.2,28,334.9
B08VW2ZTFM,Motorola Moto G Power 2020,Motorola,Moto G Power 2020,4.0,28,
B07XP7SYVJ,None C17 Pro,Unknown,C17 Pro,3.8,28,
B08FSZ891R,Cubot X30,Cubot,X30,3.7,28,
B0884YJ9TR,Google Pixel 4,Google,Pixel 4,3.6,28,
B085J2KLW9,Samsung Galaxy A20s,Samsung,Galaxy A20s,3.5,28,
B09NLW3TH6,Ulefone Note 12P Mobile,Ulefone,Note 12P Mobile,3.0,28,
B098VY2V6V,None B2021,Unknown,B2021,3.0,28,
B081BDYL4H,Motorola Moto E6,Motorola,Moto E6,2.9,28,94.99
B0846JM67C,Motorola Moto G8 Power lite,Motorola,Moto G8 Power lite,4.1,27,199.99
B07MVVR564,None P60,Unknown,P60,3.9,27,
B0B8BCNBWL,Samsung Galaxy A53,Samsung,Galaxy A53,3.9,27,259.99
B07TTQWHX7,Umidigi Smartphones,Umidigi,Smartphones,3.7,27,
B000K19P9G,Motorola V365,Motorola,V365,3.7,27,
B09X4CT1QW,TCL A30,TCL,A30,3.6,27,49.99
B00CWXRF10,None RS550,Unknown,RS550,3.2,27,119.9
B08FF35BXW,None BLU G90 Pro,Unknown,BLU G90 Pro,4.4,26,134.99
B08BXBT8MD,Google Pixel 3A XL,Google,Pixel 3A XL,4.3,26,
B00HPS7A3U,Huawei G510-0251,Huawei,G510-0251,4.3,26,
B0BGB2MT62,Ulefone Power Armor 16 Pro,Ulefone,Power Armor 16 Pro,4.2,26,189.99
B09WT8N5X7,Samsung S22,Samsung,S22,4.1,26,470.0
B07NXVVSQZ,Motorola Moto G6,Motorola,Moto G6,4.0,26,
B0B72FKMZX,Samsung Galaxy S22+ Plus,Samsung,Galaxy S22+ Plus,4.0,26,450.0
B08H8GZ2F8,Samsung A51,Samsung,A51,3.9,26,
B0933MDJRH,Samsung Note 20 5G,Samsung,Note 20 5G,3.8,26,261.0
B07DTHG9DF,Google Pixel 2,Google,Pixel 2,3.8,26,
B07ZTN5F21,Motorola One Action XT2013 GSM Phone w Camera,Motorola,One Action XT2013 GSM Phone w Camera,3.5,26,
B08SMBFKMW,Blackview BL6000Pro,Blackview,BL6000Pro,3.4,26,
B082YPPV1S,None Xgody M30S Android 9.0 6.3 4G LTE International use,Unknown,Xgody M30S Android 9.0 6.3 4G LTE International use,3.1,26,
B08R1XXZFN,None Mate40,Unknown,Mate40,2.9,26,
B0722H4TY2,Samsung Galaxy S8 Plus,Samsung,Galaxy S8 Plus,4.4,25,
B0BGKN184C,Samsung Z Fold4,Samsung,Z Fold4,4.1,25,1250.0
B07G7CX2JW,OnePlus 5T A5010,OnePlus,5T A5010,4.1,25,
B093C3JCQH,Ulefone Armor 8Pro-RD,Ulefone,Armor 8Pro-RD,3.8,25,
B07SD8H236,Motorola Moto G7 Plus,Motorola,Moto G7 Plus,3.8,25,
B07KGG9F63,OnePlus 6,OnePlus,6,3.7,25,
B072BNL824,None A5QL,Unknown,A5QL,3.7,25,
B07XD8TMVV,None K7Pro,Unknown,K7Pro,3.6,25,
B00G0LTYAU,Huawei Hua-wei Ascend G510,Huawei,Hua-wei Ascend G510,3.2,25,
B0722NKSFG,LG Fiesta,LG,Fiesta,3.2,25,
B0BLHCXZ8K,None C21,Unknown,C21,2.6,25,
B09482PFL1,OnePlus 7 Pro Android,OnePlus,7 Pro Android,4.8,24,
B08CXVLJ1X,Infinix HOT 9,Infinix,HOT 9,4.8,24,
B09N4SJVS8,Samsung A32 5G,Samsung,A32 5G,4.2,24,249.99
B00QU7EVRK,None D390U,Unknown,D390U,4.1,24,
B09CLMK872,Samsung Galaxy A32 5G,Samsung,Galaxy A32 5G,4.0,24,
B08178Q5PL,None PVG100,Unknown,PVG100,3.9,24,
B07FKWT3JP,Sony Xperia XA1 Plus G3423 LTE 5.5 International Model,Sony,Xperia XA1 Plus G3423 LTE 5.5 International Model,3.7,24,
B07V3FX13M,TCL Net10 LX 4G LTE Prepaid with 40 Airtime Bundle,TCL,Net10 LX 4G LTE Prepaid with 40 Airtime Bundle,3.7,24,
B072F6MMM4,Motorola Moto Z Play,Motorola,Moto Z Play,3.7,24,
B099ZHPCS1,Realme Narzo 30,Realme,Narzo 30,3.5,24,211.0
B000K892KQ,Motorola RAZR V3t,Motorola,RAZR V3t,3.0,24,
B08WY871NY,Motorola Revvlry,Motorola,Revvlry,4.7,23,64.98
B085PPG5WN,OnePlus 7 Pro GM1915 +GSM,OnePlus,7 Pro GM1915 +GSM,4.6,23,
B09PMHLVTT,Samsung Galaxy S21 FE 5G,Samsung,Galaxy S21 FE 5G,4.4,23,869.99
B07WMHBXB9,Xiaomi Mi 9T Pro,Xiaomi,Mi 9T Pro,4.3,23,
B08BX5THCT,Samsung Galaxy Note,Samsung,Galaxy Note,4.0,23,
B09JFLKR3H,Apple IPhone 12,Apple,IPhone 12,3.9,23,580.0
B09B2W4Q8Q,Google Pixel 4,Google,Pixel 4,3.8,23,499.97
B0BCC2MSD7,Samsung Galaxy A23,Samsung,Galaxy A23,3.7,23,192.5
B07BXDMJ4W,LG G3 Vigor,LG,G3 Vigor,3.7,23,
B0BTTQY5MR,Samsung Galaxy S9,Samsung,Galaxy S9,3.6,23,129.99
B08NMLWGPF,Motorola Moto E6,Motorola,Moto E6,3.4,23,64.99
B0855NZDMP,Apple Melrose S9 - XS 10s,Apple,Melrose S9 - XS 10s,3.2,23,107.9
B017C8LI94,Alcatel One Touch Fierce XL,Alcatel,One Touch Fierce XL,2.9,23,
B0BGMRD4HC,Samsung SM-A035M DS,Samsung,SM-A035M DS,4.7,22,
B09219GM34,Samsung Galaxy S21 5G,Samsung,Galaxy S21 5G,4.3,22,549.99
B074Q34TKB,None Studio J8,Unknown,Studio J8,4.0,22,
B074Q3NBR1,None Studio J8,Unknown,Studio J8,4.0,22,
B00X8IP3S0,None Studio C,Unknown,Studio C,4.0,22,
B079KMQG18,Samsung Galaxyu00a0S9,Samsung,Galaxyu00a0S9,3.9,22,
B00YVOZ60A,None NU2S,Unknown,NU2S,3.4,22,
B09BJLBDRS,Cubot X50,Cubot,X50,3.1,22,119.99
B08QVH3K72,None WP10,Unknown,WP10,3.1,22,
B00SBTGN62,None NU3S,Unknown,NU3S,3.0,22,
B07GBX1159,Samsung TWSAS767VCPET,Samsung,TWSAS767VCPET,4.5,21,
B088Y3BHP3,Google Pixel 3A,Google,Pixel 3A,4.3,21,
B07K82FQSJ,None Studio Mega,Unknown,Studio Mega,4.2,21,
B07RGM8BJL,Alcatel 1S 5024J,Alcatel,1S 5024J,4.1,21,99.0
B0972DJ6JW,Samsung Galaxy A12,Samsung,Galaxy A12,4.0,21,149.99
B092H18NHH,Google Pixel 4a 4G LTE,Google,Pixel 4a 4G LTE,3.9,21,128.99
B07V682K4N,Motorola Moto G7 Power,Motorola,Moto G7 Power,3.6,21,
B00QFLMSX0,Samsung Generic 4 inch screen android,Samsung,Generic 4 inch screen android,3.5,21,
B084QGDFXS,Doogee S40 LITE,Doogee,S40 LITE,3.5,21,
B09TY959LR,Samsung galaxy A01,Samsung,galaxy A01,3.5,21,74.0
B002JTIUZW,None Palm Centro GSM,Unknown,Palm Centro GSM,3.0,21,
B0753NWC2S,ZTE ZFIVE 2,ZTE,ZFIVE 2,2.7,21,34.95
B078LXZ35K,Motorola Xt2000,Motorola,Xt2000,2.5,21,
B08PDJ1K88,Samsung A01 Core,Samsung,A01 Core,4.3,20,
B07MVNFHN2,Google Pixel 3 XL,Google,Pixel 3 XL,4.2,20,149.98
B07SX5RNLM,Xiaomi Mix 2S,Xiaomi,Mix 2S,4.1,20,
B09LWL3D17,Samsung Galaxy A52,Samsung,Galaxy A52,3.7,20,379.99
B008DSBTAG,Sony 1262-3155,Sony,1262-3155,3.5,20,
B01MYBYTF3,None Dash L2,Unknown,Dash L2,3.5,20,
B01MDTK3MO,CAT CS30DUBL02UN,CAT,CS30DUBL02UN,3.3,20,
B0758C91V9,Motorola Moto G7 Power,Motorola,Moto G7 Power,3.2,20,
B00VK84DGI,None Andy 5T,Unknown,Andy 5T,3.0,20,
B000J0X7BU,None 3125 CINGULAR CAMERA,Unknown,3125 CINGULAR CAMERA,3.0,20,
B094WBMCSC,CAT S48c,CAT,S48c,3.0,20,80.0
B07PQXFLVX,None BLU R2 Plus 2019-6.2 HD + 3 Months of Free Wireless with Mobile,Unknown,BLU R2 Plus 2019-6.2 HD + 3 Months of Free Wireless with Mobile,2.9,20,
B08XPZKSYX,None Note30 Plus,Unknown,Note30 Plus,2.5,20,68.32
B0BLZNJ9HS,None S22U,Unknown,S22U,1.5,20,
B07WWJB1MN,Google PIXEL 3XL,Google,PIXEL 3XL,4.6,19,
B0958QXB35,Samsung Galaxy M51,Samsung,Galaxy M51,4.2,19,
B078NJ5W3N,Samsung Galaxy S8 Active,Samsung,Galaxy S8 Active,4.1,19,124.6
B0C81JQFBJ,Ulefone Power Armor X11 Pro Big Battery Rugged,Ulefone,Power Armor X11 Pro Big Battery Rugged,3.9,19,169.99
B091YD8FYJ,Doogee S86,Doogee,S86,3.8,19,
B00GWFWOKG,Huawei Honor+ U8950D Ascend G600 4.5-inch Android 4.0,Huawei,Honor+ U8950D Ascend G600 4.5-inch Android 4.0,3.7,19,
B0017ZIMC0,Motorola E815,Motorola,E815,3.5,19,
B08JNSH641,OnePlus 8 5G,OnePlus,8 5G,3.3,19,209.99
B004NDPVO0,None XP3300,Unknown,XP3300,3.0,19,
B089QTJ97J,LG G8X Thinq,LG,G8X Thinq,2.9,19,
B08Y8QP3WT,None 5.45in HD Full Screen Cell Phones,Unknown,5.45in HD Full Screen Cell Phones,2.1,19,59.43
B07RP2T469,OnePlus 7 Pro,OnePlus,7 Pro,4.8,18,
B083WNBLTH,Samsung S10 Lite,Samsung,S10 Lite,4.8,18,
B0B25SV8F7,Samsung Galaxy A12,Samsung,Galaxy A12,4.7,18,134.99
B0BHF3RYQQ,Samsung Galaxy A53 5G,Samsung,Galaxy A53 5G,4.1,18,259.99
B086H4T5YC,Samsung Galaxy A10e Boost Mobile Android,Samsung,Galaxy A10e Boost Mobile Android,4.1,18,
B08KSFPJY7,Google Pixel 3,Google,Pixel 3,4.1,18,130.0
B09151RRR3,Samsung S21 5G,Samsung,S21 5G,4.0,18,219.0
B07GKCRT6R,Vivo V0330WW,Vivo,V0330WW,3.6,18,
B082JVNWWN,Google GA00817-US,Google,GA00817-US,3.6,18,
B07PH1Y4J7,Google Pixel 3 XL,Google,Pixel 3 XL,3.6,18,
B000PAM40O,Motorola V3xx,Motorola,V3xx,3.5,18,
B0BL9KTHHG,Cubot rgzpus-X50,Cubot,rgzpus-X50,3.5,18,109.99
B0BV7HZH2F,Samsung S23 Ultra,Samsung,S23 Ultra,3.4,18,1169.0
B00302KX8E,Motorola Z9 GSM RIZR 2 Phone With Camera,Motorola,Z9 GSM RIZR 2 Phone With Camera,3.4,18,
B00LGQ9YUO,OnePlus Original One 5.5 RAM 1080P Android 4.4 NFC,OnePlus,Original One 5.5 RAM 1080P Android 4.4 NFC,3.3,18,
B07PFFK3TX,None Studio G,Unknown,Studio G,3.3,18,
B00C7A2X10,None Android Note 2 Star S7100 1.2 Ghz Dual Core 3g with Wi-fi,Unknown,Android Note 2 Star S7100 1.2 Ghz Dual Core 3g with Wi-fi,3.1,18,
B001JJDAIU,Motorola MotoZine,Motorola,MotoZine,3.0,18,
B095Y9NRSB,None S20 ultra,Unknown,S20 ultra,2.4,18,
B0BFJQLTR5,None Ultra 5G,Unknown,Ultra 5G,2.3,18,
B089B8LJ5F,Google Pixel 3A,Google,Pixel 3A,4.4,17,195.0
B00AHWGY9M,Motorola RAZR i XT890,Motorola,RAZR i XT890,3.9,17,
B00CSFF5U0,Sony C6502,Sony,C6502,3.7,17,
B071FBVPD3,Samsung Galaxy Luna,Samsung,Galaxy Luna,3.7,17,
B004DFCGTG,None Sidekick LX 2009 Carbon,Unknown,Sidekick LX 2009 Carbon,3.6,17,
B08D5Z6XZX,Google Pixel 3,Google,Pixel 3,3.6,17,
B00FQHLMBI,None Eson Quadband with Android 2.3 Os,Unknown,Eson Quadband with Android 2.3 Os,3.5,17,
B09963SWCY,Google Rugged OUKITEL F150,Google,Rugged OUKITEL F150,3.3,17,
B07NQRR936,None Advance L4,Unknown,Advance L4,3.3,17,
B011XF2U6M,None Andy 5E,Unknown,Andy 5E,3.0,17,
B0BS3XMFR9,Samsung Galaxy DM3,Samsung,Galaxy DM3,4.6,16,
B084H2GNS4,Motorola XT2010-1,Motorola,XT2010-1,4.3,16,250.0
B095HF76ZQ,Doogee S86 PRO,Doogee,S86 PRO,4.3,16,
B0C174L4SX,Ulefone Power Armor 18T Rugged 5G,Ulefone,Power Armor 18T Rugged 5G,4.2,16,699.99
B06WVMHZFJ,LG Stylo 2,LG,Stylo 2,4.2,16,
B00MBCIX36,None JIAKE miniS5 MTK6572 2G ROM 5.0 Inch Android 4.2 3G,Unknown,JIAKE miniS5 MTK6572 2G ROM 5.0 Inch Android 4.2 3G,4.0,16,
B09HR68FBF,Samsung Galaxy A12,Samsung,Galaxy A12,4.0,16,92.75
B08BF5CQH1,Apple IPhone XS,Apple,IPhone XS,4.0,16,
B09QZTW3BL,Blackview BV8800,Blackview,BV8800,3.9,16,
B089P37K6X,None C5L,Unknown,C5L,3.7,16,57.97
B08X64KB6F,Samsung Galaxy A12,Samsung,Galaxy A12,3.7,16,139.99
B0026C8EU8,Motorola i530,Motorola,i530,3.4,16,
B09MZL4NRV,Samsung Galaxy Note 9,Samsung,Galaxy Note 9,3.4,16,187.99
B08BLQWP9V,Samsung Galaxy A01,Samsung,Galaxy A01,3.4,16,79.99
B00L4BK7DO,None Check Plus,Unknown,Check Plus,3.3,16,
B081BCXS91,Motorola E5 with SD Card,Motorola,E5 with SD Card,3.2,16,
B0884ZX4CX,Google Pixel 4,Google,Pixel 4,3.1,16,179.98
B0B463CXPJ,None S21 Ultra,Unknown,S21 Ultra,1.7,16,54.91
B08BGCVZZX,Realme 6i + RMX2040 6.5 4G LTE Octa-core Helio G80,Realme,6i + RMX2040 6.5 4G LTE Octa-core Helio G80,4.8,15,
B09VW3JMYQ,Realme 9i,Realme,9i,4.4,15,199.99
B09JDT54TF,Motorola Moto E,Motorola,Moto E,4.4,15,73.33
B08JTN9SP1,None Galaxy Note,Unknown,Galaxy Note,4.3,15,
B09C2NWPDX,Samsung S10 Plus,Samsung,S10 Plus,4.0,15,
B071HDM8N5,Samsung Galaxy On5,Samsung,Galaxy On5,4.0,15,
B07QNJP12Y,None Mi 8 Lite,Unknown,Mi 8 Lite,3.9,15,
B09TLF4NQ7,Samsung Z Fold3,Samsung,Z Fold3,3.9,15,799.99
B09Q36D4QK,Doogee V20,Doogee,V20,3.9,15,
B07Y8XYDBP,LG Q7+ Plus Q610,LG,Q7+ Plus Q610,3.8,15,199.99
B09LPCGBCB,Samsung Galaxy S21+ Plus,Samsung,Galaxy S21+ Plus,3.8,15,284.99
B092DWML3H,Samsung Galaxy S21 5G,Samsung,Galaxy S21 5G,3.8,15,749.97
B0B97Z7H3P,Samsung Galaxy 20 FE 5G,Samsung,Galaxy 20 FE 5G,3.6,15,149.95
B07JN71NDJ,None 080-06-0018,Unknown,080-06-0018,3.5,15,
B08RDHK355,Umidigi A9 Pro,Umidigi,A9 Pro,3.4,15,
B016XBLNPU,Samsung FreedomPop Phone Galaxy S5,Samsung,FreedomPop Phone Galaxy S5,3.3,15,245.94
B01CYXSMYG,Alcatel One Touch Fierce XL,Alcatel,One Touch Fierce XL,3.1,15,
B081BCF9KS,Motorola Moto Z4,Motorola,Moto Z4,3.0,15,
B0947DFZR6,Samsung Note 20 Ultra,Samsung,Note 20 Ultra,4.9,14,
B099ZCTW35,Realme Narzo 30,Realme,Narzo 30,4.4,14,
B07K339LD7,Google Pixel 3,Google,Pixel 3,4.3,14,
B091YSSVXW,Doogee S86,Doogee,S86,4.2,14,
B00TYN4R5I,Samsung Galaxy Note 10.1,Samsung,Galaxy Note 10.1,4.1,14,
B07ZS473KQ,Motorola Moto G6 Play,Motorola,Moto G6 Play,4.1,14,78.0
B09PMNW25Y,Samsung Galaxy S21 FE 5G,Samsung,Galaxy S21 FE 5G,4.1,14,
B09MTKL4J9,Ulefone Armor X10,Ulefone,Armor X10,4.0,14,
B081Z6ZVD4,LG K40 Phone,LG,K40 Phone,3.9,14,249.99
B09MH9LJJM,Nokia SIMBROS 8 V 5G UW TA-1257 6 6.8in Meteor 8v for Any SIM Cricket TRACPHONE,Nokia,SIMBROS 8 V 5G UW TA-1257 6 6.8in Meteor 8v for Any SIM Cricket TRACPHONE,3.9,14,249.99
B0991CS9CH,Samsung Galaxy A12,Samsung,Galaxy A12,3.8,14,125.0
B09NLCKFSH,Google Pixel 4a 5G,Google,Pixel 4a 5G,3.8,14,
B084HMRCQ1,Google Pixel 4,Google,Pixel 4,3.8,14,122.0
B09J56G21W,Blackview rrusca-bv6600pro-b gr,Blackview,rrusca-bv6600pro-b gr,3.7,14,
B07H7WPNHM,Honor 7S,Honor,7S,3.7,14,
B00839GZN6,None I9220hd,Unknown,I9220hd,3.6,14,
B07ZZKXLKV,Apple iPhone 11 Pro Max,Apple,iPhone 11 Pro Max,3.5,14,
B002VDNS6M,Apple MB490DN A,Apple,MB490DN A,3.5,14,
B094XGTNGN,Motorola Moto G7+ Plus,Motorola,Moto G7+ Plus,3.3,14,
B07PFGF4LD,None C12,Unknown,C12,3.3,14,
B09H2TT6TF,Ulefone note 6,Ulefone,note 6,3.3,14,
B079TDW4WK,Motorola Nexus 6,Motorola,Nexus 6,3.1,14,
B086DCGCJ1,Blackview Rugged Cell Phones,Blackview,Rugged Cell Phones,3.0,14,
B07CGT44C4,None Epic T,Unknown,Epic T,2.9,14,
B095S4J2WG,None WP9,Unknown,WP9,2.9,14,
B0BVM9S7DK,None c21,Unknown,c21,2.5,14,149.99
B08XQ1YT2G,None Rino4 Pro,Unknown,Rino4 Pro,2.4,14,58.27
B07RV3L2LV,Apple iPhone XS Max,Apple,iPhone XS Max,5.0,13,
B08JCX4TW2,OnePlus 7 Pro,OnePlus,7 Pro,4.7,13,
B01N109V6G,OnePlus 3T,OnePlus,3T,4.4,13,
B07N1642GV,Motorola Moto X,Motorola,Moto X,4.2,13,
B08LNKY2Y1,OnePlus 8T 5G KB2000 RAM,OnePlus,8T 5G KB2000 RAM,4.0,13,
B09TQJJFSP,ZTE Axon 30 5G,ZTE,Axon 30 5G,3.8,13,
B088HJM24D,Samsung Sm J260a,Samsung,Sm J260a,3.8,13,
B095XDQ5D2,Motorola PALF0011US,Motorola,PALF0011US,3.8,13,
B08WCQ8J79,Samsung S21,Samsung,S21,3.7,13,399.99
B09FRC2YQ8,Motorola XT2128-1,Motorola,XT2128-1,3.7,13,
B07CNMSMFG,Alcatel 3C 5026D 6.0 3G Octa-Core + RAM + Dual Led,Alcatel,3C 5026D 6.0 3G Octa-Core + RAM + Dual Led,3.6,13,
B00OSL5A7A,None BLU Star 4.5 S450a GSM Quad-Core Dual-SIM HSPA+ Android 4.4 KitKat,Unknown,BLU Star 4.5 S450a GSM Quad-Core Dual-SIM HSPA+ Android 4.4 KitKat,3.5,13,
B074D13R94,LG Premier 4G LTE Prepaid Straight Talk,LG,Premier 4G LTE Prepaid Straight Talk,3.5,13,
B0BJQVKWXL,Samsung G981,Samsung,G981,3.5,13,209.99
B08ZRVZJWS,None Rino4 Pro,Unknown,Rino4 Pro,2.7,13,
B076M5BKJB,Motorola Droid Turbo2,Motorola,Droid Turbo2,2.3,13,
B0BS43ZLN8,None A14,Unknown,A14,2.0,13,159.99
B07NVWSTHP,Motorola Moto Z3 Play,Motorola,Moto Z3 Play,4.6,12,
B0BJTVL449,Doogee S89,Doogee,S89,4.3,12,
B093F3FVQC,LG Velvet 5G,LG,Velvet 5G,4.3,12,159.99
B097CJXJ37,Samsung S21 Plus,Samsung,S21 Plus,4.2,12,334.8
B073BN4Z5Z,OnePlus 5,OnePlus,5,4.2,12,
B0BPN37CN2,Samsung A23,Samsung,A23,4.2,12,177.95
B07CFM5QRJ,Huawei P20,Huawei,P20,4.1,12,
B0BWDQ1BP7,None Unihertz,Unknown,Unihertz,4.1,12,
B07S5Q5HW7,Huawei P30,Huawei,P30,4.0,12,
B0BD63LFV3,None 4G LTE ZMax 10,Unknown,4G LTE ZMax 10,4.0,12,99.99
B0BFXHGL14,None OK21,Unknown,OK21,3.9,12,159.99
B07M9WC8NF,Motorola Moto G6 Play,Motorola,Moto G6 Play,3.9,12,
B095HHD9L3,Doogee S86 PRO,Doogee,S86 PRO,3.8,12,
B093RK8LTH,Samsung A32,Samsung,A32,3.7,12,
B07PH2PWGD,Google Pixel 3,Google,Pixel 3,3.7,12,119.99
B07RN2KHM1,Alcatel Revvl,Alcatel,Revvl,3.6,12,
B0021L9FRU,Sony W595AWHITE,Sony,W595AWHITE,3.3,12,
B079986857,HTC Bolt,HTC,Bolt,3.3,12,
B003W2BRB4,Motorola W450 Phone with Camera,Motorola,W450 Phone with Camera,3.2,12,
B00CWXSYME,None K501 Leo,Unknown,K501 Leo,3.2,12,
B06XYNW66H,Ulefone ARMOR IP68 - waterproof Shockproof dustproof,Ulefone,ARMOR IP68 - waterproof Shockproof dustproof,2.9,12,
B01A6WA76S,Moto 10000275,Moto,10000275,2.9,12,
B00QU7FMD2,None BLU Dash C Music,Unknown,BLU Dash C Music,2.8,12,
B09R6YM592,None IP12 PRO,Unknown,IP12 PRO,2.3,12,86.15
B0B2RYBFBV,None S21 Ultra,Unknown,S21 Ultra,2.3,12,
B0B2JT1RFN,None Aong-1,Unknown,Aong-1,2.0,12,
B0BS4NBDCC,Samsung Galaxy DM1,Samsung,Galaxy DM1,5.0,11,
B07FK4B4WS,OnePlus 6,OnePlus,6,4.8,11,
B07C4LHPPC,Huawei P20 Pro,Huawei,P20 Pro,4.6,11,
B07XTBQFT7,OnePlus 5011101013,OnePlus,5011101013,4.6,11,849.0
B08XN325KY,Samsung Galaxy A12,Samsung,Galaxy A12,4.4,11,
B07ZHMPR16,Motorola One Action,Motorola,One Action,4.3,11,
B08JK8PL13,Samsung S20 FE,Samsung,S20 FE,4.3,11,
B08TDT5ZJD,Apple iPhone 12 Mini,Apple,iPhone 12 Mini,4.2,11,399.97
B06XYS5T64,None Robin,Unknown,Robin,4.1,11,
B01CPXYP50,None L010Q,Unknown,L010Q,3.9,11,
B081S5BFQW,None BLU Grand Mini 2 G310A 4.5 Android 4G GSM,Unknown,BLU Grand Mini 2 G310A 4.5 Android 4G GSM,3.9,11,
B074QHZVZ4,None Studio J8,Unknown,Studio J8,3.8,11,
B000SZRRXK,None TR680,Unknown,TR680,3.7,11,
B00QHF44WW,None D390U,Unknown,D390U,3.7,11,
B07NVQX1S2,Umidigi one,Umidigi,one,3.6,11,
B07VFVPH9W,Motorola Moto E5 Play,Motorola,Moto E5 Play,3.5,11,
B07BGSVF2R,ZTE ZFIVE L 4G LTE Prepaid,ZTE,ZFIVE L 4G LTE Prepaid,3.5,11,
B01N533TXR,None MIRACLE 6.0 S,Unknown,MIRACLE 6.0 S,3.1,11,
B000PH2H54,Motorola I580,Motorola,I580,3.1,11,
B0BBXTLS5C,Nokia 2760 Flip,Nokia,2760 Flip,2.9,11,29.88
B08W9LMQ9Y,None M20 PLUS,Unknown,M20 PLUS,2.7,11,
B0B7BYV6NF,None 5G Android,Unknown,5G Android,2.2,11,157.59
B0B57M9NJN,Samsung Galaxy S22+ Plus 5G,Samsung,Galaxy S22+ Plus 5G,4.9,10,499.99
B07SH1VR4P,Motorola XT1924-5,Motorola,XT1924-5,4.7,10,
B07NY3FZJT,Google Pixel 3 XL,Google,Pixel 3 XL,4.1,10,
B07NYW2KPG,None BLU Pure View,Unknown,BLU Pure View,3.8,10,
B0775268NR,Apple iPhone 8,Apple,iPhone 8,3.7,10,
B09TTWBLZY,Xiaomi None,Xiaomi,,3.7,10,
B00E9KXNVA,None Life Play L100I,Unknown,Life Play L100I,3.6,10,
B000JE2BRM,Sony W850i,Sony,W850i,3.6,10,
B07YYN95Z8,Kyocera Duraforce Pro E6820,Kyocera,Duraforce Pro E6820,3.5,10,
B0065UMNPO,HTC X315E,HTC,X315E,3.5,10,
B07B19C631,LG Escape 2 H443 GSM 4.7 HD Display Quad-Core Android 5.1 w Camera,LG,Escape 2 H443 GSM 4.7 HD Display Quad-Core Android 5.1 w Camera,3.3,10,53.99
B07GZDNF4X,Ulefone Note 8,Ulefone,Note 8,3.3,10,
B0BRK6QBND,Ulefone Power Armor 19,Ulefone,Power Armor 19,3.3,10,
B082DL89XQ,LG G6 H873,LG,G6 H873,3.2,10,
B071W2X7X7,Doogee V20,Doogee,V20,4.6,9,
B00D64PURK,None D590I,Unknown,D590I,4.4,9,
B0779GBX99,Apple iPhone X,Apple,iPhone X,4.3,9,
B096YNC43T,Samsung A01,Samsung,A01,4.2,9,
B08683JKTM,Samsung Galaxy Note10,Samsung,Galaxy Note10,4.0,9,290.0
B08HL1W58C,Samsung A515f,Samsung,A515f,4.0,9,
B000BYPHSK,Sony T290a,Sony,T290a,4.0,9,
B01A6WA6L4,Moto G 3rd. Gen. - 16G,Moto,G 3rd. Gen. - 16G,3.9,9,
B07Y1FKP3K,LG Premier Pro 4G LTE Prepaid + 1 Year of Service with 1200 MIN 1200 Text,LG,Premier Pro 4G LTE Prepaid + 1 Year of Service with 1200 MIN 1200 Text,3.8,9,
B01M35Z9EP,LG TFLGL43AGP4P Rebel 4G LTE GSM WiFi 1.1GHz BT 4.1,LG,TFLGL43AGP4P Rebel 4G LTE GSM WiFi 1.1GHz BT 4.1,3.8,9,
B07MXPZYQH,Alcatel 3X,Alcatel,3X,3.8,9,105.0
B004PC11SO,LG C320,LG,C320,3.7,9,
B0BBV2S4RB,Ulefone Armor X6 Pro,Ulefone,Armor X6 Pro,3.7,9,
B0B254X138,Doogee S98,Doogee,S98,3.6,9,
B00VYDWBUY,Lenovo Lemon K3 Note 5.5 inch IPS Screen 4G Android OS 5.0,Lenovo,Lemon K3 Note 5.5 inch IPS Screen 4G Android OS 5.0,3.5,9,
B00430BJAI,Motorola EM330,Motorola,EM330,3.4,9,
B003W0JE8E,None CENTRO690P,Unknown,CENTRO690P,3.3,9,
B07FLN57VM,Motorola Moto Z,Motorola,Moto Z,3.3,9,
B000F7P7BK,Motorola Net10 Prepaid Cellular Phone45 Blue40 NTGC13941,Motorola,Net10 Prepaid Cellular Phone45 Blue40 NTGC13941,3.2,9,
B00B7NAL80,None D270I,Unknown,D270I,3.1,9,
B08XTCGYBT,None IP12 PRO,Unknown,IP12 PRO,2.8,9,105.85
B079YVZ7T7,ZTE Z667T,ZTE,Z667T,2.7,9,
B0972VXQCX,None Marauder,Unknown,Marauder,2.5,9,94.73
B0BHCZ2WFK,None S22u,Unknown,S22u,1.3,9,
B08GYJM5WW,Samsung S10,Samsung,S10,5.0,8,389.97
B0BYQRZ1PW,Samsung Galaxy A54 5G A Series + 50 Amazon Gift Card Bundle,Samsung,Galaxy A54 5G A Series + 50 Amazon Gift Card Bundle,4.7,8,
B07MHD8C5D,Honor View10,Honor,View10,4.6,8,
B095HZGN5W,Motorola Moto G50,Motorola,Moto G50,4.6,8,
B07FK8M4Y8,Motorola Moto G6,Motorola,Moto G6,4.5,8,
B07RZ42MSZ,Google Pixel 3a,Google,Pixel 3a,4.2,8,
B08QTPTFJX,Samsung Galaxy Note,Samsung,Galaxy Note,4.2,8,
B08FT8NPW3,Samsung Note 20,Samsung,Note 20,4.2,8,
B08B8R749J,Samsung A01 Prepaid,Samsung,A01 Prepaid,4.0,8,
B00K8ONOXS,None 4 inch by Galaxy MS4,Unknown,4 inch by Galaxy MS4,3.8,8,
B07VKQ63VK,Asus ROG Phone,Asus,ROG Phone,3.8,8,
B079P8P92N,Motorola Moto G,Motorola,Moto G,3.8,8,
B09CFW2NRF,Samsung Note 10,Samsung,Note 10,3.7,8,
B09V5PN8M3,Samsung Note 10,Samsung,Note 10,3.7,8,459.97
B07N13YLKR,Huawei Honor 10,Huawei,Honor 10,3.6,8,
B007W5V9ME,Motorola W755,Motorola,W755,3.5,8,
B0747SJW64,Motorola Moto C,Motorola,Moto C,3.5,8,
B082Z644CD,None BLU C5 Plus C130EQ Dual-Sim GSM Android,Unknown,BLU C5 Plus C130EQ Dual-Sim GSM Android,3.4,8,
B00PHN4A8I,None BLU Life Play Mini L190a GSM Dual-SIM Android 4.4,Unknown,BLU Life Play Mini L190a GSM Dual-SIM Android 4.4,3.3,8,
B071RFBN8M,None SP5513SL,Unknown,SP5513SL,3.3,8,
B097S2NZFQ,None Studio X10,Unknown,Studio X10,3.3,8,67.99
B001E1W1TM,LG KF300,LG,KF300,3.3,8,
B019M87VX4,ZTE Z820,ZTE,Z820,3.3,8,
B000BYR3XC,Sony Z500a,Sony,Z500a,3.3,8,
B0B72BFYGH,Samsung Galaxy S22 Ultra 5G,Samsung,Galaxy S22 Ultra 5G,3.3,8,
B07715BKN4,Kyocera E6810,Kyocera,E6810,3.0,8,34.95
B000BF74TY,Motorola C155,Motorola,C155,3.0,8,
B08KFKF4W3,Samsung Galaxy Note,Samsung,Galaxy Note,3.0,8,
B01K69HHTQ,None Newest Prepaid PureTalk Logic X1 with no Contracts,Unknown,Newest Prepaid PureTalk Logic X1 with no Contracts,2.9,8,
B079VS74KR,None Blu Grand M2 Android Marshmallow GSM,Unknown,Blu Grand M2 Android Marshmallow GSM,2.8,8,
B08D11MF34,CAT S48C,CAT,S48C,2.7,8,
B082G52VZY,Google Pixel 4 XL,Google,Pixel 4 XL,5.0,7,1059.92
B0BFYTZ5MG,Samsung Galaxy S22 5G,Samsung,Galaxy S22 5G,4.8,7,447.0
B093XBB6DX,Motorola Moto G9+ Plus,Motorola,Moto G9+ Plus,4.8,7,
B07YNZ8TVX,OnePlus 7 GM1900,OnePlus,7 GM1900,4.7,7,
B07WZFRDTH,OnePlus 7 PRO GM1915,OnePlus,7 PRO GM1915,4.6,7,
B0033WSDVK,Motorola A45EUWH,Motorola,A45EUWH,4.5,7,
B0828M2BB3,None WP8 Pro,Unknown,WP8 Pro,4.4,7,
B079H9PCS2,None L4 LTE,Unknown,L4 LTE,4.3,7,
B07XK9R1T1,Apple IPhone XS,Apple,IPhone XS,4.3,7,
B09HQXTGPM,Fairphone 4,Fairphone,4,4.3,7,
B00G2HRU2Q,None Galaxy S3,Unknown,Galaxy S3,3.7,7,
B0B6RYP6P8,Samsung Galaxy S22 5G,Samsung,Galaxy S22 5G,3.6,7,439.0
B000AN3IVA,None FA385A,Unknown,FA385A,3.5,7,
B013TA2DA2,Apple 2106_JPA-IP5-WHT,Apple,2106_JPA-IP5-WHT,3.5,7,
B07VTN5R6W,ZTE Axon 40 Ultra,ZTE,Axon 40 Ultra,3.5,7,
B07MQV2DSF,Apple Mini 13 Pro Max,Apple,Mini 13 Pro Max,3.5,7,127.9
B09XBMS797,Samsung Galaxy A13,Samsung,Galaxy A13,3.4,7,
B01AYIJY9A,None N4L,Unknown,N4L,3.4,7,
B07MVJXQ3H,LG 4G-6FF9-264Q,LG,4G-6FF9-264Q,3.3,7,59.99
B076KVV3D4,None PLATINUM 5.0 PLUS DARK,Unknown,PLATINUM 5.0 PLUS DARK,3.1,7,
B07W4KM98L,None KXD W51,Unknown,KXD W51,3.0,7,
B004LB5APE,Sony Ericcson X8,Sony,Ericcson X8,3.0,7,
B00H77IRJA,Google VIZIO VP800 5-Inch Android,Google,VIZIO VP800 5-Inch Android,3.0,7,
B008533AFQ,LG OPTIMUS L7 NOIR,LG,OPTIMUS L7 NOIR,3.0,7,
B0B96V29CN,None CUEI 5G for Android 12,Unknown,CUEI 5G for Android 12,2.8,7,125.82
B0989MBV3R,None M30PLUS,Unknown,M30PLUS,2.4,7,83.99
B0B2CDQC1B,None S22 Ultra,Unknown,S22 Ultra,1.8,7,
B08KRXQWLN,Motorola Moto G7 Power,Motorola,Moto G7 Power,5.0,6,
B002T89TS0,Sony AINOU10a,Sony,AINOU10a,4.8,6,
B09F3V92JG,Apple iPhone SE,Apple,iPhone SE,4.6,6,
B00L5KVC2Y,Motorola 86831LZESA,Motorola,86831LZESA,4.5,6,
B0891YRN1M,Samsung Galaxy Note,Samsung,Galaxy Note,4.4,6,
B07Y5KVZX1,Google pixel 3 xl,Google,pixel 3 xl,4.3,6,
B07V4FWGBH,Motorola Moto Z4,Motorola,Moto Z4,4.3,6,
B07YZRV716,Motorola Moto E6 Plus,Motorola,Moto E6 Plus,4.3,6,
B07XNYM77H,None C17 PRO,Unknown,C17 PRO,4.1,6,
B089LGYQHQ,Samsung Galaxy S20 5G,Samsung,Galaxy S20 5G,4.1,6,
B00QG5O02W,None BLU Dash JR TV D141T GSM Dual-SIM Android,Unknown,BLU Dash JR TV D141T GSM Dual-SIM Android,4.1,6,
B08ZL4ZJQY,Samsung A32,Samsung,A32,3.9,6,
B0775ZR39H,Motorola Moto C,Motorola,Moto C,3.9,6,
B08BX6JPFB,Realme C3,Realme,C3,3.8,6,
B08LP66PZ9,Samsung Galaxy A50 6.4 4G LTE,Samsung,Galaxy A50 6.4 4G LTE,3.7,6,
B00L4171AG,Huawei Honor 3C,Huawei,Honor 3C,3.7,6,
B0063S0POY,Sony MK16i,Sony,MK16i,3.7,6,
B0B74J524C,None KXD 6A,Unknown,KXD 6A,3.6,6,54.99
B0116IA0X6,None supper slim,Unknown,supper slim,3.6,6,
B077VWX7GK,LG Nexus 5X,LG,Nexus 5X,3.6,6,
B00MQZAUX4,None Sync 5,Unknown,Sync 5,3.5,6,
B07CG492HG,None SPhone-W40s-PNK-07,Unknown,SPhone-W40s-PNK-07,3.4,6,
B009YRPUB4,Huawei U8860,Huawei,U8860,3.4,6,
B08VF5ZVNB,Samsung Electronics Galaxy S21 5G,Samsung,Electronics Galaxy S21 5G,3.4,6,269.99
B00713IW9K,None Q51 Magenta,Unknown,Q51 Magenta,3.3,6,
B00QG5OK6S,None BLU Dash JR TV D141T GSM Dual-SIM Android,Unknown,BLU Dash JR TV D141T GSM Dual-SIM Android,3.3,6,
B09FJSQNWT,None s21+ ultra,Unknown,s21+ ultra,3.3,6,
B00LBOU3NI,Oppo Find 7a X9007 16G ROM LTE 5.5 Touchscreen Quad-core 2G RAM + Dual Camera WiFi GPS,Oppo,Find 7a X9007 16G ROM LTE 5.5 Touchscreen Quad-core 2G RAM + Dual Camera WiFi GPS,3.0,6,
B000BNGZT6,None SP3i,Unknown,SP3i,3.0,6,
B014V5WO8U,Samsung Galaxy S4,Samsung,Galaxy S4,3.0,6,
B07MC1FP29,Motorola Moto G5S Plus,Motorola,Moto G5S Plus,2.7,6,
B0B457HRNJ,Samsung XCover Field Pro,Samsung,XCover Field Pro,2.6,6,209.99
B09MHTN7ZS,None ARGIN Cell Phones,Unknown,ARGIN Cell Phones,2.2,6,
B09W9WR5G8,None Rino8 Pro,Unknown,Rino8 Pro,2.0,6,60.99
B089HY4RPB,Samsung Galaxy S20+ Plus 5G New Android,Samsung,Galaxy S20+ Plus 5G New Android,5.0,5,
B07T1FBQD2,Huawei Mate 20 Lite,Huawei,Mate 20 Lite,5.0,5,
B001GIPO9M,Nokia N79,Nokia,N79,4.8,5,
B09X9FC88M,Samsung S22 Ultra,Samsung,S22 Ultra,4.7,5,769.0
B088P9VCFJ,Xiaomi Redmi 8,Xiaomi,Redmi 8,4.7,5,
B07RQMRGCK,Motorola One,Motorola,One,4.4,5,
B08BZB1N6F,Samsung S20 Ultra,Samsung,S20 Ultra,4.0,5,
B0BDDKXM9M,None XS13,Unknown,XS13,4.0,5,51.52
B0B2ZHVWYW,None AGM H5,Unknown,AGM H5,3.9,5,269.99
B00JA8R448,None TOTO Star N8000 MTK6582 Quad Core 1.3GHz Android 4.2.2 5.5 IPS QHD Capacitive Screen RAM + 3G Camera 13,Unknown,TOTO Star N8000 MTK6582 Quad Core 1.3GHz Android 4.2.2 5.5 IPS QHD Capacitive Screen RAM + 3G Camera 13,3.6,5,
B0BZHMDV7L,Apple iPhone SE 5G,Apple,iPhone SE 5G,3.6,5,
B00MKE9ZGO,ZTE Savvy Z750C STZEZ750CPWP Prepaid Straight Talk,ZTE,Savvy Z750C STZEZ750CPWP Prepaid Straight Talk,3.5,5,
B0912F912M,OnePlus 7 Pro,OnePlus,7 Pro,3.4,5,279.0
B06XDTBYST,None Yezz 4.5E,Unknown,Yezz 4.5E,3.4,5,
B005EHFBE4,Sony CK15EUWH,Sony,CK15EUWH,3.3,5,
B0B1P1BGQ2,Samsung Galaxy A51,Samsung,Galaxy A51,3.3,5,135.0
B00KJ9OFOY,Huawei Ascend P7 16G 5 Android 4.4 Quad Core 1.8G WCDMA,Huawei,Ascend P7 16G 5 Android 4.4 Quad Core 1.8G WCDMA,3.3,5,
B09GPHS6GD,None mate40 Pro,Unknown,mate40 Pro,3.2,5,
B00B46MHF0,Lenovo S890,Lenovo,S890,3.1,5,
B0BYCQHX3M,None i14,Unknown,i14,3.0,5,85.0
B01N9OOF5P,Apple iPhone 6,Apple,iPhone 6,2.9,5,
B0002Z8CSA,Motorola V400,Motorola,V400,2.9,5,
B07259X159,Motorola Moto G5,Motorola,Moto G5,2.8,5,
B08KFFTRZH,Apple IPhone XII,Apple,IPhone XII,2.7,5,134.9
B07SG731NV,Alcatel 1C 2019 5003G 3G 5.0 Quad-Core Ram Android 8.1,Alcatel,1C 2019 5003G 3G 5.0 Quad-Core Ram Android 8.1,2.5,5,
B0B7SHPV8T,None IP14 Pro Max,Unknown,IP14 Pro Max,2.0,5,114.32
B077QJ4G86,None Dash L3,Unknown,Dash L3,1.8,5,35.99
B0B59SDKXS,None S21 Ultra,Unknown,S21 Ultra,1.4,5,
B085C41GRL,Samsung A70,Samsung,A70,5.0,4,
B07W6MCHVH,Asus ROG Phone,Asus,ROG Phone,5.0,4,
B01HP6CCCA,HTC 526 Prepaid w Bonus Jawbone,HTC,526 Prepaid w Bonus Jawbone,4.8,4,
B01MZGRQTP,Panasonic KX-PRD260-B,Panasonic,KX-PRD260-B,4.7,4,
B092185T6H,OnePlus 8T,OnePlus,8T,4.7,4,309.95
B00MLB874C,Motorola XT557D,Motorola,XT557D,4.5,4,
B07813RHPV,Meizu M6 Note,Meizu,M6 Note,4.3,4,
B0BGPFNML1,Ulefone Note 14,Ulefone,Note 14,4.2,4,99.99
B00YFH849I,ZTE Prelude 2 Z667G,ZTE,Prelude 2 Z667G,4.2,4,
B08BJHQVBV,Apple iPhone XS,Apple,iPhone XS,4.1,4,
B08WJQ6Z4G,Motorola Moto G 5G Plus,Motorola,Moto G 5G Plus,4.1,4,
B001EYZONY,HTC Wing,HTC,Wing,4.0,4,
B092R6B8MV,None Rino4 Pro,Unknown,Rino4 Pro,4.0,4,87.04
B07RWGGN4M,None HOMTOM S12,Unknown,HOMTOM S12,3.8,4,
B009A528TW,None T172T,Unknown,T172T,3.8,4,
B07P6LC9KF,Vivo BLU XI V0330WW GSM Phone w Dual + Camera,Vivo,BLU XI V0330WW GSM Phone w Dual + Camera,3.7,4,99.9
B000O7TUJ6,Sony W200IWH,Sony,W200IWH,3.7,4,
B08TDV7WF7,Apple iPhone 12 Mini,Apple,iPhone 12 Mini,3.7,4,
B008OP84VA,None S231,Unknown,S231,3.6,4,
B08VPZQ4BQ,None TR20072EQ,Unknown,TR20072EQ,3.6,4,
B09XJPQNX8,Samsung Galaxy A12,Samsung,Galaxy A12,3.5,4,199.0
B0B39KSZ3T,Samsung Galaxy S21 FE,Samsung,Galaxy S21 FE,3.5,4,
B07PY26MKK,Ulefone Rugged Armor 6 IP68 Waterproof Shockproof Dustproof Outdoor,Ulefone,Rugged Armor 6 IP68 Waterproof Shockproof Dustproof Outdoor,3.4,4,
B000JJGNJO,Motorola L2 L2 SLVR STYLE ATT CINGULAR BLUETOOTH,Motorola,L2 L2 SLVR STYLE ATT CINGULAR BLUETOOTH,3.3,4,
B08X1V5LFK,OnePlus GM1915,OnePlus,GM1915,3.3,4,
B093YBNMY5,Samsung Z Flip,Samsung,Z Flip,3.2,4,
B000R054HM,Motorola I465,Motorola,I465,3.2,4,
B0BD9C8TR1,ZTE Blade L9,ZTE,Blade L9,3.1,4,49.99
B00GU5Q3CI,None I9500W,Unknown,I9500W,3.0,4,
B0BHF39QCB,Nokia C200,Nokia,C200,3.0,4,53.56
B08HR2PCL4,None G90,Unknown,G90,3.0,4,
B00XM28BQ8,None CAPHG10-01,Unknown,CAPHG10-01,2.9,4,
B000SZRQGI,Sony W950i,Sony,W950i,2.7,4,
B0B1P5CHR7,None Mix 4,Unknown,Mix 4,2.5,4,
B002H9XTSW,Motorola RAZR V3,Motorola,RAZR V3,2.5,4,
B01JUD83XS,None BOLT 5.5 S,Unknown,BOLT 5.5 S,2.3,4,
B09SXTKY19,None i 12 pro max,Unknown,i 12 pro max,2.2,4,
B0B914YCMT,None S22 Ultra,Unknown,S22 Ultra,2.2,4,
B09PHTBYLC,Motorola Moto Edge Plus,Motorola,Moto Edge Plus,1.6,4,299.99
B0831596G4,None XP8,Unknown,XP8,1.0,4,199.0
B07Y1VQBCJ,None X27 PLUS,Unknown,X27 PLUS,1.0,4,
B00HQ3R1QA,Motorola Droid Maxx,Motorola,Droid Maxx,5.0,3,
B0B99NV1VN,Samsung Galaxy Z Flip4,Samsung,Galaxy Z Flip4,4.8,3,1083.98
B07VN48M81,OnePlus 6T,OnePlus,6T,4.6,3,
B085M7Q1ZP,Google Pixel 3a XL,Google,Pixel 3a XL,4.6,3,
B001L17Q22,Sony C905EUSLV,Sony,C905EUSLV,4.5,3,
B091RDGHBK,ZTE Blade A3 Lite,ZTE,Blade A3 Lite,4.5,3,
B00NOZBWRI,None Riv R55PRO 3-proof 5.5 inch 3G AWS,Unknown,Riv R55PRO 3-proof 5.5 inch 3G AWS,4.5,3,
B01MROR7IB,None Elite,Unknown,Elite,4.5,3,
B099H7SHY2,Samsung M12,Samsung,M12,4.3,3,
B07BSJGRL8,None Acer Liquid Zest Plus DS 5.5 Display Ram 4G LTE - Phone,Unknown,Acer Liquid Zest Plus DS 5.5 Display Ram 4G LTE - Phone,4.2,3,
B0833FBYKQ,Vivo BLU X5-5.7 HD Display,Vivo,BLU X5-5.7 HD Display,4.0,3,
B00FVYI6O2,Lenovo A766,Lenovo,A766,4.0,3,
B016P8A2K8,None Lumia 640,Unknown,Lumia 640,4.0,3,
B01GI34ILO,Motorola Moto E,Motorola,Moto E,3.7,3,
B09LBQCSMY,Samsung Galaxy S10e,Samsung,Galaxy S10e,3.6,3,
B09JC33FG6,Samsung SM-A528BZKHXSP,Samsung,SM-A528BZKHXSP,3.6,3,
B09MJLJMDN,Samsung Galaxy A12,Samsung,Galaxy A12,3.6,3,
B076K321NN,Motorola Moto G5S,Motorola,Moto G5S,3.5,3,
B08GKPP5WH,Samsung Galaxy A11,Samsung,Galaxy A11,3.4,3,
B08NCSR8X9,None SUWEN New,Unknown,SUWEN New,3.3,3,
B085SYG5ZX,Apple iPhone 11 Pro,Apple,iPhone 11 Pro,3.2,3,
B016ZMAMRW,Moto XT1526,Moto,XT1526,3.2,3,
B07YJ34MVF,LG G5 H820,LG,G5 H820,3.0,3,
B001BKK4EU,Sony W760,Sony,W760,3.0,3,
B0081Q9XVC,None Q360T-BLK,Unknown,Q360T-BLK,3.0,3,
B0BK71MTKD,Cubot Pocket 4 inch Without Contract,Cubot,Pocket 4 inch Without Contract,2.9,3,149.99
B09R4LLC2V,Sony Xperia 5 III,Sony,Xperia 5 III,2.8,3,798.0
B07RY4Q947,Google Pixel 3a XL,Google,Pixel 3a XL,2.8,3,
B00P27TYWQ,None Generic 4.5 Inch Rugged Apex,Unknown,Generic 4.5 Inch Rugged Apex,2.6,3,
B000SZTTRC,Sony W810i,Sony,W810i,2.5,3,
B004WJUO1U,None T210,Unknown,T210,2.5,3,
B0B7XZVD1L,None Mix 4,Unknown,Mix 4,2.5,3,
B01H7N7ILQ,None BLU Neo Energy mini,Unknown,BLU Neo Energy mini,2.4,3,
B008OAFBB6,Sony Ericsson Vivaz U5AT Global Symbian GSM,Sony,Ericsson Vivaz U5AT Global Symbian GSM,1.5,3,
B00A3W8K1G,HTC Concord,HTC,Concord,1.5,3,
B00OUU426O,Lenovo S856,Lenovo,S856,1.0,3,
B09FKHS3CB,None M11 Ultra,Unknown,M11 Ultra,1.0,3,
B005EWBRBA,Apple IPhone 4,Apple,IPhone 4,1.0,3,
B0013E07NC,Motorola MOTORIZR Z8,Motorola,MOTORIZR Z8,5.0,2,
B072MZ7LYG,Google B072MZ7LYG,Google,B072MZ7LYG,5.0,2,
B00F61E9XW,HTC NEW Butterfly S 901s Android Best Gift Fast Shipping Ship All the World,HTC,NEW Butterfly S 901s Android Best Gift Fast Shipping Ship All the World,5.0,2,
B01H968THS,Apple IPhone SE,Apple,IPhone SE,5.0,2,
B09GL2T4HM,Samsung Galaxy S20+ Plus,Samsung,Galaxy S20+ Plus,5.0,2,
B077BV933R,Apple Xawy 1 1123 iPhone 5 5s,Apple,Xawy 1 1123 iPhone 5 5s,5.0,2,
B0BB38XCV8,Samsung Galaxy Z Flip 3,Samsung,Galaxy Z Flip 3,5.0,2,
B075LL558F,Alcatel A3 Plus,Alcatel,A3 Plus,5.0,2,
B000SZOO0O,Sony W880i,Sony,W880i,4.6,2,
B00LO7OKV8,Huawei G615,Huawei,G615,4.5,2,
B003Y2FSG2,LG GS290 Cookie Fresh Phone,LG,GS290 Cookie Fresh Phone,4.5,2,
B07S85PMZ3,OnePlus 7 Pro,OnePlus,7 Pro,4.0,2,
B07H24RXF4,Umidigi Z2 6.2 FullView Display 19 9 Ratio - ROM+ Ram,Umidigi,Z2 6.2 FullView Display 19 9 Ratio - ROM+ Ram,4.0,2,
B07DPX3YLD,Alcatel 1C 5009A 5.3 Quad-Core 1.3GHz Ram Fingerprint Sensor Android 7.0,Alcatel,1C 5009A 5.3 Quad-Core 1.3GHz Ram Fingerprint Sensor Android 7.0,3.9,2,
B000KI71BS,None JAQ,Unknown,JAQ,3.5,2,
B07PPB4QHF,Motorola Moto E5,Motorola,Moto E5,3.2,2,
B004XISJE4,Sony W350,Sony,W350,3.1,2,
B0BDCH215P,Motorola Moto G 5G 2022,Motorola,Moto G 5G 2022,3.0,2,
B005MWCWVQ,HTC A810B,HTC,A810B,3.0,2,
B08BF82L64,Apple iPhone XS,Apple,iPhone XS,3.0,2,
B0058JBU0W,None Centro,Unknown,Centro,3.0,2,
B0017K8GUI,None Treo 650,Unknown,Treo 650,3.0,2,
B09N14BR22,None M1S Pro,Unknown,M1S Pro,2.9,2,
B07LFC4KZG,Alcatel Idol 5S,Alcatel,Idol 5S,2.6,2,
B000LNPS2G,Motorola W385,Motorola,W385,2.5,2,
B00PBQTIKG,Motorola XT830C,Motorola,XT830C,2.3,2,
B01C2FW2GU,None CPKT1101,Unknown,CPKT1101,2.2,2,
B087TNXY1L,Oppo Reno Ace 2,Oppo,Reno Ace 2,2.0,2,
B00MQZAUYI,None Sync 5,Unknown,Sync 5,1.5,2,
B093ZN78MR,None P20PLUS,Unknown,P20PLUS,1.0,2,
B00KH9XUYW,None Lite S,Unknown,Lite S,1.0,2,
B08PCRZNF4,None X50Pro,Unknown,X50Pro,1.0,2,
B07CKQ7J4Q,None TabletPhone-A76BK-06,Unknown,TabletPhone-A76BK-06,1.0,2,
B08JS1P82B,Samsung Note 20 Ultra,Samsung,Note 20 Ultra,5.0,1,
B000SFK3HC,Sony W850i,Sony,W850i,5.0,1,
B006ZFSUMO,None S-130-BLU,Unknown,S-130-BLU,5.0,1,
B09Z4C3JZ9,Motorola 2021,Motorola,2021,5.0,1,
B00OQ1C336,Huawei G730L Android 4.3 MSM8926 1.2GHz Quad Core 5.5 inch Wifi Bluetooth 3G,Huawei,G730L Android 4.3 MSM8926 1.2GHz Quad Core 5.5 inch Wifi Bluetooth 3G,5.0,1,
B0080YHB96,Motorola Droid Bionic XT875 XT 875 4G LTE,Motorola,Droid Bionic XT875 XT 875 4G LTE,5.0,1,
B07Q6LDY3B,LG G5,LG,G5,5.0,1,
B01H968TNC,Apple MLM32LL A,Apple,MLM32LL A,5.0,1,
B08XXSCTTZ,Samsung S20,Samsung,S20,5.0,1,
B07JN2BV8B,None BLU,Unknown,BLU,5.0,1,
B0BTQ8DPBF,Samsung Galaxy Z Fold 4 Bespoke Edition,Samsung,Galaxy Z Fold 4 Bespoke Edition,5.0,1,
B07QSB5DRN,Sony Xperia XZ3 6.0 OLED Phone,Sony,Xperia XZ3 6.0 OLED Phone,5.0,1,
B097FBYHGH,Motorola Moto G9 Play,Motorola,Moto G9 Play,5.0,1,
B076PMMKRZ,Samsung Sony Xperia X Performance,Samsung,Sony Xperia X Performance,5.0,1,
B008CHYSF6,HTC Amaze,HTC,Amaze,5.0,1,
B00WEAI6IW,None Mlais M4 Note 4G LTE Android 5.0 5.5 Inch MTK6732 64bit Quad core 1.5GHz,Unknown,Mlais M4 Note 4G LTE Android 5.0 5.5 Inch MTK6732 64bit Quad core 1.5GHz,5.0,1,
B07HNM6JW6,Vivo Y81 6.22-inches GSM LTE,Vivo,Y81 6.22-inches GSM LTE,5.0,1,
B0867LVPRN,Vivo BLU Xl,Vivo,BLU Xl,4.0,1,
B087W8HWG5,Huawei P20,Huawei,P20,4.0,1,
B000X36RVK,HTC MDA,HTC,MDA,4.0,1,
B07RZ337MY,Google Pixel 3a XL,Google,Pixel 3a XL,4.0,1,
B07KRH1SSL,Motorola Moto Z2 Play,Motorola,Moto Z2 Play,4.0,1,
B07CTF3B98,Huawei Honor 10,Huawei,Honor 10,4.0,1,
B003KGB5T6,Motorola A45EUBLK,Motorola,A45EUBLK,4.0,1,
B00KVCWFP0,None Generic iMAN i3 Wireless Charging Rugged,Unknown,Generic iMAN i3 Wireless Charging Rugged,4.0,1,
B0BXS6P71F,None phone5,Unknown,phone5,3.0,1,76.0
B007BYSNN4,None Q160P,Unknown,Q160P,3.0,1,
B09Y5YJ4KR,Blackview A80 PRO,Blackview,A80 PRO,2.0,1,
B07CY391N1,None Pantech Perception ADR930LVW,Unknown,Pantech Perception ADR930LVW,2.0,1,
B004K4W69U,Motorola C168i GSM Phone,Motorola,C168i GSM Phone,2.0,1,
B016PNUHKS,None z60203,Unknown,z60203,2.0,1,
B00CLGIX82,None J510,Unknown,J510,2.0,1,
B00NIENB9W,None D140T,Unknown,D140T,1.0,1,
B0BPGHDGM4,Samsung Total by Galaxy A03s,Samsung,Total by Galaxy A03s,1.0,1,99.76
B07LDT17C9,Google Pixel 2,Google,Pixel 2,1.0,1,
B09NY2V8NQ,None Reolme 7,Unknown,Reolme 7,1.0,1,
B004D4GWPG,Motorola I776,Motorola,I776,1.0,1,
B00ND911W6,None BLU Dash JR Social D140s GSM Dual-SIM Android 2.3,Unknown,BLU Dash JR Social D140s GSM Dual-SIM Android 2.3,1.0,1,
B09FQZ8YP6,Motorola Moto G20,Motorola,Moto G20,1.0,1,196.99
B0B3NG98G4,None MIX4,Unknown,MIX4,1.0,1,103.09
B009S4RUQQ,None G-BLU-S231T-WHT,Unknown,G-BLU-S231T-WHT,1.0,1,
