aspect_sentiment_id,sentence_id,sentence_text,aspect,predicted_sentiment,method,gold_sentiment,gold_aspect,notes
5320,14028,"Pristine condition, 98% battery capacity, great value.",battery,positive,lexicon,,battery,
10101,24827,Fast shipping and the phone still works well no glitches and received in perfect condition.,performance,positive,lexicon,,performance,
3035,8120,"The performance is lightning-fast, thanks to the A13 Bionic chip, making multitasking and gaming a breeze.",performance,positive,lexicon,,performance,
295,862,Just needed to give it a good charge before using.,battery,positive,lexicon,,battery,
1054,3038,Touch and screen is perfect.,display,positive,lexicon,,display,
9010,22408,"If you charge it like a normal person probably would, you would likely find it without any issues. ☺️👍",battery,positive,lexicon,,battery,
10236,25127,Pro's: -Oxygen OS (Near stock android which is what I prefer) -120Hz display that is locked at 120Hz -Specs for $729 -Works on all carriers (5G only on Verizon/Visible and T-Mobile) -no call issues on Verizon unlike what T-Mobile customers are experiencing -improved camera over OnePlus 8 Pro (despite having the same main sensor as the 8 Pro) -Fast using experience -Fingerprint sensor works good and in a good location for my grip style -solid battery life (gets me a solid day out of it even with a 120Hz display) -alert slider (I never knew I needed this till used it) -Warp Charge 65T (holy hell is it fast) Con's: -Nightscape (night mode) is hit or miss (could be improved with a software update) -some pictures look like the sun is starting to go down,display,positive,lexicon,,display,
9554,23706,The fingerprint reader is accurate and fast.,performance,positive,lexicon,,performance,
10428,25501,Best phone and best deal,price,positive,lexicon,,price,
9920,24381,I noticed pictures come out better outside then they do inside.,camera,positive,lexicon,,camera,
12042,29955,"Love the battery life, rapid charging, and screen without any notches or holes.",battery,positive,lexicon,,battery,
8597,21286,Definitely worth the money!,price,positive,lexicon,,price,
12627,31530,good phone no scratches full battery,battery,positive,lexicon,,battery,
7012,17835,No scratches or dings and a great battery life too.,battery,positive,lexicon,,battery,
11785,29173,The overall value of this phone is great.,price,positive,lexicon,,price,
12326,30664,9/10 very good for the price,price,positive,lexicon,,price,
10946,26919,99% battery health and perfect Samsung G9Q display panel installed.,battery,positive,lexicon,,battery,
752,2180,"Great body, an okay battery.",battery,positive,lexicon,,battery,
6822,17339,"The price was amazing too, honestly one of the best deals I have seen for an iPhone 15 Pro.",price,positive,lexicon,,price,
7197,18286,"-The phone is solid and well built end to end - ""stunningly impressive"" are also its IP67/IP68/MIL-STD 810H ratings which no other phone that I am aware of can make claim to at this price point.",price,positive,lexicon,,price,
9945,24438,"The phone's sound quality, the screen, the color, it keeps a charge like I needed since my other phone decided to malfunction on me and overheat or keep a charge.",performance,positive,lexicon,,performance,
10134,24907,"Great battery life, fingerprint reader is reliable and easy to use (haven't used the facial recognition yet), sleek styling and feels solidly-built, processor is fast enough to be very responsive with typical apps, display is clear and bright (although brightness falls off considerably when viewed from off-angle).",performance,positive,lexicon,,performance,
6393,16259,"It also charges very fast, but lasts longer than it was charged.",battery,positive,lexicon,,battery,
3222,8540,The phone itself works great but it was a line down the screen but I didn't purchase the warranty and I didn't think I could send it back but I would like to get a replacement if possible because I bought it as a gift.for my grandson,display,positive,lexicon,,display,
4732,12433,"I have been using it for a couple of months now, no issues, and battery health was at 98 when I got it.",battery,positive,lexicon,,battery,
4477,11789,And there's some scratches but nothing a case won't cover the screen looks great.,display,positive,lexicon,,display,
9692,23969,It's an iPhone at a good price and with going renewed you are saving the planet.,price,positive,lexicon,,price,
2393,6807,"I love the photos and the way it handles the HDR, you just open the camera app and shoot, in videos, the best stabilization on a smartphone.",display,positive,lexicon,,display,
1520,4425,"aside from that the phone came in excellent condition, battery life came at 84% and in 4 months since the purchase it is still at 84%, would have prefer a little more than 84%, for the price I can't complain.",battery,positive,lexicon,,battery,
8166,20392,"Here , keeping it at Default, slower charge is fine with me One picture of my custom home screen",display,positive,lexicon,,display,
8159,20376,"Camera records directly to SD card Phone performance is good, responsive .",performance,positive,lexicon,,performance,
12133,30227,"Clear, detailed, vibrant colors.",display,positive,lexicon,,display,
4605,12113,Well worth the money.,price,positive,lexicon,,price,
6245,15883,"The replacement was a little better at 91% battery health, which I was fine with - but it also had a non-OEM aftermarket screen.",battery,positive,lexicon,,battery,
2969,7999,The camera quality is great.,camera,positive,lexicon,,camera,
8144,20357,"For the price the performance is accully pretty good and the camera, wile not Amazing definitely dose not disappointing.",performance,positive,lexicon,,performance,
6999,17791,Definitely value for money,price,positive,lexicon,,price,
2565,7177,The camera is amazing as it permits HD photos from 24 to 60 frames and it also has 4K.,camera,positive,lexicon,,camera,
10851,26667,"The 6.6"" screen is bright and smooth, apps run without drama, and Android 14 feels clean and snappy - like the phone actually wants to help me get things done.",display,positive,lexicon,,display,
10177,25003,"If you're deciding between an older flagship and a midrange phone, I think pretty much you're always going to get a better deal with an older flagship (betters specs) unless you need a specific feature from a budget phone like sd card or phone jack.",price,positive,lexicon,,price,
4812,12635,Great buy for the price !,price,positive,lexicon,,price,
11257,27754,But the tech is much better now and the folding screen isn't so hard to get used to.,display,positive,lexicon,,display,
6521,16612,My only problem is it's intense on HDR😂 Display: I like the 90hz it's smooth but I'm not really impressed considering I cam from a Samsung.,performance,positive,lexicon,,performance,
10921,26862,Don't risk it. HW and SW performance in contrast is flawless.,performance,positive,lexicon,,performance,
1433,4165,Seems like a great deal.,price,positive,lexicon,,price,
7392,18663,"Just don't expect it to perform at the levels of any ""premium"" brand in terms of multitasking or expect the same kind of beautiful granularity on videos.",performance,positive,lexicon,,performance,
2602,7236,Feels good smooth no issues yet the charger I can say it's not a compatible charger.,performance,positive,lexicon,,performance,
5937,15302,"The camera quality is incredible, the display is bright and smooth, and the battery lasts all day.",performance,positive,lexicon,,performance,
1207,3493,"Still, all in all, this is not a bad price for a working phone with a 100% factory fresh battery.",battery,positive,lexicon,,battery,
10865,26679,"Battery life is excellent, 2 to 3 days with light usage.",battery,positive,lexicon,,battery,
7989,20048,"It's actually really good resolution, I had to get a magnifying glass just to see what is the pixel size.",display,positive,lexicon,,display,
271,753,"Performance & Battery: It functions perfectly! fast loading, smooth touch response, and great battery health that easily lasts through the day and if I'm not in my phone watching videos will likely last more than a day!",camera,positive,lexicon,,camera,
9946,24443,Everything so far has met my expectations and I like it because it has a battery overprotection setting that protects my battery life by prolonging it.,battery,positive,lexicon,,battery,
10860,26672,"Calls are clear, 5G is fast, and the unlocked Verizon compatibility means no carrier attitude problems. Battery life? Solid.",battery,positive,lexicon,,battery,
3903,10444,"if you live on your phone all day scrolling social media and battery life is everything to you, buying new might still make more sense.",battery,positive,lexicon,,battery,
2964,7993,I'm freaking happy I got one heck of a deal !,price,positive,lexicon,,price,
9948,24447,"I really like this phone-speed is fine, snappy and smooth, and it's battery life is great.",performance,positive,lexicon,,performance,
12336,30685,So far I am pleased with the battery performance.,battery,positive,lexicon,,battery,
9856,24250,"If you looked at my new phone and I told you it was from apple, you'd believe it, absolutely worth the money.",price,positive,lexicon,,price,
11288,27821,"Another advantage it has is a marginally better camera, though neither is as capable as what can be had in a brick phone.",camera,positive,lexicon,,camera,
384,1135,"The A12 Bionic chip ensures smooth operation, and the battery life is commendable.",battery,positive,lexicon,,battery,
5791,14984,With the new Liquid Glass update it is making this phone die fast so I am replacing the battery myself.,battery,positive,lexicon,,battery,
649,1916,100% worth every penny :).,price,positive,lexicon,,price,
3188,8454,Thank you because I paid for it at very affordable fees.,price,positive,lexicon,,price,
1224,3548,Touch and screen is perfect.,display,positive,lexicon,,display,
4391,11599,"It came with a non-Apple charging cord, but it seems to work just fine.",battery,positive,lexicon,,battery,
356,1065,"if the battery was faulty, they should have caught it and fixed the issue before sending it out.",battery,negative,lexicon,,battery,
7397,18677,The camera seems ok but no better than the 4 year old one with many less megapixels.,camera,negative,lexicon,,camera,
10527,25776,"I'm not enough of a photographer to really know the difference, but I haven't had any issues with the camera.",camera,negative,lexicon,,camera,
2659,7359,Additionally the phone is constantly overheating - it can't be used for a phone conversation more than 30-40 mins without shutting down to being too hot.,performance,negative,lexicon,,performance,
5750,14916,"Picture 1: I was a little disappointed that it only had 92% BH, I hoped for a higher number considering that with my currency conversion the phone cost two thirds of my monthly salary.",price,negative,lexicon,,price,
9933,24413,I can't believe it's 2025 and there are still Android phones this laggy.,performance,negative,lexicon,,performance,
6098,15599,"I purchase this phone in July 25, so it been a year since i made this horrible decision (waste of money genuinely) when i first got the phone i should've know it would've been bad when it was the hottest thing i ever touches when i first charged it when it came out the box.",price,negative,lexicon,,price,
10363,25359,Unfortunately OP has resorted to throttling apps to tackle these battery/heat issues.,battery,negative,lexicon,,battery,
11822,29341,It charges a bit slow (about 2 hours for full charge).,performance,negative,lexicon,,performance,
7351,18597,faulty charging Moto wire and power brick wasn't the phone at all .,battery,negative,lexicon,,battery,
11002,27064,"I was calling to see if I coupd switch suppliers from Canada Post because they're on strike but was then advised that I also had to submit pictures of the defective phone, something that wasn't asked of me prior to shipping the phoneSomething that was never brought up the 3-4 times I had called prior to this date.",camera,negative,lexicon,,camera,
7230,18340,The camera seems ok but no better than the 4 year old one with many less megapixels.,camera,negative,lexicon,,camera,
201,572,"Because when I charge it when it gets to a low percentage, it kind of fluctuates before the percentage starts to go up and thats a little annoying.",battery,negative,lexicon,,battery,
4227,11239,"the battery health - while entirely within the spec for Amazon refurbished (i.e., ""80% or greater"") - was still a disappointment at only 84%. Still. Cosmetic-wise. acceptable.",battery,negative,lexicon,,battery,
8186,20415,"For someone who's constantly posting selfies and stuff, it's bad enough to be a deal breaker.",price,negative,lexicon,,price,
2849,7753,I could not get a good angle with my iPad to take a picture of the scratch that is on Top left camera lens.,camera,negative,lexicon,,camera,
2739,7510,I have still not done this since I'm skeptical and don't understand how they can give me a price if they don't even know the actual problem or if they need parts.,price,negative,lexicon,,price,
1537,4483,"WirelessSource replied by sending a generic message offering a 5% refund if I were to keep the phone, and asked for photos of the problem despite me having already sent them.",camera,negative,lexicon,,camera,
1027,2953,"WirelessSource replied by sending a generic message offering a 5% refund if I were to keep the phone, and asked for photos of the problem despite me having already sent them.",camera,negative,lexicon,,camera,
4584,12070,"It can also get warm if you use it heavily for hours without a break, especially if it's covered by something like a blanket, but I haven't had any serious overheating issues.",performance,negative,lexicon,,performance,
2094,6081,"Hopefully, we won't have any issues, but I'm disappointed that the battery health wasn't as advertised. Buyer beware.",battery,negative,lexicon,,battery,
3438,9059,I also always stand up for myself when there is an issue with an order and I'm glad I did because as I stated this iPhone was leaps and bounds above the first one I received and so my hat is off to Cell Surfers who sell their refurbished iPhones on the Amazon renewed store occasionally if Amazon runs out of stock or their is an issue.,battery,negative,lexicon,,battery,
8244,20514,It's absolutely ridiculous that phones cost more than your average laptop and that's without an sd card slot.,price,negative,lexicon,,price,
4362,11525,"Thankfully, I had an extra charger on hand, so this issue wasn't a dealbreaker for me.",battery,negative,lexicon,,battery,
3403,8952,"On top of that is also has issues with the touchscreen being glitchy, and sometimes I have to tap on things several times to get them to work.",display,negative,lexicon,,display,
6686,17051,I'm going to look into it more and will update what I figure out about the lock screen issue and if the charging heat issue continues.,performance,negative,lexicon,,performance,
9160,22805,"Not fantastic like my old Moto G Power, that would last three days easily, without needing a charge.",battery,negative,lexicon,,battery,
11336,27954,- Had my phone for two years; it died in a jacuzzi.,battery,negative,lexicon,,battery,
2180,6292,"Unfortunately, in this case, the battery was bad even though it displayed 90%+.",battery,negative,lexicon,,battery,
7135,18147,"Please see all attached photos of everything that I received in the box and look at the photos where I highlighted the issues with the wrong model number, the reduced RAM, and the lack of an expandable storage slot built into the sim tray.",camera,negative,lexicon,,camera,
12230,30459,"Battery hasn't been an issue for me, camera good and speakers do the job especially coming from the 13.",battery,negative,lexicon,,battery,
4638,12203,"these are expensive, unusable bricks, and shame on BB/Geek Squad for selling these phones to the public.",price,negative,lexicon,,price,
11780,29163,I don't expect it'll be an issue for me. I'm not looking to run games in HD at 60+ fps.,performance,negative,lexicon,,performance,
7663,19231,"it's perfect. I was scared a bit because earlier I tried to buy a Samsung s21 and got a phone with broken front cam, defected fingerprint, very exhausted battery that overheats ( from another seller!) but here I decided to trust seller Macalegin Electronics cuz he has over 96% positive reviews or something like that.",performance,negative,lexicon,,performance,
10905,26801,"What a waste of time, energy and money.",price,negative,lexicon,,price,
3266,8633,The worst sign of usage is a chip above the top of the highest camera lens.,camera,negative,lexicon,,camera,
8423,20813,"However, from the very beginning I also told them that my phone didn't come with all the things that the description said, it had a USB-A to USB-C cable instead of a USB-C to USB-C one, no Quick Switch Adapter, no SIM tool to remove it from the phone, and the charger doesn't even work!",battery,negative,lexicon,,battery,
3605,9554,"Good phone, but 84% battery health and too expensiveGood phone, but 84% battery health and too expensive.",price,negative,lexicon,,price,
1493,4338,"I originally got a Renewed/Refurbished iPhone 12, but the battery life was disappointing when compared to iPhone 6S Plus.",battery,negative,lexicon,,battery,
2745,7525,It was decent yet I wasn't really happy that it had a dent in the screen.,display,negative,lexicon,,display,
2981,8014,3) overall functionality [defective charging port].,battery,negative,lexicon,,battery,
9171,22836,"2. I'm only seeing a slightly better battery performance than the Samsung, which is very disappointing, because of the POWER name, that is slapped on it.",performance,negative,lexicon,,performance,
3636,9647,I also always stand up for myself when there is an issue with an order and I'm glad I did because as I stated this iPhone was leaps and bounds above the first one I received and so my hat is off to Cell Surfers who sell their refurbished iPhones on the Amazon renewed store occasionally if Amazon runs out of stock or their is an issue.,battery,negative,lexicon,,battery,
10543,25826,"The preinstalled screen protector was also poorly sized, leaving parts of the screen exposed.",display,negative,lexicon,,display,
6847,17387,"I felt that if there was any problems, having Amazon as the seller would entail less hassles with the resolution process.",display,negative,lexicon,,display,
12375,30782,"I had always thought of the iPhone Air as a terrible compromise: larger (but not largest) screen, lesser camera, and far less battery capacity.",camera,negative,lexicon,,camera,
10583,25961,My biggest complaint is that it overheats during zoom meetings.,performance,negative,lexicon,,performance,
10472,25632,Any heavy mobile game will of course drain it very quickly.,battery,negative,lexicon,,battery,
1273,3691,This iphone is slow and has glitches. Iphone 13.,performance,negative,lexicon,,performance,
7105,18093,"The only problem with 120 fps is that developers need to update their software to support it, meaning a lot of games/apps will still run locked at 60 fps, but that's not the phones fault.",performance,negative,lexicon,,performance,
3194,8470,The worst sign of usage is a chip above the top of the highest camera lens.,camera,negative,lexicon,,camera,
2623,7273,Battery life itself isn't great either.,battery,negative,lexicon,,battery,
4854,12742,"For a device that is supposed to last for years, experiencing major screen problems after only a few weeks is completely unacceptable.",display,negative,lexicon,,display,
3934,10534,"Good phone, but 84% battery health and too expensiveGood phone, but 84% battery health and too expensive.",battery,negative,lexicon,,battery,
11932,29662,"Otherwise, the screen stayed a very dull color like a low light, but still showed your screen and notifications which I'd rather just look at those when I want to and not have it showing all the time on the phone.",display,negative,lexicon,,display,
8875,22033,"Overall, I already expected the camera to be bad, but it turned out to be pretty good.",camera,negative,lexicon,,camera,
10555,25879,"Poorly refurbished, likely reusing old screen adhesive.",display,negative,lexicon,,display,
6575,16783,A rip-off. The phone screen stopped working after only two charges. A rip-off!,battery,negative,lexicon,,battery,
7769,19498,"An iPhone 15 plus has a OLED screen, mine came with a poor quality, visually and physically cheap lcd that looks terrible and is less then fragile.",price,negative,lexicon,,price,
830,2399,That's $300+ down the drain.,battery,negative,lexicon,,battery,
6489,16524,Battery health NOT 80% or better.,battery,negative,lexicon,,battery,
10999,27060,Phone overheats and stops charging.,battery,negative,lexicon,,battery,
3318,8750,Reach out to seller and explain the issue - they can even confirm the Apple diagnostic through the serial number - They offer $25 refund if I'll keep the phone.,price,negative,lexicon,,price,
5658,14723,"even though it got warm on FaceTime, my iPhone camera wasn't glitching now it's two days later my iPhone is overheating once again, but now this time the camera is glitching but everything else is running smoothly.",performance,negative,lexicon,,performance,
9127,22747,2) Phone freezes - I've had a few instances where the phone has frozen for over 2 minutes.,performance,negative,lexicon,,performance,
293,845,Apple - not worth all the money & certainly nothing to brag about.,price,negative,lexicon,,price,
6293,15972,One of the main reasons I chose the iPhone 14 Pro Max was for its three-camera setup.,camera,neutral,lexicon,,camera,
6265,15923,No apple battery.,battery,neutral,lexicon,,battery,
11329,27939,"Same for gaming, since many people want to game on their devices.",performance,neutral,lexicon,,performance,
12021,29900,came in with 100% battery capacity and no scratches.,battery,neutral,lexicon,,battery,
9641,23877,"Even so, I was curious and carefully opened the phone box to see it had clearly been used due to the finger strokes/scratches on the phone's peelable screen cover!",display,neutral,lexicon,,display,
11859,29464,"- 14: I always buy one generation behind because it is usually at a 40+% discount, and the 14 is very similar to the 15 in terms of aesthetic and performance.",performance,neutral,lexicon,,performance,
5297,13970,The camera system is another major highlight.,camera,neutral,lexicon,,camera,
6639,16931,My thinking was the battery state was probably the vulnerable aspect.,battery,neutral,lexicon,,battery,
3978,10655,Brand-new screen with 95% battery health.,display,neutral,lexicon,,display,
7508,18930,"My battery now will not hold a charge longer than a few hours, even if I'm not on it and nothings running.",battery,neutral,lexicon,,battery,
7352,18600,Something strange is happening with charging the phone.,battery,neutral,lexicon,,battery,
1697,4959,battery is 99% and it's working well.,battery,neutral,lexicon,,battery,
5585,14567,"here's why: The battery health was on 88% and 751 cycles, there's no lag, a little bit of heating, I was using it while charging and on call (almost all iPhones heat up), no scratches on screen or cameras, some scratches on the sides of the phone (shown in pictures",display,neutral,lexicon,,display,
7544,18999,"It even came with the protective screen film still applied, which I really appreciated, as it showed just how much care went into preparing it.",display,neutral,lexicon,,display,
599,1725,"Value: Saving money while getting a fully functional, unlocked 128GB iPhone makes purchasing through Amazon Renewed an absolute no-brainer.",price,neutral,lexicon,,price,
2680,7397,Camera decided to quit in under two weeks.,camera,neutral,lexicon,,camera,
10656,26229,2 stars Battery health is 81% which is unacceptable for renewed premium.,battery,neutral,lexicon,,battery,
6341,16095,"A 2% drop in health in just 10 days implies an unstable unhealthy battery (at least), and at worst a manipulated battery rating in order to pass it off as ""premium.""",battery,neutral,lexicon,,battery,
6900,17549,"Unfortunately, the phone came glitching lines down the screen everytime we went to type.",display,neutral,lexicon,,display,
2220,6386,It makes sure you can take a quality picture everything you press the button.,camera,neutral,lexicon,,camera,
5754,14927,"here's why: The battery health was on 88% and 751 cycles, there's no lag, a little bit of heating, I was using it while charging and on call (almost all iPhones heat up), no scratches on screen or cameras, some scratches on the sides of the phone (shown in pictures",battery,neutral,lexicon,,battery,
7532,18977,It came with the charger.,battery,neutral,lexicon,,battery,
10596,25997,The charging port shows noticeable wear.,battery,neutral,lexicon,,battery,
11220,27631,"there is just enough - A little tough to find a case that actually stays on - Cameras and UI could be better, it operates like a Moto should - Not worth the $999 price, totally worth the sale price Well that's a brief rundown of how I feel about it so far.",price,neutral,lexicon,,price,
9836,24211,"While applying the screen protector, I noticed that wiping the screen down with the alcohol wipe revealed a visible scratch, at first I thought it was just glue residue, but it was an actual scratch.",display,neutral,lexicon,,display,
9001,22373,The camera lenses on the back protrude.,camera,neutral,lexicon,,camera,
1640,4803,Battery wasn't to the standard that was promised.,battery,neutral,lexicon,,battery,
7717,19359,"Phone had no signs if use on the screen, left side had some scratches .",display,neutral,lexicon,,display,
4926,12954,Mine shipped without a charger.,battery,neutral,lexicon,,battery,
3020,8099,"Because I do not use passcodes, and I am often activating the screen, just by carrying it around the house or in my purse.",display,neutral,lexicon,,display,
5908,15246,After a few days of use I believe there is something wrong with the battery OR it's just old; the phone does die very quickly and it powered itself off at only 20% which is odd.,battery,neutral,lexicon,,battery,
9112,22697,That's a big thing for me because it keeps me untethered from the charging socket.,battery,neutral,lexicon,,battery,
10299,25242,"Speed, durability and camera.",camera,neutral,lexicon,,camera,
140,408,And came with a new generic charger and charging block.,battery,neutral,lexicon,,battery,
10730,26391,Battery health was at 100% with 2 charge cycles out of the box.,battery,neutral,lexicon,,battery,
1836,5364,I got 100% battery life since the battery and logic board were replaced.,battery,neutral,lexicon,,battery,
3350,8827,"The price beat buying new, but I've always gotten several YEARS of use.Just 14 months this time.",price,neutral,lexicon,,price,
7810,19598,"In advance, I had ordered the ""GVIEWIN for iPhone 15 Plus Case Floral, with Screen Protector&Camera Lens Protector"" also from Amazon.",camera,neutral,lexicon,,camera,
4222,11219,"I went to the local Batteries Plus to ask a price for screen replacement; the employee took the protective case off to take a look, and we discovered the rear phone cover was shattered!",price,neutral,lexicon,,price,
11786,29174,You could spend 3-5X the cost of this renewed phone for the newest flagship model from another manufacturer.,price,neutral,lexicon,,price,
7215,18318,"In terms of the other elements of comparison I noted: RAM is 4gigs vs the Galaxy's 8 gigs, and the Qualcomm Snapdragon 4 Gen 1 is definitely a more budget processor vs the Galaxy S10's processor specs.",price,neutral,lexicon,,price,
3889,10400,It also says it may not have an apple battery. See photo.,battery,neutral,lexicon,,battery,
10422,25467,But around the outer edges of the screen were sticky smudges of what I can only assume was glue or sealant from the screen being repaired.,display,neutral,lexicon,,display,
2325,6659,"Then, the battery.",battery,neutral,lexicon,,battery,
9030,22495,"There is one drawback: the charger included in the box is only 10 watts, which is equivalent to a regular gas station charger.",battery,neutral,lexicon,,battery,
9445,23448,"This was a ""win~win"" - Son got the phone he wanted at a price Mom wanted.",price,neutral,lexicon,,price,
4309,11417,maybe a bunch of money.,price,neutral,lexicon,,price,
2658,7358,"Phone functions normally for the most part, but the lock screen constantly doesn't recognize when you try to swipe until you hit the lock button again.",display,neutral,lexicon,,display,
9953,24455,Average 5500mah battery lasts the day.,battery,neutral,lexicon,,battery,
1374,4000,"It also came with a pretty obvious half-inch scratch running along its side, the glint of which you can see above the charging cable in the photo below.",battery,neutral,lexicon,,battery,
1651,4828,"However, inside the box there was an inspection card clearly stating that the battery health was ""90%+ confirmed.""",battery,neutral,lexicon,,battery,
1661,4843,Worth the money when you consider device repair if it is dropped/broken.,price,neutral,lexicon,,price,
9136,22765,These so called budget phones work for me with speed and reliability.,performance,neutral,lexicon,,performance,
8955,22236,It may not hold a charge as long as it should and does get a little bit hot at times bt I am constantly on it as I do everything on it.,battery,neutral,lexicon,,battery,
8341,20674,"Camera: A Photographer's Dream If there's one thing Google consistently nails, it's the camera.",camera,neutral,lexicon,,camera,
4236,11259,maybe a bunch of money.,price,neutral,lexicon,,price,
6055,15519,Camera lenses look new.,camera,neutral,lexicon,,camera,
8687,21539,There were 2 micro scratches on the screen.,display,neutral,lexicon,,display,
12628,31534,The battery was almost 100%.,battery,neutral,lexicon,,battery,
4090,10942,"I powered it on, it greeted me with Apple's famous multilingual 'Hello' screen.",display,neutral,lexicon,,display,
9588,23778,"The bezels are pretty chunky, especially the bottom/chin of the device.",display,neutral,lexicon,,display,
7950,19921,"I still installed GCam port and sometimes use it, but for most photos I just use the Moto Camera 5 app.",camera,neutral,lexicon,,camera,
1849,5400,After I decided this I contacted the seller and explained this and asked for 20% partial refund which would help pay for the repairs not even a small portion of what I'm sure it will actually cost me plus the headaches but 20% is all!,price,neutral,lexicon,,price,
2012,5885,Maximum charging capacity 91%.,battery,neutral,lexicon,,battery,
7509,18931,"I have to charge it at least once during the day, if not twice no matter how much I'm on it.",battery,neutral,lexicon,,battery,
146,424,"And oh man, talk about the screen size.",display,neutral,lexicon,,display,
