smartphone_id,name,brand,price,review_count,battery,battery_mentions,camera,camera_mentions,display,display_mentions,performance,performance_mentions,design,design_mentions,price_mentions
1,Apple iPhone 11,Apple,0.7775,5,0.5252,8,0.68,3,0.609,6,0.58,1,0.8178,4,4
2,Apple iPhone 11,Apple,0.7998,13,0.6058,17,0.694,5,0.6307,8,0.5686,2,0.7907,10,5
3,Apple iPhone 11,Apple,0.833,8,0.702,9,0.7057,2,0.6713,2,0.6633,1,0.7601,6,1
4,Apple iPhone 11,Apple,0.8332,21,0.5665,30,0.6309,6,0.642,14,0.5533,4,0.7907,10,10
5,Apple iPhone 11,Apple,0.8332,21,0.5665,30,0.6309,6,0.642,14,0.5533,4,0.7907,10,10
6,Apple iPhone 11,Apple,0.8332,21,0.5665,30,0.6309,6,0.642,14,0.5533,4,0.7907,10,10
7,Apple iPhone XR,Apple,0.6816,11,0.7015,14,0.6435,12,0.6928,9,0.7467,1,0.8634,7,6
8,Apple iPhone XR,Apple,0.7272,20,0.6341,31,0.64,16,0.6391,18,0.8113,11,0.7574,10,17
9,Apple iPhone XR,Apple,0.7272,20,0.6341,31,0.64,16,0.6391,18,0.8113,11,0.7574,10,17
10,Apple iPhone XR,Apple,0.7291,20,0.6273,29,0.64,16,0.6608,18,0.724,15,0.72,8,19
11,Apple iPhone XR,Apple,0.7291,20,0.6273,29,0.64,16,0.6608,18,0.724,15,0.72,8,19
12,Apple iPhone 12,Apple,0.842,11,0.701,24,0.6743,9,0.6374,11,0.8557,9,0.6512,4,14
13,Apple iPhone 12,Apple,0.842,11,0.701,24,0.6743,9,0.6374,11,0.8557,9,0.6512,4,14
14,Apple iPhone 12,Apple,0.8408,20,0.7082,35,0.6162,16,0.6499,13,0.8738,11,0.7146,6,17
15,Apple iPhone 13,Apple,0.8234,14,0.5795,18,0.6293,10,0.6222,13,0.5891,6,0.7326,3,12
16,Apple iPhone 13,Apple,0.8635,24,0.6402,33,0.6141,12,0.6681,17,0.5891,6,0.7361,5,17
17,Apple iPhone 13,Apple,0.8635,24,0.6402,33,0.6141,12,0.6681,17,0.5891,6,0.7361,5,17
18,Apple iPhone 13,Apple,0.8635,24,0.6402,33,0.6141,12,0.6681,17,0.5891,6,0.7361,5,17
19,Apple iPhone 13,Apple,0.8635,24,0.6402,33,0.6141,12,0.6681,17,0.5891,6,0.7361,5,17
20,Apple iPhone 13,Apple,0.8635,24,0.6402,33,0.6141,12,0.6681,17,0.5891,6,0.7361,5,17
21,Apple iPhone 13,Apple,0.8635,24,0.6402,33,0.6141,12,0.6681,17,0.5891,6,0.7361,5,17
22,Apple iPhone 13,Apple,0.8635,24,0.6402,33,0.6141,12,0.6681,17,0.5891,6,0.7361,5,17
23,Apple iPhone 13,Apple,0.8635,24,0.6402,33,0.6141,12,0.6681,17,0.5891,6,0.7361,5,17
24,Apple iPhone 13,Apple,0.8635,24,0.6402,33,0.6141,12,0.6681,17,0.5891,6,0.7361,5,17
25,Apple iPhone 13,Apple,0.8635,24,0.6402,33,0.6141,12,0.6681,17,0.5891,6,0.7361,5,17
26,Apple iPhone 13,Apple,0.8635,24,0.6402,33,0.6141,12,0.6681,17,0.5891,6,0.7361,5,17
27,Apple iPhone SE 2nd Generation,Apple,0.8332,13,0.6331,20,0.6343,2,0.6544,6,0.7829,2,0.7951,3,16
28,Apple iPhone SE,Apple,0.8571,22,0.5696,50,0.6044,4,0.6571,9,0.7756,4,0.7623,4,23
29,Apple iPhone SE 2nd Generation,Apple,0.8571,22,0.5696,50,0.6044,4,0.6571,9,0.7756,4,0.7623,4,23
30,Apple iPhone SE 2nd Generation,Apple,0.8332,13,0.6331,20,0.6343,2,0.6544,6,0.7829,2,0.7951,3,16
31,Apple iPhone 11 Pro,Apple,0.8498,12,0.546,13,0.8087,11,0.7466,10,0.8831,8,0.8217,7,5
32,Apple iPhone 11 Pro,Apple,0.8999,22,0.6567,29,0.8576,20,0.7478,18,0.88,16,0.835,11,10
33,Apple iPhone 11 Pro,Apple,0.8999,22,0.6567,29,0.8576,20,0.7478,18,0.88,16,0.835,11,10
34,Apple iPhone 12 Mini,Apple,0.7221,20,0.4958,36,0.605,23,0.6333,19,0.6414,9,0.8472,9,13
35,Apple iPhone 12 Mini,Apple,0.7221,20,0.4958,36,0.605,23,0.6333,19,0.6414,9,0.8472,9,13
36,Apple iPhone 12 Mini,Apple,0.7221,20,0.4958,36,0.605,23,0.6333,19,0.6414,9,0.8472,9,13
37,Apple iPhone 12 Mini,Apple,0.7082,10,0.4936,22,0.58,13,0.5944,13,0.598,5,0.8734,4,7
38,Apple iPhone 11 Pro Max,Apple,0.7618,19,0.6123,38,0.6856,27,0.6448,24,0.7767,13,0.724,10,16
39,Apple iPhone 11 Pro Max,Apple,0.7894,10,0.6665,21,0.7646,8,0.7443,4,0.8062,8,0.7146,6,14
40,Apple iPhone 11 Pro Max,Apple,0.7618,19,0.6123,38,0.6856,27,0.6448,24,0.7767,13,0.724,10,16
41,Apple iPhone XS,Apple,0.6469,13,0.5884,27,0.7867,7,0.5922,8,0.79,7,0.8576,3,12
42,Apple iPhone 12 Pro,Apple,0.6249,10,0.6414,15,0.594,5,0.5466,10,0.58,1,0.7623,4,11
43,Apple iPhone 12 Pro,Apple,0.6388,19,0.6522,30,0.6743,9,0.5349,15,0.498,5,0.7574,10,13
44,Apple iPhone 12 Pro,Apple,0.6388,19,0.6522,30,0.6743,9,0.5349,15,0.498,5,0.7574,10,13
45,Apple iPhone 12 Pro,Apple,0.6388,19,0.6522,30,0.6743,9,0.5349,15,0.498,5,0.7574,10,13
46,Apple iPhone 14,Apple,0.8568,5,0.4931,20,0.7057,2,0.5998,2,0.58,1,0.7658,2,2
47,Apple iPhone 14,Apple,0.7498,6,0.6022,8,0.6343,2,0.5777,4,0.6633,1,,0,9
48,Apple iPhone 14,Apple,0.7811,18,0.5911,37,0.7033,7,0.5999,7,0.6089,4,0.7043,9,11
49,Apple iPhone 14,Apple,0.7811,18,0.5911,37,0.7033,7,0.5999,7,0.6089,4,0.7043,9,11
50,Apple iPhone 14,Apple,0.7811,18,0.5911,37,0.7033,7,0.5999,7,0.6089,4,0.7043,9,11
51,Apple iPhone 14,Apple,0.7811,18,0.5911,37,0.7033,7,0.5999,7,0.6089,4,0.7043,9,11
52,Apple iPhone 14,Apple,0.7811,18,0.5911,37,0.7033,7,0.5999,7,0.6089,4,0.7043,9,11
53,Apple iPhone 14,Apple,0.7811,18,0.5911,37,0.7033,7,0.5999,7,0.6089,4,0.7043,9,11
54,Apple iPhone 14,Apple,0.7811,18,0.5911,37,0.7033,7,0.5999,7,0.6089,4,0.7043,9,11
55,Apple iPhone 14,Apple,0.7811,18,0.5911,37,0.7033,7,0.5999,7,0.6089,4,0.7043,9,11
56,Apple iPhone XS Max,Apple,0.611,19,0.6312,28,0.745,7,0.5843,27,0.82,9,0.797,8,13
57,Apple iPhone XS Max,Apple,0.6561,11,0.6016,13,0.694,5,0.568,20,0.798,5,0.7326,3,11
58,Apple iPhone 12 Pro Max,Apple,0.7962,21,0.6534,33,0.8022,13,0.662,24,0.8674,14,0.851,6,22
59,Apple iPhone 13 Pro,Apple,0.659,13,0.601,23,0.7337,14,0.6882,12,0.6233,7,0.6816,8,17
60,Apple iPhone 13 Pro,Apple,0.6612,21,0.5902,43,0.6776,20,0.6826,18,0.6138,8,0.6389,12,26
61,Apple iPhone 13 Pro Max,Apple,0.7141,19,0.6269,37,0.7267,19,0.728,20,0.732,10,0.7271,12,9
62,Apple iPhone 13 Pro Max,Apple,0.6663,3,0.5182,13,0.7156,4,0.6888,4,0.64,2,0.7326,3,1
63,Apple iPhone 13 Pro Max,Apple,0.8122,9,0.6752,14,0.745,7,0.5944,13,0.64,2,0.6361,5,3
64,Apple iPhone 14 Plus,Apple,0.7894,24,0.7452,31,0.844,5,0.5999,12,0.68,6,0.7951,3,14
65,Apple iPhone 14 Plus,Apple,0.7894,24,0.7452,31,0.844,5,0.5999,12,0.68,6,0.7951,3,14
66,Apple iPhone 14 Plus,Apple,0.7894,24,0.7452,31,0.844,5,0.5999,12,0.68,6,0.7951,3,14
67,Apple iPhone 14 Plus,Apple,0.7499,15,0.7531,20,0.844,5,0.5856,9,0.648,5,0.7951,3,11
68,Apple iPhone 14 Plus,Apple,0.7894,24,0.7452,31,0.844,5,0.5999,12,0.68,6,0.7951,3,14
69,Apple iPhone 13 Mini,Apple,0.6561,13,0.6458,59,0.696,10,0.6826,18,0.732,10,0.5618,17,11
70,Apple iPhone 13 Mini,Apple,0.6428,22,0.6491,71,0.7318,12,0.6312,27,0.7211,13,0.5908,21,16
71,Apple iPhone 13 Mini,Apple,0.6428,22,0.6491,71,0.7318,12,0.6312,27,0.7211,13,0.5908,21,16
72,Apple iPhone XS,Apple,0.9089,12,0.5664,15,0.7425,3,0.5998,2,0.8311,4,0.8734,4,6
73,Apple iPhone 15 Pro Max,Apple,0.8749,10,0.7393,11,0.6141,12,0.6691,8,0.7483,7,0.8372,2,11
74,Apple iPhone 15 Pro Max,Apple,0.8499,20,0.6879,34,0.6564,17,0.7176,12,0.6753,12,0.851,6,15
75,Apple iPhone 15,Apple,0.8332,22,0.7082,35,0.6021,14,0.6523,16,0.5754,8,0.7861,5,13
76,Apple iPhone 15,Apple,0.8822,10,0.6943,25,0.6877,8,0.6687,11,0.6345,6,0.8372,2,12
77,Apple iPhone 15,Apple,,2,0.7214,1,0.6567,1,0.5284,2,,0,,0,0
78,Apple iPhone 15,Apple,0.8332,22,0.7082,35,0.6021,14,0.6523,16,0.5754,8,0.7861,5,13
79,Apple iPhone 15,Apple,0.8332,22,0.7082,35,0.6021,14,0.6523,16,0.5754,8,0.7861,5,13
80,Apple iPhone 15,Apple,0.8332,22,0.7082,35,0.6021,14,0.6523,16,0.5754,8,0.7861,5,13
81,Apple iPhone 15,Apple,0.8332,22,0.7082,35,0.6021,14,0.6523,16,0.5754,8,0.7861,5,13
82,Apple iPhone 14 Pro,Apple,0.7306,15,0.6665,24,0.7024,12,0.6928,9,0.8618,6,0.7758,9,8
83,Apple iPhone 14 Pro,Apple,0.7058,23,0.6904,44,0.7114,16,0.6826,18,0.8653,10,0.7725,11,12
84,Apple iPhone 14 Pro,Apple,0.7058,23,0.6904,44,0.7114,16,0.6826,18,0.8653,10,0.7725,11,12
85,Apple iPhone 14 Pro Max,Apple,0.7497,3,0.6897,2,,0,0.4768,8,,0,,0,3
86,Apple iPhone 14 Pro Max,Apple,0.6999,22,0.6603,22,0.5976,20,0.55,19,0.655,11,0.8361,5,10
87,Apple iPhone 14 Pro Max,Apple,0.722,11,0.6488,14,0.5882,17,0.6699,5,0.7255,6,0.8101,1,4
88,Apple iPhone SE 3rd Gen,Apple,0.8808,20,0.5744,33,0.7771,2,0.6928,9,0.848,5,0.7446,21,16
89,Apple iPhone SE 3rd Gen,Apple,0.8822,10,0.6752,14,0.74,1,0.6332,4,0.848,5,0.6551,7,12
90,Apple iPhone SE 3rd Gen,Apple,0.8808,20,0.5744,33,0.7771,2,0.6928,9,0.848,5,0.7446,21,16
91,Google Pixel 6 5G,Google,0.6665,14,0.5738,13,0.7612,12,0.5466,10,0.54,7,0.8101,1,7
92,Google Pixel 6 5G,Google,0.6841,24,0.5094,30,0.759,16,0.5318,17,0.5613,11,0.7146,6,14
93,Apple iPhone 15 Pro,Apple,0.7499,22,0.6983,37,0.647,15,0.5629,22,0.6238,11,0.797,8,23
94,Apple iPhone,Apple,0.7499,22,0.6983,37,0.647,15,0.5629,22,0.6238,11,0.797,8,23
95,Apple iPhone 15 Pro,Apple,0.7221,12,0.6585,16,0.7218,6,0.6157,14,0.7829,2,0.8576,3,13
96,Apple iPhone 11,Apple,0.7497,9,0.6897,2,0.74,1,0.6165,1,0.7829,2,0.8101,1,3
97,Apple iPhone 16 Pro Max,Apple,0.8477,21,0.7276,25,0.683,22,0.7599,15,0.699,15,0.7209,17,18
98,Apple iPhone 16 Pro Max,Apple,0.794,13,0.7278,14,0.7245,17,0.7937,11,0.7175,11,0.7558,14,12
99,Samsung Galaxy S20 5G,Samsung,0.7999,11,0.5511,21,0.6617,7,0.642,14,0.574,15,0.6816,8,15
100,Apple iPhone Xs Max,Apple,0.8568,12,0.7804,14,0.7057,2,0.609,6,0.6225,3,0.7268,1,2
101,Motorola Moto G 5G,Motorola,0.7916,24,0.6665,36,0.7011,32,0.7571,23,0.7889,33,0.6362,16,43
102,Motorola Moto G Power,Motorola,0.7916,24,0.6665,36,0.7011,32,0.7571,23,0.7889,33,0.6362,16,43
103,Samsung Galaxy S21 FE 5G,Samsung,0.6665,11,0.5252,8,0.8267,4,0.5799,10,0.7709,6,0.8372,2,7
104,Google Pixel 6 Pro 5G,Google,0.6841,21,0.6897,31,0.6758,43,0.6264,48,0.6658,19,0.693,15,14
105,Apple iPhone 15 Plus,Apple,0.7811,13,0.6752,14,0.7033,7,0.6133,10,0.7829,2,0.74,9,11
106,Apple iPhone 15 Plus,Apple,0.794,23,0.7159,22,0.7033,7,0.642,14,0.72,4,0.74,9,12
107,Apple iPhone 15 Plus,Apple,0.794,23,0.7159,22,0.7033,7,0.642,14,0.72,4,0.74,9,12
108,Apple iPhone 15 Plus,Apple,0.794,23,0.7159,22,0.7033,7,0.642,14,0.72,4,0.74,9,12
109,Motorola Moto G Stylus,Motorola,0.7916,13,0.6788,22,0.6815,47,0.7093,27,0.7095,14,0.7801,7,19
110,Motorola Moto G Stylus 5G,Motorola,0.6571,22,0.6582,35,0.6563,81,0.775,43,0.7181,27,0.77,13,30
111,Google Pixel 7 Pro 5G,Google,0.8213,10,0.6075,12,0.7206,31,0.6333,19,0.7767,13,0.7585,8,9
112,Google Pixel 7 Pro,Google,0.8436,19,0.6088,21,0.6693,36,0.6566,25,0.7884,14,0.7413,11,11
113,Apple iPhone 16 Pro,Apple,0.7999,13,0.6609,25,0.76,14,0.6678,23,0.9082,17,0.843,15,10
114,Apple iPhone 16,Apple,0.9089,9,0.6328,5,,0,0.6165,1,0.64,2,,0,6
115,Apple iPhone 16,Apple,0.9332,10,0.6552,10,0.6343,2,0.5998,2,0.64,2,,0,10
116,Apple iPhone 16,Apple,0.8886,2,0.7116,6,0.6343,2,0.6165,1,0.7467,1,,0,4
117,Apple iPhone 16,Apple,0.9249,18,0.6387,19,0.6764,6,0.5142,9,0.6644,4,0.8101,1,15
118,Apple iPhone 16,Apple,0.9249,18,0.6387,19,0.6764,6,0.5142,9,0.6644,4,0.8101,1,15
119,Apple iPhone 16,Apple,0.9249,18,0.6387,19,0.6764,6,0.5142,9,0.6644,4,0.8101,1,15
120,Apple iPhone 12,Apple,0.7332,13,0.8186,18,0.7673,6,0.6888,4,0.6633,1,0.8734,4,10
121,Apple iPhone 12,Apple,0.7894,21,0.8009,26,0.745,7,0.6832,7,0.7114,2,0.851,6,14
122,OnePlus 13R ROM + RAM,OnePlus,0.7775,6,0.8328,5,0.5392,19,0.6832,7,0.7621,14,0.7361,5,4
123,Samsung Galaxy S20+ 5G,Samsung,0.7498,9,0.458,11,0.6175,3,0.609,6,0.7255,6,0.8101,1,5
124,Samsung Galaxy S23+ Plus 5G,Samsung,0.8332,11,0.7182,24,0.71,9,0.6882,12,0.8446,8,0.7623,4,7
125,Samsung Galaxy S23+ Plus 5G,Samsung,0.8749,21,0.6797,33,0.7189,13,0.6849,15,0.8044,13,0.7801,7,11
126,Motorola Moto G Power 5G,Motorola,0.7777,24,0.6339,46,0.7313,25,0.708,20,0.6076,32,0.7361,5,22
127,Apple iPhone 14,Apple,0.7058,10,0.7819,21,0.5629,2,0.7427,2,0.7467,1,0.7623,4,12
128,Apple iPhone 16e,Apple,0.7499,12,0.6914,15,0.6764,6,0.7624,11,0.7483,7,0.7801,7,11
129,Apple iPhone 16e,Apple,0.833,5,0.7587,4,,0,0.5699,5,0.7467,1,,0,1
130,Apple iPhone 16e,Apple,0.7646,18,0.7331,20,0.6764,6,0.6999,16,0.7677,8,0.7601,6,12
131,Apple iPhone 16e,Apple,0.7646,18,0.7331,20,0.6764,6,0.6999,16,0.7677,8,0.7601,6,12
132,Apple iPhone 13 Pro Max,Apple,0.7854,8,0.5637,8,0.6309,6,0.6998,1,0.7114,2,0.8372,2,2
133,Apple iPhone 13 Pro Max,Apple,0.7271,18,0.6857,21,0.6492,8,0.6999,6,0.7114,2,0.851,6,6
134,Motorola Moto G Play LTE,Motorola,0.7244,24,0.7195,17,0.6306,29,0.7117,29,0.6939,31,0.6679,18,44
135,Apple iPhone 16 Plus,Apple,0.9317,18,0.6752,14,0.744,5,0.6499,13,0.6633,1,0.8101,1,17
136,Apple iPhone 16 Plus,Apple,0.9284,11,0.6791,8,0.744,5,0.6062,11,,0,0.8101,1,9
137,Apple iPhone 16 Plus,Apple,0.9317,18,0.6752,14,0.744,5,0.6499,13,0.6633,1,0.8101,1,17
138,Apple iPhone 16 Plus,Apple,0.9317,18,0.6752,14,0.744,5,0.6499,13,0.6633,1,0.8101,1,17
139,Apple iPhone 16 Plus,Apple,0.9317,18,0.6752,14,0.744,5,0.6499,13,0.6633,1,0.8101,1,17
140,Motorola Moto g,Motorola,0.8249,20,0.7914,15,0.745,7,0.7312,11,0.624,15,0.7658,2,15
141,Motorola Moto G,Motorola,0.9332,11,0.8219,10,0.8127,6,0.7285,9,0.8557,9,0.7658,2,10
142,Motorola Moto G,Motorola,0.8249,20,0.7914,15,0.745,7,0.7312,11,0.624,15,0.7658,2,15
143,Apple iPhone 14 Pro,Apple,0.7186,13,0.7705,11,0.7673,6,0.747,12,0.72,4,0.7623,4,11
144,Apple iPhone XR,Apple,0.8332,12,0.702,9,0.7057,2,0.5998,2,0.7467,1,0.7623,4,7
145,Motorola Moto E5,Motorola,0.7749,13,0.7546,12,0.6212,11,0.7699,5,0.7756,4,0.7623,4,15
146,OnePlus 9 Winter Mist,OnePlus,0.7665,13,0.7159,22,0.6876,24,0.6523,16,0.7252,26,0.851,6,10
147,OnePlus 9 Winter Mist,OnePlus,0.7186,20,0.6609,25,0.6554,30,0.6185,22,0.5995,35,0.797,8,11
148,Google Pixel 8 Pro,Google,0.7691,10,0.6664,15,0.7033,7,0.5999,12,0.6345,6,0.6701,3,8
149,Apple iPhone 14 Pro Max,Apple,0.7998,12,0.7546,12,0.7156,4,0.609,6,0.81,3,0.8372,2,5
150,Google Pixel 8 5G,Google,0.8747,14,0.6849,13,0.6108,8,0.5922,8,0.5891,6,0.5515,2,3
151,Google Pixel 8 5G,Google,0.8332,24,0.722,19,0.6293,10,0.509,17,0.6771,9,0.5515,2,7
152,Google Pixel 8 5G,Google,0.8332,24,0.722,19,0.6293,10,0.509,17,0.6771,9,0.5515,2,7
153,Apple iPhone 12 Pro,Apple,0.8122,4,0.6035,3,0.6567,1,0.7427,2,,0,0.8101,1,3
154,Apple iPhone 12 Mini,Apple,0.833,11,0.6075,12,0.7057,2,0.5166,7,0.6225,3,0.8372,2,1
155,Apple iPhone 16 Pro,Apple,0.794,18,0.6238,34,0.6356,13,0.6125,19,0.8738,11,0.6311,13,12
156,Apple iPhone 16 Pro,Apple,0.794,18,0.6238,34,0.6356,13,0.6125,19,0.8738,11,0.6311,13,12
157,Motorola Moto G 5G 2024,Motorola,0.7749,13,0.6455,11,0.6764,6,0.7199,5,0.6523,8,0.7623,4,15
158,Apple iPhone XR,Apple,0.9089,9,0.7214,1,0.74,1,0.7427,2,0.58,1,,0,6
159,Apple iPhone 13 Mini,Apple,0.7082,13,0.6109,25,0.6764,6,0.6588,12,0.5817,7,0.8115,9,7
160,Apple iPhone 13 Mini,Apple,0.6921,23,0.6269,37,0.7457,9,0.637,22,0.5817,7,0.7423,13,8
161,Samsung Galaxy A16 5G,Samsung,0.738,15,0.638,1,0.68,3,0.5582,7,0.5533,4,0.7951,3,16
162,Google Pixel 9 Pro XL 5G,Google,0.8332,11,0.7357,7,0.7425,3,0.7454,6,0.685,3,0.8178,4,7
163,Google Pixel 9 Pro XL,Google,0.857,18,0.7377,9,0.6764,6,0.6285,16,0.72,4,0.797,8,9
164,Motorola razr,Motorola,0.7811,22,0.6546,23,0.7092,21,0.6553,51,0.673,18,0.7413,11,11
165,Motorola razr,Motorola,0.7811,22,0.6546,23,0.7092,21,0.6553,51,0.673,18,0.7413,11,11
166,OnePlus 10 Pro,OnePlus,0.6999,9,0.8331,14,0.7245,17,0.5809,16,0.7493,25,0.7951,3,10
167,Apple iPhone 11,Apple,0.9089,14,0.583,11,,0,0.5699,5,0.4975,3,0.7951,3,6
168,Apple iPhone 11,Apple,0.857,21,0.5795,18,0.5733,1,0.5699,5,0.4978,4,0.7951,3,9
169,Apple iPhone XR,Apple,0.8122,9,0.666,3,0.7771,2,0.6499,3,0.7467,1,0.8101,1,3
170,Samsung Galaxy A32 5G,Samsung,0.846,15,0.7031,4,0.6567,1,0.5582,7,0.7114,2,,0,8
171,Samsung Galaxy A12,Samsung,0.7854,7,0.7214,1,,0,0.6165,1,0.7467,1,,0,2
172,Apple iPhone 17 Pro Max,Apple,0.7725,20,0.6885,10,0.74,1,0.6199,5,0.81,3,0.7623,4,6
173,Apple iPhone 17 Pro Max,Apple,0.7725,20,0.6885,10,0.74,1,0.6199,5,0.81,3,0.7623,4,6
174,Apple iPhone 17 Pro Max,Apple,0.8568,5,0.7214,1,,0,0.5284,2,0.7467,1,0.8101,1,2
175,Apple iPhone 17 Pro Max,Apple,0.7998,9,0.7328,5,0.74,1,0.7124,3,0.7467,1,0.7658,2,5
176,Google Pixel 8 Pro,Google,0.8568,11,0.6107,7,0.6627,10,0.5856,9,0.58,1,0.8101,1,2
177,Apple iPhone 17 Pro,Apple,0.7498,10,0.6022,8,0.6492,8,0.7427,2,0.7829,2,0.7658,2,7
178,Apple iPhone 17 Pro,Apple,0.7999,16,0.6849,13,0.6492,8,0.7749,3,0.81,3,0.8178,4,10
179,Apple iPhone 17 Pro,Apple,0.7999,16,0.6849,13,0.6492,8,0.7749,3,0.81,3,0.8178,4,10
180,Google Pixel 8a 5G,Google,0.8124,20,0.5949,9,0.696,10,0.6999,11,0.6233,7,0.7565,12,11
181,Google Pixel 8a 5G,Google,0.8332,12,0.5637,8,0.696,10,0.7133,10,0.6233,7,0.74,9,10
182,Apple iPhone 14 Pro Max,Apple,0.7306,10,0.694,7,0.5293,10,0.6499,3,0.6089,4,0.7623,4,8
183,Apple iPhone XR,Apple,0.6664,9,0.694,7,,0,0.5284,2,,0,0.7951,3,4
184,Apple iPhone 17,Apple,0.8998,19,0.6664,12,0.5489,4,0.5181,6,,0,0.8178,4,5
185,Apple iPhone 17,Apple,0.8747,9,0.694,7,0.5489,4,0.5221,4,,0,0.7951,3,3
186,Apple iPhone 17,Apple,0.8998,19,0.6664,12,0.5489,4,0.5181,6,,0,0.8178,4,5
187,Apple iPhone 17,Apple,0.8886,19,0.6369,12,0.5489,4,0.5181,6,,0,0.8178,4,4
188,Apple iPhone 17,Apple,0.8886,19,0.6369,12,0.5489,4,0.5181,6,,0,0.8178,4,4
189,OnePlus 7T Pro UK EU HD1913 Haze,OnePlus,0.7854,7,0.7682,13,0.6044,4,0.747,12,0.8164,6,0.7861,5,2
190,Google Pixel 6a,Google,0.7691,10,,0,0.7771,2,,0,0.7829,2,0.8372,2,8
191,Google Pixel 6a,Google,0.7691,20,0.4099,8,0.7156,4,0.5777,4,0.7829,2,0.8372,2,8
192,Samsung Galaxy A36 5G,Samsung,0.846,11,0.7828,5,0.805,3,0.7749,3,0.685,3,0.7951,3,8
193,Samsung Galaxy A36 5G,Samsung,0.846,11,0.7828,5,0.805,3,0.7749,3,0.685,3,0.7951,3,8
194,Apple iPhone Air,Apple,0.8886,13,0.688,26,0.6729,12,0.6213,9,0.748,5,0.7271,12,4
195,Apple iPhone Air,Apple,0.9229,18,0.7069,28,0.6729,12,0.6133,10,0.748,5,0.7423,13,8
196,Apple iPhone Air,Apple,0.9229,18,0.7069,28,0.6729,12,0.6133,10,0.748,5,0.7423,13,8
197,Apple iPhone Air,Apple,0.9229,18,0.7069,28,0.6729,12,0.6133,10,0.748,5,0.7423,13,8
198,Apple iPhone Air,Apple,0.9229,18,0.7069,28,0.6729,12,0.6133,10,0.748,5,0.7423,13,8
199,Samsung Galaxy Tab A9 Plus 5G,Samsung,0.6998,10,0.638,1,,0,0.5331,1,,0,0.8101,1,5
200,Apple iPhone 8 Plus,Apple,0.833,10,0.6897,2,,0,,0,0.7829,2,,0,1
201,Apple iPhone 15 Plus,Apple,0.6872,12,0.6406,8,0.7057,2,0.5998,2,0.7829,2,0.7951,3,3
202,Apple iPhone 15 Plus,Apple,0.6872,12,0.6406,8,0.7057,2,0.5998,2,0.7829,2,0.7951,3,3
203,Apple iPhone 15 Plus,Apple,0.6872,12,0.6406,8,0.7057,2,0.5998,2,0.7829,2,0.7951,3,3
204,OnePlus 15 Dual-SIM ROM + RAM,OnePlus,,1,0.7214,1,0.74,1,,0,0.7829,2,,0,0
205,Samsung Galaxy Watch 8 Classic,Samsung,0.9089,11,0.6663,9,0.74,1,0.6999,11,,0,0.7361,5,6
206,Motorola Moto G Stylus 5G 2025,Motorola,0.9443,15,0.6791,8,0.7057,2,0.7076,8,0.748,5,0.7361,5,13
207,Apple iPhone X,Apple,0.8498,8,0.5828,5,,0,0.6165,1,0.6633,1,,0,5
208,Apple iPhone XS,Apple,0.714,8,0.7285,3,0.5733,1,0.6713,2,,0,,0,2
209,Apple iPhone 8,Apple,0.8568,7,0.638,1,,0,,0,0.7467,1,,0,2
210,Apple iPhone 17e,Apple,,8,0.6328,5,,0,,0,0.7114,2,0.7658,2,0
211,Apple iPhone XS,Apple,0.8747,6,0.6828,5,,0,,0,0.7829,2,,0,3
212,Apple iPhone 16 Plus,Apple,0.7496,8,0.7612,2,,0,,0,0.7467,1,0.8101,1,1
213,Apple iPhone 15,Apple,0.833,8,0.6897,2,,0,0.6998,1,,0,0.6944,2,1
214,Apple iPhone 15,Apple,0.833,8,0.6897,2,,0,0.6998,1,,0,0.6944,2,1
215,Apple iPhone 12 Mini,Apple,0.833,6,,0,,0,0.6165,1,,0,,0,1
216,Apple iPhone SE,Apple,0.7496,4,0.6035,3,,0,,0,0.6633,1,,0,1
217,Apple iPhone 13 Pro,Apple,,7,0.6897,2,0.68,3,0.6499,3,,0,,0,0
218,Apple iPhone 16 Pro Max,Apple,,2,0.6897,2,,0,,0,,0,,0,0
219,Apple iPhone 15 Pro,Apple,,1,,0,,0,,0,,0,0.7268,1,0
220,Apple iPhone SE,Apple,,1,0.5828,5,,0,,0,,0,,0,0
221,Apple iPhone 17 Pro,Apple,,1,,0,,0,,0,,0,,0,0
222,Apple iPhone SE,Apple,,0,,0,,0,,0,,0,,0,0
224,Apple iPhone 17e,Apple,,8,0.6328,5,,0,,0,0.7114,2,0.7658,2,0
