rank,smartphone_id,name,brand,final_score,explanation,price_score,price_weight,price_contribution,battery_score,battery_weight,battery_contribution,camera_score,camera_weight,camera_contribution,performance_score,performance_weight,performance_contribution,display_score,display_weight,display_contribution,design_score,design_weight,design_contribution
1,141,Motorola Moto G,Motorola,0.8278,"Motorola Moto G is recommended based on your priorities. The strongest matches from reviews are Price / Value for money (93% positive review score, 20% of your priority), Battery (82% positive review score, 20% of your priority), and Camera (81% positive review score, 20% of your priority).",0.9332,0.2,0.1866,0.8219,0.2,0.1644,0.8127,0.2,0.1625,0.8557,0.15,0.1284,0.7285,0.15,0.1093,0.7658,0.1,0.0766
2,32,Apple iPhone 11 Pro,Apple,0.8105,"Apple iPhone 11 Pro is recommended based on your priorities. The strongest matches from reviews are Price / Value for money (90% positive review score, 20% of your priority), Camera (86% positive review score, 20% of your priority), and Performance (88% positive review score, 15% of your priority).",0.8999,0.2,0.18,0.6567,0.2,0.1313,0.8576,0.2,0.1715,0.88,0.15,0.132,0.7478,0.15,0.1122,0.835,0.1,0.0835
3,33,Apple iPhone 11 Pro,Apple,0.8105,"Apple iPhone 11 Pro is recommended based on your priorities. The strongest matches from reviews are Price / Value for money (90% positive review score, 20% of your priority), Camera (86% positive review score, 20% of your priority), and Performance (88% positive review score, 15% of your priority).",0.8999,0.2,0.18,0.6567,0.2,0.1313,0.8576,0.2,0.1715,0.88,0.15,0.132,0.7478,0.15,0.1122,0.835,0.1,0.0835
4,192,Samsung Galaxy A36 5G,Samsung,0.7853,"Samsung Galaxy A36 5G is recommended based on your priorities. The strongest matches from reviews are Price / Value for money (85% positive review score, 20% of your priority), Camera (80% positive review score, 20% of your priority), and Battery (78% positive review score, 20% of your priority).",0.846,0.2,0.1692,0.7828,0.2,0.1566,0.805,0.2,0.161,0.685,0.15,0.1028,0.7749,0.15,0.1162,0.7951,0.1,0.0795
5,193,Samsung Galaxy A36 5G,Samsung,0.7853,"Samsung Galaxy A36 5G is recommended based on your priorities. The strongest matches from reviews are Price / Value for money (85% positive review score, 20% of your priority), Camera (80% positive review score, 20% of your priority), and Battery (78% positive review score, 20% of your priority).",0.846,0.2,0.1692,0.7828,0.2,0.1566,0.805,0.2,0.161,0.685,0.15,0.1028,0.7749,0.15,0.1162,0.7951,0.1,0.0795
6,31,Apple iPhone 11 Pro,Apple,0.7675,"Apple iPhone 11 Pro is recommended based on your priorities. The strongest matches from reviews are Price / Value for money (85% positive review score, 20% of your priority), Camera (81% positive review score, 20% of your priority), and Performance (88% positive review score, 15% of your priority).",0.8498,0.2,0.17,0.546,0.2,0.1092,0.8087,0.2,0.1617,0.8831,0.15,0.1325,0.7466,0.15,0.112,0.8217,0.1,0.0822
7,58,Apple iPhone 12 Pro Max,Apple,0.7649,"Apple iPhone 12 Pro Max is recommended based on your priorities. The strongest matches from reviews are Camera (80% positive review score, 20% of your priority), Price / Value for money (80% positive review score, 20% of your priority), and Battery (65% positive review score, 20% of your priority).",0.7962,0.2,0.1592,0.6534,0.2,0.1307,0.8022,0.2,0.1604,0.8674,0.15,0.1301,0.662,0.15,0.0993,0.851,0.1,0.0851
8,113,Apple iPhone 16 Pro,Apple,0.7649,"Apple iPhone 16 Pro is recommended based on your priorities. The strongest matches from reviews are Price / Value for money (80% positive review score, 20% of your priority), Camera (76% positive review score, 20% of your priority), and Performance (91% positive review score, 15% of your priority).",0.7999,0.2,0.16,0.6609,0.2,0.1322,0.76,0.2,0.152,0.9082,0.15,0.1362,0.6678,0.15,0.1002,0.843,0.1,0.0843
9,121,Apple iPhone 12,Apple,0.7613,"Apple iPhone 12 is recommended based on your priorities. The strongest matches from reviews are Battery (80% positive review score, 20% of your priority), Price / Value for money (79% positive review score, 20% of your priority), and Camera (74% positive review score, 20% of your priority).",0.7894,0.2,0.1579,0.8009,0.2,0.1602,0.745,0.2,0.149,0.7114,0.15,0.1067,0.6832,0.15,0.1025,0.851,0.1,0.0851
10,162,Google Pixel 9 Pro XL 5G,Google,0.7586,"Google Pixel 9 Pro XL 5G is recommended based on your priorities. The strongest matches from reviews are Price / Value for money (83% positive review score, 20% of your priority), Camera (74% positive review score, 20% of your priority), and Battery (74% positive review score, 20% of your priority).",0.8332,0.2,0.1666,0.7357,0.2,0.1471,0.7425,0.2,0.1485,0.685,0.15,0.1028,0.7454,0.15,0.1118,0.8178,0.1,0.0818
