aspect,sentiment,phone,asin,sentence
battery,positive,Google Pixel 6 Pro 5G,B0HCZD65TV,"I will say to buy a usb-c to usb-c fast charger for this phone because the one sent in box is not and it's very slow charging which might seem like it has a bad battery, but it is just important to use the right charger."
battery,negative,OnePlus 7T Pro UK EU HD1913 Haze,B07XHJV7K2,"I came from a Pixel 2 XL, which was having an issue with it's battery charging port, which was driving me nuts, especially as I am very forgetful when it comes to remembering to charge the thing."
display,positive,Apple iPhone XR,B07N9HM41P,"Performance & Battery: It functions perfectly! fast loading, smooth touch response, and great battery health that easily lasts through the day and if I'm not in my phone watching videos will likely last more than a day!"
display,negative,Apple iPhone XS,B07K4V35TJ,"I got it as a replacement for my 2020 SE that I cracked, since I don't want to do the screen replacement myself and patching that up as a spare and around the house phone made much more sense than having the repair done."
price,positive,Apple iPhone 11 Pro,B085QNDSHL,I used to work for a local tech service company that fixed these exact phones etc. yes the description states refurbished but they use after market cheap replacement parts and that is the reason it popped off so quick.
price,negative,Motorola Moto G 5G,B0CWHXVLXG,"I would never waste time writing a review for the countless overpriced, fragile phones I've owned - the ones that look pretty but shatter or die at the smallest accident and leave you with a huge repair bill."
camera,positive,Apple iPhone XR,B07N9HM41P,"Performance & Battery: It functions perfectly! fast loading, smooth touch response, and great battery health that easily lasts through the day and if I'm not in my phone watching videos will likely last more than a day!"
camera,negative,Apple iPhone 15,B0CRJ13WM7,"even though it got warm on FaceTime, my iPhone camera wasn't glitching now it's two days later my iPhone is overheating once again, but now this time the camera is glitching but everything else is running smoothly."
performance,positive,Google Pixel 6 Pro 5G,B0HCZD65TV,"I will say to buy a usb-c to usb-c fast charger for this phone because the one sent in box is not and it's very slow charging which might seem like it has a bad battery, but it is just important to use the right charger."
performance,negative,Apple iPhone 13 Mini,B09LKTXKXQ,"My iPhone SE 2 was started to get quite slow after about 5 years and I didn't want to buy a new phone, so I figured I'd try the last small iPhone that was produced (also to extend the life of an already used product)."
design,positive,Apple iPhone 15 Pro,B0CMZ5LT14,Absolutely great. Alright so look the phone I got it in excellent condition and also I made sure the seller was Amazon and my phone arrived today I opened it was genuinely almost perfect a little blemish here and there
design,negative,Apple iPhone 12 Pro,B0GQZCJZC1,I buy the good condition one and it arrived with 98% battery life (i have buyed excellent condition before and it arrived at less than 90%) and the phone has zero crashes on the screen and the body looks brand new.
