smartphone_id,aspect,positive_count,negative_count,neutral_count,mention_count,raw_score,score,confidence,method,computed_at
1,battery,24,5,6,35,0.7714,0.7655,0.9211,lexicon,2026-08-19 10:49:12.783945
1,camera,25,4,5,34,0.8088,0.814,0.9189,lexicon,2026-08-19 10:49:12.783945
1,display,35,2,6,43,0.8837,0.8804,0.9348,lexicon,2026-08-19 10:49:12.783945
1,performance,32,3,16,51,0.7843,0.7833,0.9444,lexicon,2026-08-19 10:49:12.783945
1,price,10,5,19,34,0.5735,0.5781,0.9189,lexicon,2026-08-19 10:49:12.783945
2,battery,26,4,9,39,0.7821,0.7754,0.9286,lexicon,2026-08-19 10:49:12.783945
2,camera,34,1,1,36,0.9583,0.945,0.9231,lexicon,2026-08-19 10:49:12.783945
2,display,41,6,3,50,0.85,0.8502,0.9434,lexicon,2026-08-19 10:49:12.783945
2,performance,30,2,14,46,0.8043,0.8012,0.9388,lexicon,2026-08-19 10:49:12.783945
2,price,10,9,13,32,0.5156,0.5283,0.9143,lexicon,2026-08-19 10:49:12.783945
3,battery,29,7,2,38,0.7895,0.7818,0.9268,lexicon,2026-08-19 10:49:12.783945
3,camera,27,6,4,37,0.7838,0.7915,0.925,lexicon,2026-08-19 10:49:12.783945
3,display,31,5,3,39,0.8333,0.8355,0.9286,lexicon,2026-08-19 10:49:12.783945
3,performance,36,4,10,50,0.82,0.8157,0.9434,lexicon,2026-08-19 10:49:12.783945
3,price,18,2,7,27,0.7963,0.7671,0.9,lexicon,2026-08-19 10:49:12.783945
4,battery,19,15,4,38,0.5526,0.5725,0.9268,lexicon,2026-08-19 10:49:12.783945
4,camera,37,6,2,45,0.8444,0.8449,0.9375,lexicon,2026-08-19 10:49:12.783945
4,display,34,6,1,41,0.8415,0.8426,0.9318,lexicon,2026-08-19 10:49:12.783945
4,performance,35,14,9,58,0.681,0.6883,0.9508,lexicon,2026-08-19 10:49:12.783945
4,price,7,4,18,29,0.5517,0.5602,0.9062,lexicon,2026-08-19 10:49:12.783945
