id,smartphone_id,review_id,sentence_id,aspect,sentiment,confidence,opinion_term,method,model_name
1,1,3,2,price,neutral,0.55,,lexicon,domain-lexicon-v1
2,1,3,3,camera,neutral,0.55,,lexicon,domain-lexicon-v1
3,1,11,5,camera,positive,0.927,superb,lexicon,domain-lexicon-v1
4,1,11,6,display,positive,0.838,sharp,lexicon,domain-lexicon-v1
5,1,11,7,battery,positive,0.927,excellent,lexicon,domain-lexicon-v1
6,1,11,8,performance,positive,0.95,buttery,lexicon,domain-lexicon-v1
7,1,49,10,performance,positive,0.883,seamless,lexicon,domain-lexicon-v1
8,1,49,12,camera,neutral,0.55,,lexicon,domain-lexicon-v1
9,1,49,13,display,positive,0.95,amazing,lexicon,domain-lexicon-v1
10,1,58,16,performance,neutral,0.55,,lexicon,domain-lexicon-v1
11,1,58,17,price,neutral,0.55,,lexicon,domain-lexicon-v1
12,1,58,18,battery,positive,0.927,excellent,lexicon,domain-lexicon-v1
13,1,1,20,performance,positive,0.95,buttery,lexicon,domain-lexicon-v1
14,1,1,21,camera,neutral,0.55,,lexicon,domain-lexicon-v1
15,1,31,23,battery,positive,0.927,excellent,lexicon,domain-lexicon-v1
16,1,31,24,performance,neutral,0.55,,lexicon,domain-lexicon-v1
17,1,31,25,price,neutral,0.55,,lexicon,domain-lexicon-v1
18,1,31,26,display,positive,0.927,excellent,lexicon,domain-lexicon-v1
19,1,51,28,display,positive,0.815,punchy,lexicon,domain-lexicon-v1
20,1,51,28,performance,positive,0.95,smooth,lexicon,domain-lexicon-v1
21,1,51,29,camera,negative,0.95,blurry,lexicon,domain-lexicon-v1
22,1,51,30,battery,neutral,0.55,,lexicon,domain-lexicon-v1
23,1,51,31,price,negative,0.95,not worth,lexicon,domain-lexicon-v1
24,1,16,34,camera,negative,0.95,poorly,lexicon,domain-lexicon-v1
25,1,16,35,battery,neutral,0.55,,lexicon,domain-lexicon-v1
26,1,46,37,performance,positive,0.95,fast,lexicon,domain-lexicon-v1
27,1,46,38,battery,negative,0.883,barely lasts,lexicon,domain-lexicon-v1
28,1,46,39,camera,positive,0.905,stunning,lexicon,domain-lexicon-v1
29,1,29,42,price,negative,0.894,expensive,lexicon,domain-lexicon-v1
30,1,29,43,display,positive,0.838,sharp,lexicon,domain-lexicon-v1
31,1,6,45,price,neutral,0.55,,lexicon,domain-lexicon-v1
32,1,6,46,performance,positive,0.95,fast,lexicon,domain-lexicon-v1
33,1,18,49,camera,positive,0.927,superb,lexicon,domain-lexicon-v1
34,1,18,50,price,neutral,0.55,,lexicon,domain-lexicon-v1
35,1,10,52,price,neutral,0.55,,lexicon,domain-lexicon-v1
36,1,10,53,display,negative,0.883,unresponsive,lexicon,domain-lexicon-v1
37,1,8,56,battery,neutral,0.55,,lexicon,domain-lexicon-v1
38,1,8,57,performance,positive,0.95,fast,lexicon,domain-lexicon-v1
39,1,8,58,display,positive,0.95,amazing,lexicon,domain-lexicon-v1
40,1,24,60,battery,positive,0.95,brilliant,lexicon,domain-lexicon-v1
41,1,24,60,performance,positive,0.95,brilliant,lexicon,domain-lexicon-v1
42,1,24,61,camera,positive,0.927,superb,lexicon,domain-lexicon-v1
43,1,28,64,performance,positive,0.95,fast,lexicon,domain-lexicon-v1
44,1,28,65,price,positive,0.95,value for money,lexicon,domain-lexicon-v1
45,1,14,67,performance,positive,0.95,buttery,lexicon,domain-lexicon-v1
46,1,14,68,battery,positive,0.77,lasts,lexicon,domain-lexicon-v1
47,1,44,70,display,negative,0.945,dim,lexicon,domain-lexicon-v1
48,1,44,71,battery,negative,0.95,poor,lexicon,domain-lexicon-v1
49,1,44,72,camera,neutral,0.55,,lexicon,domain-lexicon-v1
50,1,44,73,performance,neutral,0.55,,lexicon,domain-lexicon-v1
51,1,52,76,display,positive,0.927,excellent,lexicon,domain-lexicon-v1
52,1,52,77,camera,positive,0.883,gorgeous,lexicon,domain-lexicon-v1
53,1,52,78,battery,positive,0.95,brilliant,lexicon,domain-lexicon-v1
54,1,52,78,performance,positive,0.95,brilliant,lexicon,domain-lexicon-v1
55,1,52,79,performance,neutral,0.55,,lexicon,domain-lexicon-v1
56,1,7,81,battery,positive,0.927,excellent,lexicon,domain-lexicon-v1
57,1,7,83,camera,positive,0.905,stunning,lexicon,domain-lexicon-v1
58,1,7,84,price,neutral,0.55,,lexicon,domain-lexicon-v1
59,1,37,86,battery,positive,0.95,brilliant,lexicon,domain-lexicon-v1
60,1,37,86,performance,positive,0.95,brilliant,lexicon,domain-lexicon-v1
61,1,37,87,camera,positive,0.883,gorgeous,lexicon,domain-lexicon-v1
62,1,39,89,display,positive,0.927,excellent,lexicon,domain-lexicon-v1
63,1,39,90,price,positive,0.927,worth every penny,lexicon,domain-lexicon-v1
64,1,39,91,battery,positive,0.927,amazing,lexicon,domain-lexicon-v1
65,1,13,93,display,positive,0.838,sharp,lexicon,domain-lexicon-v1
66,1,13,94,price,negative,0.894,expensive,lexicon,domain-lexicon-v1
67,1,13,96,performance,positive,0.95,buttery,lexicon,domain-lexicon-v1
68,1,12,98,performance,neutral,0.55,,lexicon,domain-lexicon-v1
69,1,12,99,display,positive,0.838,sharp,lexicon,domain-lexicon-v1
70,1,12,100,price,positive,0.927,worth every penny,lexicon,domain-lexicon-v1
71,1,21,102,display,positive,0.927,excellent,lexicon,domain-lexicon-v1
72,1,21,103,performance,positive,0.95,buttery,lexicon,domain-lexicon-v1
73,1,21,104,camera,negative,0.95,blurry,lexicon,domain-lexicon-v1
74,1,50,106,performance,positive,0.95,fast,lexicon,domain-lexicon-v1
75,1,50,107,battery,positive,0.77,lasts,lexicon,domain-lexicon-v1
76,1,50,108,display,positive,0.95,amazing,lexicon,domain-lexicon-v1
77,1,32,110,display,positive,0.838,sharp,lexicon,domain-lexicon-v1
78,1,32,111,price,negative,0.95,not worth,lexicon,domain-lexicon-v1
79,1,32,112,camera,positive,0.86,crisp,lexicon,domain-lexicon-v1
80,1,32,112,display,positive,0.86,crisp,lexicon,domain-lexicon-v1
81,1,48,114,price,neutral,0.55,,lexicon,domain-lexicon-v1
82,1,48,115,camera,neutral,0.55,,lexicon,domain-lexicon-v1
83,1,48,116,performance,positive,0.95,buttery,lexicon,domain-lexicon-v1
84,1,57,118,battery,negative,0.86,slow,lexicon,domain-lexicon-v1
85,1,57,118,performance,negative,0.86,slow,lexicon,domain-lexicon-v1
86,1,57,119,camera,positive,0.927,superb,lexicon,domain-lexicon-v1
87,1,57,121,display,neutral,0.55,,lexicon,domain-lexicon-v1
88,1,33,124,price,positive,0.95,value for money,lexicon,domain-lexicon-v1
89,1,33,125,display,positive,0.838,sharp,lexicon,domain-lexicon-v1
90,1,33,127,battery,positive,0.927,amazing,lexicon,domain-lexicon-v1
91,1,36,129,performance,negative,0.95,overheats,lexicon,domain-lexicon-v1
92,1,36,130,display,positive,0.815,punchy,lexicon,domain-lexicon-v1
93,1,36,130,performance,positive,0.95,smooth,lexicon,domain-lexicon-v1
94,1,36,131,camera,positive,0.927,superb,lexicon,domain-lexicon-v1
95,1,47,133,performance,neutral,0.55,,lexicon,domain-lexicon-v1
96,1,47,134,camera,positive,0.883,gorgeous,lexicon,domain-lexicon-v1
97,1,47,135,display,neutral,0.55,,lexicon,domain-lexicon-v1
98,1,47,136,battery,negative,0.883,barely lasts,lexicon,domain-lexicon-v1
99,1,38,138,display,positive,0.838,sharp,lexicon,domain-lexicon-v1
100,1,38,139,price,neutral,0.55,,lexicon,domain-lexicon-v1
101,1,38,140,battery,positive,0.927,excellent,lexicon,domain-lexicon-v1
102,1,38,142,performance,neutral,0.55,,lexicon,domain-lexicon-v1
103,1,9,144,camera,positive,0.86,crisp,lexicon,domain-lexicon-v1
104,1,9,144,display,positive,0.86,crisp,lexicon,domain-lexicon-v1
105,1,9,145,price,positive,0.95,value for money,lexicon,domain-lexicon-v1
106,1,25,147,camera,positive,0.883,gorgeous,lexicon,domain-lexicon-v1
107,1,25,148,price,positive,0.927,worth every penny,lexicon,domain-lexicon-v1
108,1,25,149,display,positive,0.95,amazing,lexicon,domain-lexicon-v1
109,1,35,151,performance,neutral,0.55,,lexicon,domain-lexicon-v1
110,1,35,152,display,positive,0.927,excellent,lexicon,domain-lexicon-v1
111,1,35,153,battery,neutral,0.55,,lexicon,domain-lexicon-v1
112,1,41,155,camera,positive,0.905,stunning,lexicon,domain-lexicon-v1
113,1,41,156,performance,neutral,0.55,,lexicon,domain-lexicon-v1
114,1,41,157,battery,positive,0.927,amazing,lexicon,domain-lexicon-v1
115,1,41,158,price,neutral,0.55,,lexicon,domain-lexicon-v1
116,1,43,160,camera,positive,0.905,stunning,lexicon,domain-lexicon-v1
117,1,43,161,price,neutral,0.55,,lexicon,domain-lexicon-v1
118,1,43,162,battery,positive,0.927,excellent,lexicon,domain-lexicon-v1
119,1,45,166,camera,positive,0.86,crisp,lexicon,domain-lexicon-v1
120,1,45,166,display,positive,0.86,crisp,lexicon,domain-lexicon-v1
121,1,45,167,performance,neutral,0.55,,lexicon,domain-lexicon-v1
122,1,45,168,battery,positive,0.927,excellent,lexicon,domain-lexicon-v1
123,1,30,170,battery,positive,0.927,excellent,lexicon,domain-lexicon-v1
124,1,30,171,performance,positive,0.95,fast,lexicon,domain-lexicon-v1
125,1,30,172,camera,positive,0.86,crisp,lexicon,domain-lexicon-v1
126,1,30,172,display,positive,0.86,crisp,lexicon,domain-lexicon-v1
127,1,30,173,display,neutral,0.55,,lexicon,domain-lexicon-v1
128,1,54,175,battery,positive,0.95,brilliant,lexicon,domain-lexicon-v1
129,1,54,175,performance,positive,0.95,brilliant,lexicon,domain-lexicon-v1
130,1,54,176,price,neutral,0.55,,lexicon,domain-lexicon-v1
131,1,54,177,camera,positive,0.927,superb,lexicon,domain-lexicon-v1
132,1,54,178,display,positive,0.838,sharp,lexicon,domain-lexicon-v1
133,1,4,180,camera,positive,0.86,crisp,lexicon,domain-lexicon-v1
134,1,4,180,display,positive,0.86,crisp,lexicon,domain-lexicon-v1
135,1,4,181,battery,neutral,0.55,,lexicon,domain-lexicon-v1
136,1,4,182,performance,neutral,0.55,,lexicon,domain-lexicon-v1
137,1,4,183,display,positive,0.838,sharp,lexicon,domain-lexicon-v1
138,1,23,185,display,neutral,0.55,,lexicon,domain-lexicon-v1
139,1,23,186,price,positive,0.927,worth every penny,lexicon,domain-lexicon-v1
140,1,40,189,display,positive,0.927,excellent,lexicon,domain-lexicon-v1
141,1,40,190,performance,positive,0.883,seamless,lexicon,domain-lexicon-v1
142,1,40,191,camera,positive,0.927,superb,lexicon,domain-lexicon-v1
143,1,59,193,performance,neutral,0.55,,lexicon,domain-lexicon-v1
144,1,59,194,price,neutral,0.55,,lexicon,domain-lexicon-v1
145,1,59,195,camera,positive,0.883,gorgeous,lexicon,domain-lexicon-v1
146,1,59,196,display,positive,0.815,punchy,lexicon,domain-lexicon-v1
147,1,59,196,performance,positive,0.95,smooth,lexicon,domain-lexicon-v1
148,1,27,199,performance,positive,0.883,seamless,lexicon,domain-lexicon-v1
149,1,27,200,camera,positive,0.883,gorgeous,lexicon,domain-lexicon-v1
150,1,27,201,battery,positive,0.927,amazing,lexicon,domain-lexicon-v1
151,1,27,202,price,neutral,0.55,,lexicon,domain-lexicon-v1
152,1,5,204,performance,positive,0.883,seamless,lexicon,domain-lexicon-v1
153,1,5,205,price,neutral,0.55,,lexicon,domain-lexicon-v1
154,1,2,207,price,neutral,0.55,,lexicon,domain-lexicon-v1
155,1,2,208,performance,positive,0.95,buttery,lexicon,domain-lexicon-v1
156,1,55,210,display,positive,0.95,amazing,lexicon,domain-lexicon-v1
157,1,55,211,performance,positive,0.883,seamless,lexicon,domain-lexicon-v1
158,1,55,213,price,negative,0.894,expensive,lexicon,domain-lexicon-v1
159,1,55,214,battery,positive,0.77,lasts,lexicon,domain-lexicon-v1
160,1,20,216,display,positive,0.815,punchy,lexicon,domain-lexicon-v1
161,1,20,216,performance,positive,0.95,smooth,lexicon,domain-lexicon-v1
162,1,20,218,price,neutral,0.55,,lexicon,domain-lexicon-v1
163,1,22,220,performance,neutral,0.55,,lexicon,domain-lexicon-v1
164,1,22,221,display,positive,0.927,excellent,lexicon,domain-lexicon-v1
165,1,17,223,price,neutral,0.55,,lexicon,domain-lexicon-v1
166,1,17,224,performance,neutral,0.55,,lexicon,domain-lexicon-v1
167,1,17,225,display,positive,0.927,excellent,lexicon,domain-lexicon-v1
168,1,53,228,camera,negative,0.95,blurry,lexicon,domain-lexicon-v1
169,1,53,229,battery,positive,0.95,brilliant,lexicon,domain-lexicon-v1
170,1,53,229,performance,positive,0.95,brilliant,lexicon,domain-lexicon-v1
171,1,53,230,display,neutral,0.55,,lexicon,domain-lexicon-v1
172,1,56,233,display,positive,0.838,sharp,lexicon,domain-lexicon-v1
173,1,56,234,performance,neutral,0.55,,lexicon,domain-lexicon-v1
174,1,56,235,battery,positive,0.95,brilliant,lexicon,domain-lexicon-v1
175,1,56,235,performance,positive,0.95,brilliant,lexicon,domain-lexicon-v1
176,1,56,236,price,positive,0.95,value for money,lexicon,domain-lexicon-v1
177,1,15,239,display,positive,0.838,sharp,lexicon,domain-lexicon-v1
178,1,15,241,battery,positive,0.927,amazing,lexicon,domain-lexicon-v1
179,1,19,243,performance,neutral,0.55,,lexicon,domain-lexicon-v1
180,1,19,244,camera,positive,0.905,stunning,lexicon,domain-lexicon-v1
181,1,19,245,price,neutral,0.55,,lexicon,domain-lexicon-v1
182,1,19,246,battery,positive,0.927,excellent,lexicon,domain-lexicon-v1
183,1,42,249,display,positive,0.815,punchy,lexicon,domain-lexicon-v1
184,1,42,249,performance,positive,0.95,smooth,lexicon,domain-lexicon-v1
185,1,34,252,price,positive,0.95,value for money,lexicon,domain-lexicon-v1
186,1,34,253,battery,negative,0.86,slow,lexicon,domain-lexicon-v1
187,1,34,253,performance,negative,0.86,slow,lexicon,domain-lexicon-v1
188,1,34,254,camera,positive,0.905,stunning,lexicon,domain-lexicon-v1
189,1,26,256,battery,positive,0.95,brilliant,lexicon,domain-lexicon-v1
190,1,26,256,performance,positive,0.95,brilliant,lexicon,domain-lexicon-v1
191,1,26,257,camera,positive,0.86,crisp,lexicon,domain-lexicon-v1
192,1,26,257,display,positive,0.86,crisp,lexicon,domain-lexicon-v1
193,1,26,258,performance,positive,0.95,fast,lexicon,domain-lexicon-v1
194,1,60,260,battery,neutral,0.55,,lexicon,domain-lexicon-v1
195,1,60,261,performance,positive,0.95,buttery,lexicon,domain-lexicon-v1
196,1,60,262,price,positive,0.927,worth every penny,lexicon,domain-lexicon-v1
197,1,60,263,display,neutral,0.55,,lexicon,domain-lexicon-v1
198,2,66,265,display,positive,0.815,punchy,lexicon,domain-lexicon-v1
199,2,66,265,performance,positive,0.95,smooth,lexicon,domain-lexicon-v1
200,2,66,266,performance,neutral,0.55,,lexicon,domain-lexicon-v1
201,2,66,267,price,neutral,0.55,,lexicon,domain-lexicon-v1
202,2,66,268,battery,positive,0.77,lasts,lexicon,domain-lexicon-v1
203,2,89,270,display,positive,0.815,punchy,lexicon,domain-lexicon-v1
204,2,89,270,performance,positive,0.95,smooth,lexicon,domain-lexicon-v1
205,2,89,272,battery,neutral,0.55,,lexicon,domain-lexicon-v1
206,2,103,274,battery,negative,0.86,slow,lexicon,domain-lexicon-v1
207,2,103,274,performance,negative,0.86,slow,lexicon,domain-lexicon-v1
208,2,103,275,display,negative,0.945,dim,lexicon,domain-lexicon-v1
209,2,103,276,performance,positive,0.95,buttery,lexicon,domain-lexicon-v1
210,2,103,278,camera,positive,0.883,gorgeous,lexicon,domain-lexicon-v1
211,2,118,281,performance,positive,0.883,seamless,lexicon,domain-lexicon-v1
212,2,118,282,display,positive,0.927,excellent,lexicon,domain-lexicon-v1
213,2,78,284,display,positive,0.815,punchy,lexicon,domain-lexicon-v1
214,2,78,284,performance,positive,0.95,smooth,lexicon,domain-lexicon-v1
215,2,78,285,price,neutral,0.55,,lexicon,domain-lexicon-v1
216,2,105,289,performance,positive,0.95,buttery,lexicon,domain-lexicon-v1
217,2,105,291,battery,negative,0.883,barely lasts,lexicon,domain-lexicon-v1
218,2,98,293,performance,neutral,0.55,,lexicon,domain-lexicon-v1
219,2,98,294,battery,neutral,0.55,,lexicon,domain-lexicon-v1
220,2,98,295,camera,positive,0.86,crisp,lexicon,domain-lexicon-v1
221,2,98,295,display,positive,0.86,crisp,lexicon,domain-lexicon-v1
222,2,98,296,display,positive,0.815,punchy,lexicon,domain-lexicon-v1
223,2,98,296,performance,positive,0.95,smooth,lexicon,domain-lexicon-v1
224,2,99,298,display,negative,0.883,unresponsive,lexicon,domain-lexicon-v1
225,2,99,301,performance,positive,0.95,buttery,lexicon,domain-lexicon-v1
226,2,100,303,display,neutral,0.55,,lexicon,domain-lexicon-v1
227,2,100,304,performance,neutral,0.55,,lexicon,domain-lexicon-v1
228,2,100,305,battery,positive,0.927,excellent,lexicon,domain-lexicon-v1
229,2,100,306,camera,positive,0.86,crisp,lexicon,domain-lexicon-v1
230,2,100,306,display,positive,0.86,crisp,lexicon,domain-lexicon-v1
231,2,62,309,camera,positive,0.883,gorgeous,lexicon,domain-lexicon-v1
232,2,62,310,display,positive,0.815,punchy,lexicon,domain-lexicon-v1
233,2,62,310,performance,positive,0.95,smooth,lexicon,domain-lexicon-v1
234,2,119,312,battery,neutral,0.55,,lexicon,domain-lexicon-v1
235,2,119,313,camera,positive,0.905,stunning,lexicon,domain-lexicon-v1
236,2,119,314,price,neutral,0.55,,lexicon,domain-lexicon-v1
237,2,119,315,performance,positive,0.95,buttery,lexicon,domain-lexicon-v1
238,2,73,318,camera,positive,0.905,stunning,lexicon,domain-lexicon-v1
239,2,73,319,display,positive,0.927,excellent,lexicon,domain-lexicon-v1
240,2,80,321,display,positive,0.95,amazing,lexicon,domain-lexicon-v1
241,2,80,322,camera,positive,0.883,gorgeous,lexicon,domain-lexicon-v1
242,2,80,323,price,positive,0.95,value for money,lexicon,domain-lexicon-v1
243,2,107,325,battery,positive,0.927,amazing,lexicon,domain-lexicon-v1
244,2,107,326,camera,positive,0.905,stunning,lexicon,domain-lexicon-v1
245,2,85,329,battery,positive,0.927,excellent,lexicon,domain-lexicon-v1
246,2,85,330,performance,neutral,0.55,,lexicon,domain-lexicon-v1
247,2,88,333,price,positive,0.95,value for money,lexicon,domain-lexicon-v1
248,2,88,334,camera,positive,0.905,stunning,lexicon,domain-lexicon-v1
249,2,91,336,price,negative,0.95,not worth,lexicon,domain-lexicon-v1
250,2,91,337,battery,positive,0.77,lasts,lexicon,domain-lexicon-v1
251,2,91,339,camera,positive,0.927,superb,lexicon,domain-lexicon-v1
252,2,79,341,battery,positive,0.927,amazing,lexicon,domain-lexicon-v1
253,2,79,342,camera,positive,0.927,superb,lexicon,domain-lexicon-v1
254,2,95,344,display,positive,0.838,sharp,lexicon,domain-lexicon-v1
255,2,95,345,price,positive,0.95,value for money,lexicon,domain-lexicon-v1
256,2,96,348,performance,positive,0.883,seamless,lexicon,domain-lexicon-v1
257,2,96,349,battery,positive,0.95,brilliant,lexicon,domain-lexicon-v1
258,2,96,349,performance,positive,0.95,brilliant,lexicon,domain-lexicon-v1
259,2,96,350,camera,positive,0.905,stunning,lexicon,domain-lexicon-v1
260,2,96,351,price,positive,0.927,worth every penny,lexicon,domain-lexicon-v1
261,2,87,353,camera,positive,0.86,crisp,lexicon,domain-lexicon-v1
262,2,87,353,display,positive,0.86,crisp,lexicon,domain-lexicon-v1
263,2,87,354,performance,neutral,0.55,,lexicon,domain-lexicon-v1
264,2,87,355,display,neutral,0.55,,lexicon,domain-lexicon-v1
265,2,106,357,battery,positive,0.927,amazing,lexicon,domain-lexicon-v1
266,2,106,358,display,positive,0.927,excellent,lexicon,domain-lexicon-v1
267,2,86,360,battery,neutral,0.55,,lexicon,domain-lexicon-v1
268,2,86,362,performance,neutral,0.55,,lexicon,domain-lexicon-v1
269,2,63,364,display,positive,0.927,excellent,lexicon,domain-lexicon-v1
270,2,63,365,battery,positive,0.95,brilliant,lexicon,domain-lexicon-v1
271,2,63,365,performance,positive,0.95,brilliant,lexicon,domain-lexicon-v1
272,2,83,368,battery,positive,0.77,lasts,lexicon,domain-lexicon-v1
273,2,83,369,camera,positive,0.883,gorgeous,lexicon,domain-lexicon-v1
274,2,102,372,price,neutral,0.55,,lexicon,domain-lexicon-v1
275,2,102,373,battery,positive,0.95,brilliant,lexicon,domain-lexicon-v1
276,2,102,373,performance,positive,0.95,brilliant,lexicon,domain-lexicon-v1
277,2,102,374,display,positive,0.838,sharp,lexicon,domain-lexicon-v1
278,2,72,376,price,positive,0.927,worth every penny,lexicon,domain-lexicon-v1
279,2,72,378,display,neutral,0.55,,lexicon,domain-lexicon-v1
280,2,72,379,performance,positive,0.95,buttery,lexicon,domain-lexicon-v1
281,2,61,381,performance,positive,0.883,seamless,lexicon,domain-lexicon-v1
282,2,61,382,price,neutral,0.55,,lexicon,domain-lexicon-v1
283,2,61,383,camera,positive,0.86,crisp,lexicon,domain-lexicon-v1
284,2,61,383,display,positive,0.86,crisp,lexicon,domain-lexicon-v1
285,2,61,384,battery,positive,0.95,brilliant,lexicon,domain-lexicon-v1
286,2,61,384,performance,positive,0.95,brilliant,lexicon,domain-lexicon-v1
287,2,81,386,display,negative,0.945,dim,lexicon,domain-lexicon-v1
288,2,81,387,performance,neutral,0.55,,lexicon,domain-lexicon-v1
289,2,71,390,price,negative,0.95,not worth,lexicon,domain-lexicon-v1
290,2,71,391,display,positive,0.927,excellent,lexicon,domain-lexicon-v1
291,2,71,392,battery,positive,0.927,amazing,lexicon,domain-lexicon-v1
292,2,111,394,camera,positive,0.86,crisp,lexicon,domain-lexicon-v1
293,2,111,394,display,positive,0.86,crisp,lexicon,domain-lexicon-v1
294,2,111,395,display,negative,0.815,annoying,lexicon,domain-lexicon-v1
295,2,111,396,battery,neutral,0.55,,lexicon,domain-lexicon-v1
296,2,112,398,performance,neutral,0.55,,lexicon,domain-lexicon-v1
297,2,112,399,camera,positive,0.927,superb,lexicon,domain-lexicon-v1
298,2,112,400,price,negative,0.894,expensive,lexicon,domain-lexicon-v1
299,2,101,403,battery,positive,0.927,excellent,lexicon,domain-lexicon-v1
300,2,101,404,performance,neutral,0.55,,lexicon,domain-lexicon-v1
301,2,101,405,price,neutral,0.55,,lexicon,domain-lexicon-v1
302,2,101,406,camera,positive,0.905,stunning,lexicon,domain-lexicon-v1
303,2,110,408,camera,positive,0.86,crisp,lexicon,domain-lexicon-v1
304,2,110,408,display,positive,0.86,crisp,lexicon,domain-lexicon-v1
305,2,110,409,battery,positive,0.927,amazing,lexicon,domain-lexicon-v1
306,2,110,410,display,positive,0.927,excellent,lexicon,domain-lexicon-v1
307,2,110,411,price,negative,0.95,not worth,lexicon,domain-lexicon-v1
308,2,64,413,display,negative,0.815,annoying,lexicon,domain-lexicon-v1
309,2,64,414,price,positive,0.927,worth every penny,lexicon,domain-lexicon-v1
310,2,104,416,display,positive,0.815,punchy,lexicon,domain-lexicon-v1
311,2,104,416,performance,positive,0.95,smooth,lexicon,domain-lexicon-v1
312,2,104,417,price,negative,0.95,not worth,lexicon,domain-lexicon-v1
313,2,104,418,battery,negative,0.883,barely lasts,lexicon,domain-lexicon-v1
314,2,104,419,camera,positive,0.927,superb,lexicon,domain-lexicon-v1
315,2,117,421,display,positive,0.815,punchy,lexicon,domain-lexicon-v1
316,2,117,421,performance,positive,0.95,smooth,lexicon,domain-lexicon-v1
317,2,117,422,battery,positive,0.95,brilliant,lexicon,domain-lexicon-v1
318,2,117,422,performance,positive,0.95,brilliant,lexicon,domain-lexicon-v1
319,2,68,424,price,neutral,0.55,,lexicon,domain-lexicon-v1
320,2,68,425,display,positive,0.838,sharp,lexicon,domain-lexicon-v1
321,2,68,426,performance,positive,0.95,buttery,lexicon,domain-lexicon-v1
322,2,70,428,performance,neutral,0.55,,lexicon,domain-lexicon-v1
323,2,70,429,battery,positive,0.927,amazing,lexicon,domain-lexicon-v1
324,2,70,431,camera,neutral,0.55,,lexicon,domain-lexicon-v1
325,2,109,434,camera,positive,0.86,crisp,lexicon,domain-lexicon-v1
326,2,109,434,display,positive,0.86,crisp,lexicon,domain-lexicon-v1
327,2,109,435,battery,neutral,0.55,,lexicon,domain-lexicon-v1
328,2,109,437,display,positive,0.815,punchy,lexicon,domain-lexicon-v1
329,2,109,437,performance,positive,0.95,smooth,lexicon,domain-lexicon-v1
330,2,92,439,display,positive,0.95,amazing,lexicon,domain-lexicon-v1
331,2,92,441,performance,positive,0.95,buttery,lexicon,domain-lexicon-v1
332,2,115,443,display,negative,0.815,annoying,lexicon,domain-lexicon-v1
333,2,115,444,price,negative,0.894,expensive,lexicon,domain-lexicon-v1
334,2,115,445,camera,positive,0.905,stunning,lexicon,domain-lexicon-v1
335,2,115,446,performance,neutral,0.55,,lexicon,domain-lexicon-v1
336,2,114,449,display,positive,0.95,amazing,lexicon,domain-lexicon-v1
337,2,114,450,battery,negative,0.86,drains,lexicon,domain-lexicon-v1
338,2,114,450,camera,negative,0.86,drains,lexicon,domain-lexicon-v1
339,2,114,451,camera,positive,0.86,crisp,lexicon,domain-lexicon-v1
340,2,114,451,display,positive,0.86,crisp,lexicon,domain-lexicon-v1
341,2,116,453,performance,neutral,0.55,,lexicon,domain-lexicon-v1
342,2,116,454,camera,positive,0.927,superb,lexicon,domain-lexicon-v1
343,2,116,455,price,neutral,0.55,,lexicon,domain-lexicon-v1
344,2,116,457,display,positive,0.815,punchy,lexicon,domain-lexicon-v1
345,2,116,457,performance,positive,0.95,smooth,lexicon,domain-lexicon-v1
346,2,84,459,price,positive,0.95,value for money,lexicon,domain-lexicon-v1
347,2,84,460,display,positive,0.95,amazing,lexicon,domain-lexicon-v1
348,2,113,462,camera,positive,0.86,crisp,lexicon,domain-lexicon-v1
349,2,113,462,display,positive,0.86,crisp,lexicon,domain-lexicon-v1
350,2,113,463,performance,neutral,0.55,,lexicon,domain-lexicon-v1
351,2,113,464,battery,positive,0.77,lasts,lexicon,domain-lexicon-v1
352,2,113,465,display,positive,0.927,excellent,lexicon,domain-lexicon-v1
353,2,67,467,performance,negative,0.86,frustrating,lexicon,domain-lexicon-v1
354,2,67,468,price,positive,0.95,value for money,lexicon,domain-lexicon-v1
355,2,77,471,display,positive,0.95,amazing,lexicon,domain-lexicon-v1
356,2,77,472,camera,positive,0.927,superb,lexicon,domain-lexicon-v1
357,2,77,473,price,negative,0.894,expensive,lexicon,domain-lexicon-v1
358,2,77,474,battery,positive,0.927,excellent,lexicon,domain-lexicon-v1
359,2,74,476,performance,positive,0.95,fast,lexicon,domain-lexicon-v1
360,2,74,477,price,neutral,0.55,,lexicon,domain-lexicon-v1
361,2,74,478,camera,positive,0.883,gorgeous,lexicon,domain-lexicon-v1
362,2,108,480,battery,positive,0.95,brilliant,lexicon,domain-lexicon-v1
363,2,108,480,performance,positive,0.95,brilliant,lexicon,domain-lexicon-v1
364,2,108,481,price,neutral,0.55,,lexicon,domain-lexicon-v1
365,2,69,483,battery,neutral,0.55,,lexicon,domain-lexicon-v1
366,2,69,484,price,neutral,0.55,,lexicon,domain-lexicon-v1
367,2,69,485,camera,positive,0.86,crisp,lexicon,domain-lexicon-v1
368,2,69,485,display,positive,0.86,crisp,lexicon,domain-lexicon-v1
369,2,76,487,display,positive,0.838,sharp,lexicon,domain-lexicon-v1
370,2,76,488,price,negative,0.95,not worth,lexicon,domain-lexicon-v1
371,2,76,490,camera,positive,0.883,gorgeous,lexicon,domain-lexicon-v1
372,2,82,492,display,positive,0.95,amazing,lexicon,domain-lexicon-v1
373,2,82,493,battery,positive,0.927,amazing,lexicon,domain-lexicon-v1
374,2,82,494,camera,positive,0.86,crisp,lexicon,domain-lexicon-v1
375,2,82,494,display,positive,0.86,crisp,lexicon,domain-lexicon-v1
376,2,82,495,price,positive,0.927,worth every penny,lexicon,domain-lexicon-v1
377,2,93,497,performance,positive,0.883,seamless,lexicon,domain-lexicon-v1
378,2,93,499,camera,positive,0.883,gorgeous,lexicon,domain-lexicon-v1
379,2,93,500,battery,neutral,0.55,,lexicon,domain-lexicon-v1
380,2,97,502,battery,positive,0.77,lasts,lexicon,domain-lexicon-v1
381,2,94,506,display,positive,0.95,amazing,lexicon,domain-lexicon-v1
382,2,94,507,price,neutral,0.55,,lexicon,domain-lexicon-v1
383,2,94,508,camera,positive,0.883,gorgeous,lexicon,domain-lexicon-v1
384,2,94,509,battery,positive,0.927,amazing,lexicon,domain-lexicon-v1
385,2,75,511,performance,positive,0.95,fast,lexicon,domain-lexicon-v1
386,2,75,512,battery,positive,0.927,amazing,lexicon,domain-lexicon-v1
387,2,90,515,display,positive,0.815,punchy,lexicon,domain-lexicon-v1
388,2,90,515,performance,positive,0.95,smooth,lexicon,domain-lexicon-v1
389,2,90,516,camera,positive,0.927,superb,lexicon,domain-lexicon-v1
390,2,90,517,price,neutral,0.55,,lexicon,domain-lexicon-v1
391,2,90,518,battery,positive,0.927,amazing,lexicon,domain-lexicon-v1
392,2,65,520,performance,neutral,0.55,,lexicon,domain-lexicon-v1
393,2,65,521,display,positive,0.815,punchy,lexicon,domain-lexicon-v1
394,2,65,521,performance,positive,0.95,smooth,lexicon,domain-lexicon-v1
395,2,65,522,battery,neutral,0.55,,lexicon,domain-lexicon-v1
396,2,65,523,price,positive,0.927,worth every penny,lexicon,domain-lexicon-v1
397,2,120,525,camera,positive,0.905,stunning,lexicon,domain-lexicon-v1
398,2,120,526,price,negative,0.95,not worth,lexicon,domain-lexicon-v1
399,2,120,527,display,positive,0.838,sharp,lexicon,domain-lexicon-v1
400,2,120,528,battery,positive,0.927,amazing,lexicon,domain-lexicon-v1
401,3,141,530,display,positive,0.838,sharp,lexicon,domain-lexicon-v1
402,3,141,531,battery,positive,0.927,amazing,lexicon,domain-lexicon-v1
403,3,164,533,display,positive,0.95,amazing,lexicon,domain-lexicon-v1
404,3,164,534,battery,positive,0.77,lasts,lexicon,domain-lexicon-v1
405,3,127,536,display,positive,0.838,sharp,lexicon,domain-lexicon-v1
406,3,127,537,battery,neutral,0.55,,lexicon,domain-lexicon-v1
407,3,127,538,price,positive,0.927,worth every penny,lexicon,domain-lexicon-v1
408,3,171,541,display,neutral,0.55,,lexicon,domain-lexicon-v1
409,3,171,542,camera,positive,0.883,gorgeous,lexicon,domain-lexicon-v1
410,3,171,544,price,positive,0.927,worth every penny,lexicon,domain-lexicon-v1
411,3,167,546,display,positive,0.95,amazing,lexicon,domain-lexicon-v1
412,3,167,547,performance,neutral,0.55,,lexicon,domain-lexicon-v1
413,3,170,551,display,positive,0.815,punchy,lexicon,domain-lexicon-v1
414,3,170,551,performance,positive,0.95,smooth,lexicon,domain-lexicon-v1
415,3,170,552,battery,positive,0.95,brilliant,lexicon,domain-lexicon-v1
416,3,170,552,performance,positive,0.95,brilliant,lexicon,domain-lexicon-v1
417,3,170,553,camera,positive,0.905,stunning,lexicon,domain-lexicon-v1
418,3,151,555,price,positive,0.927,worth every penny,lexicon,domain-lexicon-v1
419,3,151,556,battery,positive,0.927,amazing,lexicon,domain-lexicon-v1
420,3,151,557,display,positive,0.927,excellent,lexicon,domain-lexicon-v1
421,3,163,559,battery,positive,0.927,excellent,lexicon,domain-lexicon-v1
422,3,163,560,display,positive,0.95,amazing,lexicon,domain-lexicon-v1
423,3,163,561,camera,positive,0.927,superb,lexicon,domain-lexicon-v1
424,3,130,563,performance,neutral,0.55,,lexicon,domain-lexicon-v1
425,3,130,564,battery,positive,0.927,amazing,lexicon,domain-lexicon-v1
426,3,130,565,camera,positive,0.86,crisp,lexicon,domain-lexicon-v1
427,3,130,565,display,positive,0.86,crisp,lexicon,domain-lexicon-v1
428,3,152,568,battery,positive,0.927,amazing,lexicon,domain-lexicon-v1
429,3,152,569,camera,positive,0.905,stunning,lexicon,domain-lexicon-v1
430,3,152,571,display,positive,0.815,punchy,lexicon,domain-lexicon-v1
431,3,152,571,performance,positive,0.95,smooth,lexicon,domain-lexicon-v1
432,3,180,573,camera,positive,0.883,gorgeous,lexicon,domain-lexicon-v1
433,3,180,574,display,positive,0.815,punchy,lexicon,domain-lexicon-v1
434,3,180,574,performance,positive,0.95,smooth,lexicon,domain-lexicon-v1
435,3,180,575,battery,positive,0.77,lasts,lexicon,domain-lexicon-v1
436,3,145,577,performance,negative,0.86,frustrating,lexicon,domain-lexicon-v1
437,3,145,578,price,positive,0.95,value for money,lexicon,domain-lexicon-v1
438,3,145,579,display,positive,0.815,punchy,lexicon,domain-lexicon-v1
439,3,145,579,performance,positive,0.95,smooth,lexicon,domain-lexicon-v1
440,3,149,581,camera,positive,0.927,superb,lexicon,domain-lexicon-v1
441,3,149,582,performance,positive,0.95,buttery,lexicon,domain-lexicon-v1
442,3,149,584,battery,positive,0.95,brilliant,lexicon,domain-lexicon-v1
443,3,149,584,performance,positive,0.95,brilliant,lexicon,domain-lexicon-v1
444,3,178,586,camera,positive,0.883,gorgeous,lexicon,domain-lexicon-v1
445,3,178,587,performance,neutral,0.55,,lexicon,domain-lexicon-v1
446,3,146,589,performance,neutral,0.55,,lexicon,domain-lexicon-v1
447,3,146,590,price,neutral,0.55,,lexicon,domain-lexicon-v1
448,3,134,592,price,positive,0.927,worth every penny,lexicon,domain-lexicon-v1
449,3,134,593,performance,positive,0.95,buttery,lexicon,domain-lexicon-v1
450,3,134,594,camera,positive,0.905,stunning,lexicon,domain-lexicon-v1
451,3,134,596,display,positive,0.838,sharp,lexicon,domain-lexicon-v1
452,3,157,598,battery,negative,0.86,slow,lexicon,domain-lexicon-v1
453,3,157,598,performance,negative,0.86,slow,lexicon,domain-lexicon-v1
454,3,157,599,camera,positive,0.905,stunning,lexicon,domain-lexicon-v1
455,3,158,602,battery,positive,0.927,excellent,lexicon,domain-lexicon-v1
456,3,158,603,display,positive,0.838,sharp,lexicon,domain-lexicon-v1
457,3,158,604,price,positive,0.95,value for money,lexicon,domain-lexicon-v1
458,3,123,607,battery,positive,0.95,brilliant,lexicon,domain-lexicon-v1
459,3,123,607,performance,positive,0.95,brilliant,lexicon,domain-lexicon-v1
460,3,123,608,camera,positive,0.86,crisp,lexicon,domain-lexicon-v1
461,3,123,608,display,positive,0.86,crisp,lexicon,domain-lexicon-v1
462,3,132,610,price,positive,0.95,value for money,lexicon,domain-lexicon-v1
463,3,132,611,battery,positive,0.927,amazing,lexicon,domain-lexicon-v1
464,3,139,616,battery,positive,0.927,amazing,lexicon,domain-lexicon-v1
465,3,155,618,battery,positive,0.95,brilliant,lexicon,domain-lexicon-v1
466,3,155,618,performance,positive,0.95,brilliant,lexicon,domain-lexicon-v1
467,3,155,620,performance,positive,0.883,seamless,lexicon,domain-lexicon-v1
468,3,155,621,display,negative,0.883,unresponsive,lexicon,domain-lexicon-v1
469,3,179,623,price,positive,0.95,value for money,lexicon,domain-lexicon-v1
470,3,179,625,performance,positive,0.95,fast,lexicon,domain-lexicon-v1
471,3,179,626,display,positive,0.815,punchy,lexicon,domain-lexicon-v1
472,3,179,626,performance,positive,0.95,smooth,lexicon,domain-lexicon-v1
473,3,133,629,performance,negative,0.86,lags,lexicon,domain-lexicon-v1
474,3,133,630,camera,positive,0.883,gorgeous,lexicon,domain-lexicon-v1
475,3,133,631,display,neutral,0.55,,lexicon,domain-lexicon-v1
476,3,133,632,price,positive,0.95,value for money,lexicon,domain-lexicon-v1
477,3,142,634,performance,positive,0.95,fast,lexicon,domain-lexicon-v1
478,3,142,635,battery,negative,0.86,slow,lexicon,domain-lexicon-v1
479,3,142,635,performance,negative,0.86,slow,lexicon,domain-lexicon-v1
480,3,137,638,price,neutral,0.55,,lexicon,domain-lexicon-v1
481,3,137,639,camera,neutral,0.55,,lexicon,domain-lexicon-v1
482,3,137,640,performance,positive,0.883,seamless,lexicon,domain-lexicon-v1
483,3,169,642,performance,positive,0.95,fast,lexicon,domain-lexicon-v1
484,3,169,643,display,negative,0.945,dim,lexicon,domain-lexicon-v1
485,3,169,644,camera,positive,0.927,superb,lexicon,domain-lexicon-v1
486,3,169,645,battery,positive,0.77,lasts,lexicon,domain-lexicon-v1
487,3,125,648,performance,positive,0.883,seamless,lexicon,domain-lexicon-v1
488,3,125,649,price,positive,0.927,worth every penny,lexicon,domain-lexicon-v1
489,3,125,650,battery,negative,0.95,poor,lexicon,domain-lexicon-v1
490,3,125,651,display,positive,0.927,excellent,lexicon,domain-lexicon-v1
491,3,144,655,battery,positive,0.927,amazing,lexicon,domain-lexicon-v1
492,3,144,656,performance,positive,0.95,fast,lexicon,domain-lexicon-v1
493,3,144,657,camera,positive,0.927,superb,lexicon,domain-lexicon-v1
494,3,135,659,camera,positive,0.883,gorgeous,lexicon,domain-lexicon-v1
495,3,135,660,performance,positive,0.95,buttery,lexicon,domain-lexicon-v1
496,3,174,662,camera,negative,0.95,poorly,lexicon,domain-lexicon-v1
497,3,174,663,performance,positive,0.95,buttery,lexicon,domain-lexicon-v1
498,3,174,664,display,positive,0.815,punchy,lexicon,domain-lexicon-v1
499,3,174,664,performance,positive,0.95,smooth,lexicon,domain-lexicon-v1
500,3,174,665,battery,positive,0.95,brilliant,lexicon,domain-lexicon-v1
501,3,174,665,performance,positive,0.95,brilliant,lexicon,domain-lexicon-v1
502,3,122,667,battery,positive,0.927,excellent,lexicon,domain-lexicon-v1
503,3,122,668,price,neutral,0.55,,lexicon,domain-lexicon-v1
504,3,122,669,camera,positive,0.883,gorgeous,lexicon,domain-lexicon-v1
505,3,138,671,camera,positive,0.883,gorgeous,lexicon,domain-lexicon-v1
506,3,138,672,performance,neutral,0.55,,lexicon,domain-lexicon-v1
507,3,168,674,performance,positive,0.883,seamless,lexicon,domain-lexicon-v1
508,3,168,675,camera,neutral,0.55,,lexicon,domain-lexicon-v1
509,3,140,677,camera,positive,0.883,gorgeous,lexicon,domain-lexicon-v1
510,3,140,678,price,neutral,0.55,,lexicon,domain-lexicon-v1
511,3,140,679,display,positive,0.838,sharp,lexicon,domain-lexicon-v1
512,3,140,680,battery,positive,0.927,excellent,lexicon,domain-lexicon-v1
513,3,153,682,camera,neutral,0.55,,lexicon,domain-lexicon-v1
514,3,153,683,performance,positive,0.95,buttery,lexicon,domain-lexicon-v1
515,3,153,684,display,neutral,0.55,,lexicon,domain-lexicon-v1
516,3,166,686,display,positive,0.815,punchy,lexicon,domain-lexicon-v1
517,3,166,686,performance,positive,0.95,smooth,lexicon,domain-lexicon-v1
518,3,166,687,battery,negative,0.95,poor,lexicon,domain-lexicon-v1
519,3,166,688,performance,positive,0.95,fast,lexicon,domain-lexicon-v1
520,3,136,690,performance,neutral,0.55,,lexicon,domain-lexicon-v1
521,3,136,692,price,positive,0.927,worth every penny,lexicon,domain-lexicon-v1
522,3,136,693,display,positive,0.838,sharp,lexicon,domain-lexicon-v1
523,3,136,694,camera,positive,0.927,superb,lexicon,domain-lexicon-v1
524,3,159,696,battery,neutral,0.55,,lexicon,domain-lexicon-v1
525,3,159,698,performance,positive,0.883,seamless,lexicon,domain-lexicon-v1
526,3,128,700,display,negative,0.945,dim,lexicon,domain-lexicon-v1
527,3,128,701,price,positive,0.927,worth every penny,lexicon,domain-lexicon-v1
528,3,128,702,battery,negative,0.86,drains,lexicon,domain-lexicon-v1
529,3,128,702,camera,negative,0.86,drains,lexicon,domain-lexicon-v1
530,3,129,704,battery,positive,0.95,brilliant,lexicon,domain-lexicon-v1
531,3,129,704,performance,positive,0.95,brilliant,lexicon,domain-lexicon-v1
532,3,129,705,price,neutral,0.55,,lexicon,domain-lexicon-v1
533,3,129,706,display,positive,0.838,sharp,lexicon,domain-lexicon-v1
534,3,148,708,battery,positive,0.927,amazing,lexicon,domain-lexicon-v1
535,3,148,710,display,positive,0.815,punchy,lexicon,domain-lexicon-v1
536,3,148,710,performance,positive,0.95,smooth,lexicon,domain-lexicon-v1
537,3,148,711,performance,positive,0.95,fast,lexicon,domain-lexicon-v1
538,3,175,714,price,negative,0.894,expensive,lexicon,domain-lexicon-v1
539,3,175,715,battery,positive,0.77,lasts,lexicon,domain-lexicon-v1
540,3,147,717,price,positive,0.95,value for money,lexicon,domain-lexicon-v1
541,3,147,718,camera,positive,0.927,superb,lexicon,domain-lexicon-v1
542,3,150,720,battery,positive,0.927,excellent,lexicon,domain-lexicon-v1
543,3,150,721,performance,neutral,0.55,,lexicon,domain-lexicon-v1
544,3,150,722,display,positive,0.815,punchy,lexicon,domain-lexicon-v1
545,3,150,722,performance,positive,0.95,smooth,lexicon,domain-lexicon-v1
546,3,150,723,camera,positive,0.86,crisp,lexicon,domain-lexicon-v1
547,3,150,723,display,positive,0.86,crisp,lexicon,domain-lexicon-v1
548,3,161,725,display,positive,0.95,amazing,lexicon,domain-lexicon-v1
549,3,161,726,battery,positive,0.95,brilliant,lexicon,domain-lexicon-v1
550,3,161,726,performance,positive,0.95,brilliant,lexicon,domain-lexicon-v1
551,3,121,728,camera,positive,0.883,gorgeous,lexicon,domain-lexicon-v1
552,3,121,729,price,positive,0.95,value for money,lexicon,domain-lexicon-v1
553,3,121,730,battery,positive,0.77,lasts,lexicon,domain-lexicon-v1
554,3,121,731,display,negative,0.945,dim,lexicon,domain-lexicon-v1
555,3,126,733,battery,positive,0.927,amazing,lexicon,domain-lexicon-v1
556,3,126,735,camera,positive,0.883,gorgeous,lexicon,domain-lexicon-v1
557,3,126,736,price,positive,0.927,worth every penny,lexicon,domain-lexicon-v1
558,3,143,738,camera,negative,0.95,blurry,lexicon,domain-lexicon-v1
559,3,143,739,performance,positive,0.95,buttery,lexicon,domain-lexicon-v1
560,3,143,740,price,negative,0.95,not worth,lexicon,domain-lexicon-v1
561,3,143,741,battery,negative,0.95,poor,lexicon,domain-lexicon-v1
562,3,160,743,camera,positive,0.905,stunning,lexicon,domain-lexicon-v1
563,3,160,744,price,positive,0.927,worth every penny,lexicon,domain-lexicon-v1
564,3,162,746,camera,positive,0.86,crisp,lexicon,domain-lexicon-v1
565,3,162,746,display,positive,0.86,crisp,lexicon,domain-lexicon-v1
566,3,162,747,performance,neutral,0.55,,lexicon,domain-lexicon-v1
567,3,162,748,display,negative,0.883,unresponsive,lexicon,domain-lexicon-v1
568,3,172,750,display,positive,0.927,excellent,lexicon,domain-lexicon-v1
569,3,172,751,performance,positive,0.95,buttery,lexicon,domain-lexicon-v1
570,3,156,753,camera,negative,0.95,blurry,lexicon,domain-lexicon-v1
571,3,156,754,price,neutral,0.55,,lexicon,domain-lexicon-v1
572,3,156,755,performance,neutral,0.55,,lexicon,domain-lexicon-v1
573,3,156,756,display,positive,0.927,excellent,lexicon,domain-lexicon-v1
574,3,165,759,camera,negative,0.95,poorly,lexicon,domain-lexicon-v1
575,3,165,760,battery,positive,0.77,lasts,lexicon,domain-lexicon-v1
576,3,165,761,price,positive,0.927,worth every penny,lexicon,domain-lexicon-v1
577,3,173,764,battery,negative,0.95,poor,lexicon,domain-lexicon-v1
578,3,173,765,display,positive,0.95,amazing,lexicon,domain-lexicon-v1
579,3,177,768,camera,negative,0.95,blurry,lexicon,domain-lexicon-v1
580,3,177,769,performance,positive,0.95,buttery,lexicon,domain-lexicon-v1
581,3,177,770,battery,positive,0.927,excellent,lexicon,domain-lexicon-v1
582,3,124,773,camera,positive,0.905,stunning,lexicon,domain-lexicon-v1
583,3,124,774,display,positive,0.95,amazing,lexicon,domain-lexicon-v1
584,3,154,776,performance,neutral,0.55,,lexicon,domain-lexicon-v1
585,3,154,777,price,positive,0.95,value for money,lexicon,domain-lexicon-v1
586,3,154,779,camera,neutral,0.55,,lexicon,domain-lexicon-v1
587,3,176,781,battery,positive,0.95,brilliant,lexicon,domain-lexicon-v1
588,3,176,781,performance,positive,0.95,brilliant,lexicon,domain-lexicon-v1
589,3,176,783,price,neutral,0.55,,lexicon,domain-lexicon-v1
590,3,131,785,display,positive,0.838,sharp,lexicon,domain-lexicon-v1
591,3,131,786,camera,positive,0.905,stunning,lexicon,domain-lexicon-v1
592,4,236,788,performance,positive,0.95,fast,lexicon,domain-lexicon-v1
593,4,236,789,display,positive,0.95,amazing,lexicon,domain-lexicon-v1
594,4,239,792,camera,positive,0.883,gorgeous,lexicon,domain-lexicon-v1
595,4,239,793,performance,positive,0.883,seamless,lexicon,domain-lexicon-v1
596,4,239,794,price,neutral,0.55,,lexicon,domain-lexicon-v1
597,4,239,795,display,negative,0.815,annoying,lexicon,domain-lexicon-v1
598,4,209,797,battery,negative,0.95,poor,lexicon,domain-lexicon-v1
599,4,209,798,performance,positive,0.95,fast,lexicon,domain-lexicon-v1
600,4,209,799,camera,positive,0.86,crisp,lexicon,domain-lexicon-v1
601,4,209,799,display,positive,0.86,crisp,lexicon,domain-lexicon-v1
602,4,182,802,price,negative,0.894,expensive,lexicon,domain-lexicon-v1
603,4,182,803,camera,positive,0.927,superb,lexicon,domain-lexicon-v1
604,4,182,804,performance,negative,0.95,sluggish,lexicon,domain-lexicon-v1
605,4,188,807,camera,positive,0.905,stunning,lexicon,domain-lexicon-v1
606,4,188,808,price,neutral,0.55,,lexicon,domain-lexicon-v1
607,4,240,810,camera,positive,0.905,stunning,lexicon,domain-lexicon-v1
608,4,240,811,performance,neutral,0.55,,lexicon,domain-lexicon-v1
609,4,240,812,price,neutral,0.55,,lexicon,domain-lexicon-v1
610,4,201,815,price,neutral,0.55,,lexicon,domain-lexicon-v1
611,4,201,816,battery,positive,0.95,brilliant,lexicon,domain-lexicon-v1
612,4,201,816,performance,positive,0.95,brilliant,lexicon,domain-lexicon-v1
613,4,201,817,display,positive,0.927,excellent,lexicon,domain-lexicon-v1
614,4,201,818,camera,positive,0.883,gorgeous,lexicon,domain-lexicon-v1
615,4,205,820,performance,negative,0.95,sluggish,lexicon,domain-lexicon-v1
616,4,205,821,price,neutral,0.55,,lexicon,domain-lexicon-v1
617,4,205,822,battery,positive,0.77,lasts,lexicon,domain-lexicon-v1
618,4,218,824,battery,negative,0.86,drains,lexicon,domain-lexicon-v1
619,4,218,824,camera,negative,0.86,drains,lexicon,domain-lexicon-v1
620,4,218,825,camera,positive,0.86,crisp,lexicon,domain-lexicon-v1
621,4,218,825,display,positive,0.86,crisp,lexicon,domain-lexicon-v1
622,4,219,827,battery,positive,0.927,amazing,lexicon,domain-lexicon-v1
623,4,219,829,price,positive,0.927,worth every penny,lexicon,domain-lexicon-v1
624,4,221,831,battery,neutral,0.55,,lexicon,domain-lexicon-v1
625,4,221,832,display,positive,0.815,punchy,lexicon,domain-lexicon-v1
626,4,221,832,performance,positive,0.95,smooth,lexicon,domain-lexicon-v1
627,4,221,833,price,neutral,0.55,,lexicon,domain-lexicon-v1
628,4,221,834,performance,negative,0.95,sluggish,lexicon,domain-lexicon-v1
629,4,212,836,display,positive,0.815,punchy,lexicon,domain-lexicon-v1
630,4,212,836,performance,positive,0.95,smooth,lexicon,domain-lexicon-v1
631,4,212,838,performance,neutral,0.55,,lexicon,domain-lexicon-v1
632,4,222,840,display,positive,0.95,amazing,lexicon,domain-lexicon-v1
633,4,222,841,price,negative,0.95,not worth,lexicon,domain-lexicon-v1
634,4,222,842,battery,positive,0.927,excellent,lexicon,domain-lexicon-v1
635,4,222,843,performance,neutral,0.55,,lexicon,domain-lexicon-v1
636,4,230,845,performance,positive,0.95,fast,lexicon,domain-lexicon-v1
637,4,230,846,display,positive,0.815,punchy,lexicon,domain-lexicon-v1
638,4,230,846,performance,positive,0.95,smooth,lexicon,domain-lexicon-v1
639,4,230,847,battery,negative,0.86,slow,lexicon,domain-lexicon-v1
640,4,230,847,performance,negative,0.86,slow,lexicon,domain-lexicon-v1
641,4,230,848,camera,positive,0.927,superb,lexicon,domain-lexicon-v1
642,4,233,851,performance,positive,0.95,buttery,lexicon,domain-lexicon-v1
643,4,233,852,display,positive,0.927,excellent,lexicon,domain-lexicon-v1
644,4,184,854,camera,positive,0.86,crisp,lexicon,domain-lexicon-v1
645,4,184,854,display,positive,0.86,crisp,lexicon,domain-lexicon-v1
646,4,184,855,price,neutral,0.55,,lexicon,domain-lexicon-v1
647,4,184,856,performance,negative,0.95,sluggish,lexicon,domain-lexicon-v1
648,4,184,857,battery,neutral,0.55,,lexicon,domain-lexicon-v1
649,4,210,859,display,positive,0.95,amazing,lexicon,domain-lexicon-v1
650,4,210,860,performance,positive,0.883,seamless,lexicon,domain-lexicon-v1
651,4,210,861,battery,negative,0.86,drains,lexicon,domain-lexicon-v1
652,4,210,861,camera,negative,0.86,drains,lexicon,domain-lexicon-v1
653,4,210,862,camera,positive,0.905,stunning,lexicon,domain-lexicon-v1
654,4,225,864,performance,neutral,0.55,,lexicon,domain-lexicon-v1
655,4,225,865,display,negative,0.945,dim,lexicon,domain-lexicon-v1
656,4,225,866,battery,negative,0.95,poor,lexicon,domain-lexicon-v1
657,4,225,867,camera,positive,0.927,superb,lexicon,domain-lexicon-v1
658,4,187,869,performance,neutral,0.55,,lexicon,domain-lexicon-v1
659,4,187,870,display,positive,0.838,sharp,lexicon,domain-lexicon-v1
660,4,192,872,battery,negative,0.86,drains,lexicon,domain-lexicon-v1
661,4,192,872,camera,negative,0.86,drains,lexicon,domain-lexicon-v1
662,4,192,874,price,positive,0.95,value for money,lexicon,domain-lexicon-v1
663,4,207,876,camera,positive,0.883,gorgeous,lexicon,domain-lexicon-v1
664,4,207,877,price,neutral,0.55,,lexicon,domain-lexicon-v1
665,4,207,878,battery,positive,0.927,amazing,lexicon,domain-lexicon-v1
666,4,207,879,display,positive,0.838,sharp,lexicon,domain-lexicon-v1
667,4,235,881,performance,positive,0.95,buttery,lexicon,domain-lexicon-v1
668,4,235,882,display,positive,0.815,punchy,lexicon,domain-lexicon-v1
669,4,235,882,performance,positive,0.95,smooth,lexicon,domain-lexicon-v1
670,4,235,883,camera,positive,0.883,gorgeous,lexicon,domain-lexicon-v1
671,4,195,885,display,positive,0.815,punchy,lexicon,domain-lexicon-v1
672,4,195,885,performance,positive,0.95,smooth,lexicon,domain-lexicon-v1
673,4,195,886,camera,positive,0.905,stunning,lexicon,domain-lexicon-v1
674,4,223,888,display,positive,0.838,sharp,lexicon,domain-lexicon-v1
675,4,223,889,battery,negative,0.883,barely lasts,lexicon,domain-lexicon-v1
676,4,223,890,performance,negative,0.95,overheats,lexicon,domain-lexicon-v1
677,4,223,891,camera,positive,0.86,crisp,lexicon,domain-lexicon-v1
678,4,223,891,display,positive,0.86,crisp,lexicon,domain-lexicon-v1
679,4,224,893,display,positive,0.927,excellent,lexicon,domain-lexicon-v1
680,4,224,894,battery,negative,0.883,barely lasts,lexicon,domain-lexicon-v1
681,4,224,895,camera,positive,0.86,crisp,lexicon,domain-lexicon-v1
682,4,224,895,display,positive,0.86,crisp,lexicon,domain-lexicon-v1
683,4,229,897,performance,neutral,0.55,,lexicon,domain-lexicon-v1
684,4,229,898,price,neutral,0.55,,lexicon,domain-lexicon-v1
685,4,229,899,battery,positive,0.95,brilliant,lexicon,domain-lexicon-v1
686,4,229,899,performance,positive,0.95,brilliant,lexicon,domain-lexicon-v1
687,4,234,901,display,positive,0.95,amazing,lexicon,domain-lexicon-v1
688,4,234,902,battery,neutral,0.55,,lexicon,domain-lexicon-v1
689,4,234,903,camera,positive,0.905,stunning,lexicon,domain-lexicon-v1
690,4,213,905,performance,positive,0.95,buttery,lexicon,domain-lexicon-v1
691,4,213,906,price,neutral,0.55,,lexicon,domain-lexicon-v1
692,4,213,907,battery,positive,0.77,lasts,lexicon,domain-lexicon-v1
693,4,213,908,camera,positive,0.905,stunning,lexicon,domain-lexicon-v1
694,4,194,910,display,negative,0.883,unresponsive,lexicon,domain-lexicon-v1
695,4,194,911,camera,positive,0.927,superb,lexicon,domain-lexicon-v1
696,4,202,915,camera,positive,0.927,superb,lexicon,domain-lexicon-v1
697,4,202,916,battery,positive,0.95,brilliant,lexicon,domain-lexicon-v1
698,4,202,916,performance,positive,0.95,brilliant,lexicon,domain-lexicon-v1
699,4,227,918,battery,positive,0.95,brilliant,lexicon,domain-lexicon-v1
700,4,227,918,performance,positive,0.95,brilliant,lexicon,domain-lexicon-v1
701,4,227,919,performance,neutral,0.55,,lexicon,domain-lexicon-v1
702,4,181,921,battery,positive,0.927,excellent,lexicon,domain-lexicon-v1
703,4,181,923,performance,positive,0.883,seamless,lexicon,domain-lexicon-v1
704,4,189,925,price,positive,0.927,worth every penny,lexicon,domain-lexicon-v1
705,4,189,926,camera,positive,0.883,gorgeous,lexicon,domain-lexicon-v1
706,4,189,927,performance,positive,0.95,buttery,lexicon,domain-lexicon-v1
707,4,189,928,display,positive,0.815,punchy,lexicon,domain-lexicon-v1
708,4,189,928,performance,positive,0.95,smooth,lexicon,domain-lexicon-v1
709,4,217,930,camera,positive,0.905,stunning,lexicon,domain-lexicon-v1
710,4,217,931,display,positive,0.815,punchy,lexicon,domain-lexicon-v1
711,4,217,931,performance,positive,0.95,smooth,lexicon,domain-lexicon-v1
712,4,217,932,battery,negative,0.86,slow,lexicon,domain-lexicon-v1
713,4,217,932,performance,negative,0.86,slow,lexicon,domain-lexicon-v1
714,4,237,934,performance,negative,0.86,lags,lexicon,domain-lexicon-v1
715,4,237,936,price,neutral,0.55,,lexicon,domain-lexicon-v1
716,4,237,937,battery,positive,0.77,lasts,lexicon,domain-lexicon-v1
717,4,237,938,camera,positive,0.905,stunning,lexicon,domain-lexicon-v1
718,4,186,941,battery,positive,0.77,lasts,lexicon,domain-lexicon-v1
719,4,186,942,performance,positive,0.883,seamless,lexicon,domain-lexicon-v1
720,4,186,943,display,positive,0.95,amazing,lexicon,domain-lexicon-v1
721,4,190,945,performance,positive,0.95,buttery,lexicon,domain-lexicon-v1
722,4,190,946,display,positive,0.927,excellent,lexicon,domain-lexicon-v1
723,4,197,948,battery,negative,0.86,drains,lexicon,domain-lexicon-v1
724,4,197,948,camera,negative,0.86,drains,lexicon,domain-lexicon-v1
725,4,197,949,performance,negative,0.95,overheats,lexicon,domain-lexicon-v1
726,4,197,950,camera,positive,0.883,gorgeous,lexicon,domain-lexicon-v1
727,4,198,952,battery,negative,0.86,drains,lexicon,domain-lexicon-v1
728,4,198,952,camera,negative,0.86,drains,lexicon,domain-lexicon-v1
729,4,198,954,display,positive,0.815,punchy,lexicon,domain-lexicon-v1
730,4,198,954,performance,positive,0.95,smooth,lexicon,domain-lexicon-v1
731,4,198,956,camera,positive,0.905,stunning,lexicon,domain-lexicon-v1
732,4,231,958,display,negative,0.945,dim,lexicon,domain-lexicon-v1
733,4,231,959,performance,positive,0.883,seamless,lexicon,domain-lexicon-v1
734,4,231,960,battery,positive,0.95,brilliant,lexicon,domain-lexicon-v1
735,4,231,960,performance,positive,0.95,brilliant,lexicon,domain-lexicon-v1
736,4,183,962,battery,positive,0.77,lasts,lexicon,domain-lexicon-v1
737,4,183,964,price,positive,0.927,worth every penny,lexicon,domain-lexicon-v1
738,4,214,966,camera,neutral,0.55,,lexicon,domain-lexicon-v1
739,4,214,967,price,neutral,0.55,,lexicon,domain-lexicon-v1
740,4,215,969,battery,positive,0.95,brilliant,lexicon,domain-lexicon-v1
741,4,215,969,performance,positive,0.95,brilliant,lexicon,domain-lexicon-v1
742,4,215,970,performance,positive,0.95,fast,lexicon,domain-lexicon-v1
743,4,215,971,camera,positive,0.883,gorgeous,lexicon,domain-lexicon-v1
744,4,238,974,camera,positive,0.883,gorgeous,lexicon,domain-lexicon-v1
745,4,238,975,price,neutral,0.55,,lexicon,domain-lexicon-v1
746,4,193,977,battery,negative,0.883,barely lasts,lexicon,domain-lexicon-v1
747,4,193,978,camera,positive,0.883,gorgeous,lexicon,domain-lexicon-v1
748,4,193,979,display,negative,0.883,unresponsive,lexicon,domain-lexicon-v1
749,4,193,981,performance,neutral,0.55,,lexicon,domain-lexicon-v1
750,4,228,983,display,positive,0.815,punchy,lexicon,domain-lexicon-v1
751,4,228,983,performance,positive,0.95,smooth,lexicon,domain-lexicon-v1
752,4,228,985,price,neutral,0.55,,lexicon,domain-lexicon-v1
753,4,228,986,battery,positive,0.927,excellent,lexicon,domain-lexicon-v1
754,4,228,987,performance,negative,0.86,lags,lexicon,domain-lexicon-v1
755,4,216,989,performance,positive,0.95,fast,lexicon,domain-lexicon-v1
756,4,216,991,price,neutral,0.55,,lexicon,domain-lexicon-v1
757,4,211,993,display,positive,0.815,punchy,lexicon,domain-lexicon-v1
758,4,211,993,performance,positive,0.95,smooth,lexicon,domain-lexicon-v1
759,4,211,994,camera,positive,0.905,stunning,lexicon,domain-lexicon-v1
760,4,211,995,battery,positive,0.77,lasts,lexicon,domain-lexicon-v1
761,4,226,998,performance,positive,0.95,fast,lexicon,domain-lexicon-v1
762,4,226,999,battery,positive,0.77,lasts,lexicon,domain-lexicon-v1
763,4,226,1000,camera,positive,0.86,crisp,lexicon,domain-lexicon-v1
764,4,226,1000,display,positive,0.86,crisp,lexicon,domain-lexicon-v1
765,4,226,1001,display,negative,0.883,unresponsive,lexicon,domain-lexicon-v1
766,4,199,1003,battery,negative,0.86,drains,lexicon,domain-lexicon-v1
767,4,199,1003,camera,negative,0.86,drains,lexicon,domain-lexicon-v1
768,4,199,1004,performance,positive,0.95,fast,lexicon,domain-lexicon-v1
769,4,199,1005,camera,positive,0.86,crisp,lexicon,domain-lexicon-v1
770,4,199,1005,display,positive,0.86,crisp,lexicon,domain-lexicon-v1
771,4,199,1006,price,negative,0.95,not worth,lexicon,domain-lexicon-v1
772,4,204,1008,display,positive,0.838,sharp,lexicon,domain-lexicon-v1
773,4,204,1009,battery,negative,0.86,slow,lexicon,domain-lexicon-v1
774,4,204,1009,performance,negative,0.86,slow,lexicon,domain-lexicon-v1
775,4,204,1010,performance,neutral,0.55,,lexicon,domain-lexicon-v1
776,4,204,1012,camera,neutral,0.55,,lexicon,domain-lexicon-v1
777,4,232,1014,camera,positive,0.905,stunning,lexicon,domain-lexicon-v1
778,4,232,1015,price,positive,0.927,worth every penny,lexicon,domain-lexicon-v1
779,4,232,1016,performance,negative,0.86,frustrating,lexicon,domain-lexicon-v1
780,4,232,1017,battery,negative,0.95,poor,lexicon,domain-lexicon-v1
781,4,220,1019,performance,positive,0.95,buttery,lexicon,domain-lexicon-v1
782,4,220,1020,display,neutral,0.55,,lexicon,domain-lexicon-v1
783,4,185,1022,price,positive,0.927,worth every penny,lexicon,domain-lexicon-v1
784,4,185,1023,camera,positive,0.927,superb,lexicon,domain-lexicon-v1
785,4,191,1026,performance,positive,0.95,fast,lexicon,domain-lexicon-v1
786,4,191,1027,price,neutral,0.55,,lexicon,domain-lexicon-v1
787,4,203,1030,camera,positive,0.905,stunning,lexicon,domain-lexicon-v1
788,4,203,1031,performance,negative,0.86,frustrating,lexicon,domain-lexicon-v1
789,4,203,1032,battery,neutral,0.55,,lexicon,domain-lexicon-v1
790,4,203,1033,price,neutral,0.55,,lexicon,domain-lexicon-v1
791,4,208,1036,camera,positive,0.86,crisp,lexicon,domain-lexicon-v1
792,4,208,1036,display,positive,0.86,crisp,lexicon,domain-lexicon-v1
793,4,208,1037,price,neutral,0.55,,lexicon,domain-lexicon-v1
794,4,196,1039,battery,positive,0.77,lasts,lexicon,domain-lexicon-v1
795,4,196,1041,camera,positive,0.883,gorgeous,lexicon,domain-lexicon-v1
796,4,196,1042,display,positive,0.927,excellent,lexicon,domain-lexicon-v1
797,4,200,1044,price,negative,0.894,expensive,lexicon,domain-lexicon-v1
798,4,200,1045,performance,negative,0.95,overheats,lexicon,domain-lexicon-v1
799,4,206,1047,price,positive,0.927,worth every penny,lexicon,domain-lexicon-v1
800,4,206,1049,camera,positive,0.86,crisp,lexicon,domain-lexicon-v1
801,4,206,1049,display,positive,0.86,crisp,lexicon,domain-lexicon-v1
802,4,206,1050,display,positive,0.838,sharp,lexicon,domain-lexicon-v1
