id,smartphone_id,source_review_id,rating,review_date,verified_purchase,helpful_votes,language,is_spam,excluded_reason,title,cleaned_body,scraped_at,processed_at,pipeline_version
1,1,DEMOSAMS01-R0000,4.0,2026-04-29 10:48:38.920807,True,38,en,False,,Mixed feelings,"Mixed feelings. Performance is buttery smooth, no lag at all. It has a triple camera setup on the back.",2026-08-19 10:48:42.206666,2026-08-19 10:49:11.217713,1.0.0
2,1,DEMOSAMS01-R0001,5.0,2026-02-25 10:48:38.920807,True,13,en,False,,Impressive hardware,"Impressive hardware. Very reasonably priced compared to the competition. Performance is buttery smooth, no lag at all.",2026-08-19 10:48:42.206666,2026-08-19 10:49:11.217713,1.0.0
3,1,DEMOSAMS01-R0002,4.0,2026-07-09 10:48:38.920807,True,40,en,False,,Impressive hardware,Impressive hardware. Very reasonably priced compared to the competition. It has a triple camera setup on the back.,2026-08-19 10:48:42.206666,2026-08-19 10:49:11.217713,1.0.0
4,1,DEMOSAMS01-R0003,4.0,2026-02-18 10:48:38.920807,True,17,en,False,,Decent but flawed,Decent but flawed. Photos are crisp and the colours look natural. It has a large battery and charges over USB-C. It ships with a flagship chipset and 12GB of RAM. The panel is sharp and the touch response is instant.,2026-08-19 10:48:42.206666,2026-08-19 10:49:11.217713,1.0.0
5,1,DEMOSAMS01-R0004,3.0,2025-07-21 10:48:38.920807,True,14,en,False,,Decent but flawed,Decent but flawed. Multitasking is seamless with plenty of RAM. The price is hard to justify against cheaper rivals.,2026-08-19 10:48:42.206666,2026-08-19 10:49:11.217713,1.0.0
6,1,DEMOSAMS01-R0005,5.0,2026-04-14 10:48:38.920807,True,34,en,False,,Great phone with caveats,Great phone with caveats. Very reasonably priced compared to the competition. It feels incredibly fast and responsive. Setup took about fifteen minutes.,2026-08-19 10:48:42.206666,2026-08-19 10:49:11.217713,1.0.0
7,1,DEMOSAMS01-R0006,4.0,2026-02-04 10:48:38.920807,True,29,en,False,,Impressive hardware,"Impressive hardware. Battery life is excellent, I end the day at 45 percent. Setup took about fifteen minutes. The camera captures stunning detail even in low light. The price sits in the usual flagship bracket.",2026-08-19 10:48:42.206666,2026-08-19 10:49:11.217713,1.0.0
8,1,DEMOSAMS01-R0007,4.0,2025-12-05 10:48:38.920807,True,32,en,False,,Would buy again,"Would buy again. Night shots are disappointing and full of noise. Battery is okay, nothing special either way. It feels incredibly fast and responsive. The display is amazing, bright and vivid outdoors.",2026-08-19 10:48:42.206666,2026-08-19 10:49:11.217713,1.0.0
9,1,DEMOSAMS01-R0008,5.0,2026-02-14 10:48:38.920807,False,19,en,False,,Mixed feelings,Mixed feelings. Photos are crisp and the colours look natural. Great value for money at this price point.,2026-08-19 10:48:42.206666,2026-08-19 10:49:11.217713,1.0.0
10,1,DEMOSAMS01-R0009,2.0,2025-11-10 10:48:38.920807,True,33,en,False,,Not for everyone,Not for everyone. The price sits in the usual flagship bracket. Touch response is unresponsive at the edges.,2026-08-19 10:48:42.206666,2026-08-19 10:49:11.217713,1.0.0
11,1,DEMOSAMS01-R0010,5.0,2026-08-15 10:48:38.920807,True,40,en,False,,Exactly what I wanted,"Exactly what I wanted. Video stabilisation is superb for handheld shots. The panel is sharp and the touch response is instant. Battery life is excellent, I end the day at 45 percent. Performance is buttery smooth, no lag at all.",2026-08-19 10:48:42.206666,2026-08-19 10:49:11.217713,1.0.0
12,1,DEMOSAMS01-R0011,5.0,2026-04-16 10:48:38.920807,True,26,en,False,,Not for everyone,Not for everyone. The processor handles heavy games without heating up. The panel is sharp and the touch response is instant. Worth every penny considering the specifications.,2026-08-19 10:48:42.206666,2026-08-19 10:49:11.217713,1.0.0
13,1,DEMOSAMS01-R0012,3.0,2025-11-17 10:48:38.920807,True,27,en,False,,Exactly what I wanted,"Exactly what I wanted. The panel is sharp and the touch response is instant. Far too expensive for what you actually get. Delivery arrived a day early and the packaging was neat. Performance is buttery smooth, no lag at all.",2026-08-19 10:48:42.206666,2026-08-19 10:49:11.217713,1.0.0
14,1,DEMOSAMS01-R0013,5.0,2026-05-25 10:48:38.920807,True,30,en,False,,Exactly what I wanted,"Exactly what I wanted. Performance is buttery smooth, no lag at all. The battery easily lasts two full days on a single charge.",2026-08-19 10:48:42.206666,2026-08-19 10:49:11.217713,1.0.0
15,1,DEMOSAMS01-R0014,5.0,2025-08-01 10:48:38.920807,True,3,en,False,,Solid upgrade,Solid upgrade. An absolute bargain during the sale. The panel is sharp and the touch response is instant. I switched from an older model after three years. Battery backup is amazing even with heavy use.,2026-08-19 10:48:42.206666,2026-08-19 10:49:11.217713,1.0.0
16,1,DEMOSAMS01-R0015,2.0,2026-01-24 10:48:38.920807,True,36,en,False,,Exactly what I wanted,Exactly what I wanted. The camera performs poorly in low light and photos come out grainy. It has a large battery and charges over USB-C.,2026-08-19 10:48:42.206666,2026-08-19 10:49:11.217713,1.0.0
17,1,DEMOSAMS01-R0016,4.0,2025-12-27 10:48:38.920807,True,4,en,False,,Would buy again,Would buy again. The price sits in the usual flagship bracket. It ships with a flagship chipset and 12GB of RAM. Screen quality is excellent with deep blacks. I switched from an older model after three years.,2026-08-19 10:48:42.206666,2026-08-19 10:49:11.217713,1.0.0
18,1,DEMOSAMS01-R0017,5.0,2026-03-26 10:48:38.920807,True,34,en,False,,Decent but flawed,Decent but flawed. Video stabilisation is superb for handheld shots. Very reasonably priced compared to the competition.,2026-08-19 10:48:42.206666,2026-08-19 10:49:11.217713,1.0.0
19,1,DEMOSAMS01-R0018,4.0,2025-12-03 10:48:38.920807,True,3,en,False,,Would buy again,"Would buy again. The processor handles heavy games without heating up. The camera captures stunning detail even in low light. The price sits in the usual flagship bracket. Battery life is excellent, I end the day at 45 percent.",2026-08-19 10:48:42.206666,2026-08-19 10:49:11.217713,1.0.0
20,1,DEMOSAMS01-R0019,5.0,2026-07-11 10:48:38.920807,False,9,en,False,,Mixed feelings,Mixed feelings. Colours are punchy and the 120Hz refresh rate feels smooth. Setup took about fifteen minutes. Very reasonably priced compared to the competition.,2026-08-19 10:48:42.206666,2026-08-19 10:49:11.217713,1.0.0
21,1,DEMOSAMS01-R0020,4.0,2025-07-15 10:48:38.920807,True,26,en,False,,Decent but flawed,"Decent but flawed. Screen quality is excellent with deep blacks. Performance is buttery smooth, no lag at all. Pictures look washed out and the zoom is blurry.",2026-08-19 10:48:42.206666,2026-08-19 10:49:11.217713,1.0.0
22,1,DEMOSAMS01-R0021,4.0,2026-04-04 10:48:38.920807,True,6,en,False,,Exactly what I wanted,Exactly what I wanted. It ships with a flagship chipset and 12GB of RAM. Screen quality is excellent with deep blacks.,2026-08-19 10:48:42.206666,2026-08-19 10:49:11.217713,1.0.0
23,1,DEMOSAMS01-R0022,4.0,2026-07-14 10:48:38.920807,False,17,en,False,,Would buy again,Would buy again. It uses an AMOLED panel with a centred punch hole. Worth every penny considering the specifications. I switched from an older model after three years.,2026-08-19 10:48:42.206666,2026-08-19 10:49:11.217713,1.0.0
24,1,DEMOSAMS01-R0023,5.0,2026-01-07 10:48:38.920807,True,32,en,False,,Decent but flawed,"Decent but flawed. Fast charging is brilliant, it tops up in under an hour. Video stabilisation is superb for handheld shots. Setup took about fifteen minutes.",2026-08-19 10:48:42.206666,2026-08-19 10:49:11.217713,1.0.0
25,1,DEMOSAMS01-R0024,5.0,2025-09-13 10:48:38.920807,False,19,en,False,,Decent but flawed,"Decent but flawed. Portrait mode produces gorgeous results. Worth every penny considering the specifications. The display is amazing, bright and vivid outdoors.",2026-08-19 10:48:42.206666,2026-08-19 10:49:11.217713,1.0.0
26,1,DEMOSAMS01-R0025,5.0,2026-01-23 10:48:38.920807,True,0,en,False,,Would buy again,"Would buy again. Fast charging is brilliant, it tops up in under an hour. Photos are crisp and the colours look natural. It feels incredibly fast and responsive.",2026-08-19 10:48:42.206666,2026-08-19 10:49:11.217713,1.0.0
27,1,DEMOSAMS01-R0026,4.0,2026-07-02 10:48:38.920807,False,15,en,False,,Decent but flawed,Decent but flawed. Overall I am happy with this purchase so far. Multitasking is seamless with plenty of RAM. Portrait mode produces gorgeous results. Battery backup is amazing even with heavy use. The price is hard to justify against cheaper rivals.,2026-08-19 10:48:42.206666,2026-08-19 10:49:11.217713,1.0.0
28,1,DEMOSAMS01-R0027,5.0,2025-08-16 10:48:38.920807,True,31,en,False,,Exactly what I wanted,Exactly what I wanted. It feels incredibly fast and responsive. Great value for money at this price point.,2026-08-19 10:48:42.206666,2026-08-19 10:49:11.217713,1.0.0
29,1,DEMOSAMS01-R0028,3.0,2025-09-11 10:48:38.920807,True,35,en,False,,Not for everyone,Not for everyone. Delivery arrived a day early and the packaging was neat. Far too expensive for what you actually get. The panel is sharp and the touch response is instant.,2026-08-19 10:48:42.206666,2026-08-19 10:49:11.217713,1.0.0
30,1,DEMOSAMS01-R0029,5.0,2026-03-31 10:48:38.920807,True,18,en,False,,Exactly what I wanted,"Exactly what I wanted. Battery life is excellent, I end the day at 45 percent. It feels incredibly fast and responsive. Photos are crisp and the colours look natural. It uses an AMOLED panel with a centred punch hole.",2026-08-19 10:48:42.206666,2026-08-19 10:49:11.217713,1.0.0
31,1,DEMOSAMS01-R0030,4.0,2026-01-15 10:48:38.920807,True,37,en,False,,Exactly what I wanted,"Exactly what I wanted. Battery life is excellent, I end the day at 45 percent. The processor handles heavy games without heating up. The price sits in the usual flagship bracket. Screen quality is excellent with deep blacks.",2026-08-19 10:48:42.206666,2026-08-19 10:49:11.217713,1.0.0
32,1,DEMOSAMS01-R0031,3.0,2026-08-04 10:48:38.920807,True,25,en,False,,Not for everyone,Not for everyone. The panel is sharp and the touch response is instant. It is overpriced and not worth the money. Photos are crisp and the colours look natural.,2026-08-19 10:48:42.206666,2026-08-19 10:49:11.217713,1.0.0
33,1,DEMOSAMS01-R0032,5.0,2026-03-04 10:48:38.920807,True,24,en,False,,Not for everyone,Not for everyone. Great value for money at this price point. The panel is sharp and the touch response is instant. Setup took about fifteen minutes. Battery backup is amazing even with heavy use.,2026-08-19 10:48:42.206666,2026-08-19 10:49:11.217713,1.0.0
34,1,DEMOSAMS01-R0033,4.0,2026-04-14 10:48:38.920807,True,1,en,False,,Solid upgrade,Solid upgrade. Great value for money at this price point. Charging is painfully slow compared to my old phone. The camera captures stunning detail even in low light.,2026-08-19 10:48:42.206666,2026-08-19 10:49:11.217713,1.0.0
35,1,DEMOSAMS01-R0034,5.0,2025-07-16 10:48:38.920807,False,19,en,False,,Mixed feelings,Mixed feelings. The processor handles heavy games without heating up. Screen quality is excellent with deep blacks. It has a large battery and charges over USB-C.,2026-08-19 10:48:42.206666,2026-08-19 10:49:11.217713,1.0.0
36,1,DEMOSAMS01-R0035,4.0,2025-11-02 10:48:38.920807,True,22,en,False,,Mixed feelings,Mixed feelings. The phone overheats during gaming and throttles hard. Colours are punchy and the 120Hz refresh rate feels smooth. Video stabilisation is superb for handheld shots.,2026-08-19 10:48:42.206666,2026-08-19 10:49:11.217713,1.0.0
37,1,DEMOSAMS01-R0036,5.0,2025-09-27 10:48:38.920807,False,29,en,False,,Decent but flawed,"Decent but flawed. Fast charging is brilliant, it tops up in under an hour. Portrait mode produces gorgeous results.",2026-08-19 10:48:42.206666,2026-08-19 10:49:11.217713,1.0.0
38,1,DEMOSAMS01-R0037,5.0,2026-02-27 10:48:38.920807,True,20,en,False,,Impressive hardware,"Impressive hardware. The panel is sharp and the touch response is instant. Very reasonably priced compared to the competition. Battery life is excellent, I end the day at 45 percent. I switched from an older model after three years. It ships with a flagship chipset and 12GB of RAM.",2026-08-19 10:48:42.206666,2026-08-19 10:49:11.217713,1.0.0
39,1,DEMOSAMS01-R0038,5.0,2025-09-22 10:48:38.920807,True,28,en,False,,Not for everyone,Not for everyone. Screen quality is excellent with deep blacks. Worth every penny considering the specifications. Battery backup is amazing even with heavy use.,2026-08-19 10:48:42.206666,2026-08-19 10:49:11.217713,1.0.0
40,1,DEMOSAMS01-R0039,5.0,2026-02-19 10:48:38.920807,True,17,en,False,,Decent but flawed,Decent but flawed. Screen quality is excellent with deep blacks. Multitasking is seamless with plenty of RAM. Video stabilisation is superb for handheld shots.,2026-08-19 10:48:42.206666,2026-08-19 10:49:11.217713,1.0.0
41,1,DEMOSAMS01-R0040,5.0,2026-04-24 10:48:38.920807,True,19,en,False,,Would buy again,Would buy again. The camera captures stunning detail even in low light. The processor handles heavy games without heating up. Battery backup is amazing even with heavy use. Very reasonably priced compared to the competition.,2026-08-19 10:48:42.206666,2026-08-19 10:49:11.217713,1.0.0
42,1,DEMOSAMS01-R0041,5.0,2026-02-25 10:48:38.920807,True,3,en,False,,Not for everyone,Not for everyone. Overall I am happy with this purchase so far. Colours are punchy and the 120Hz refresh rate feels smooth. An absolute bargain during the sale.,2026-08-19 10:48:42.206666,2026-08-19 10:49:11.217713,1.0.0
43,1,DEMOSAMS01-R0042,5.0,2025-12-31 10:48:38.920807,False,19,en,False,,Impressive hardware,"Impressive hardware. The camera captures stunning detail even in low light. Very reasonably priced compared to the competition. Battery life is excellent, I end the day at 45 percent. I switched from an older model after three years.",2026-08-19 10:48:42.206666,2026-08-19 10:49:11.217713,1.0.0
44,1,DEMOSAMS01-R0043,2.0,2025-12-31 10:48:38.920807,True,30,en,False,,Impressive hardware,"Impressive hardware. The display is dim under sunlight and colours look dull. Battery life is poor, it dies by early evening. The camera app has the usual modes. The processor handles heavy games without heating up. Delivery arrived a day early and the packaging was neat.",2026-08-19 10:48:42.206666,2026-08-19 10:49:11.217713,1.0.0
45,1,DEMOSAMS01-R0044,5.0,2026-07-13 10:48:38.920807,True,19,en,False,,Great phone with caveats,"Great phone with caveats. An absolute bargain during the sale. Photos are crisp and the colours look natural. It ships with a flagship chipset and 12GB of RAM. Battery life is excellent, I end the day at 45 percent.",2026-08-19 10:48:42.206666,2026-08-19 10:49:11.217713,1.0.0
46,1,DEMOSAMS01-R0045,4.0,2026-08-05 10:48:38.920807,True,36,en,False,,Would buy again,Would buy again. It feels incredibly fast and responsive. The battery barely lasts a working day. The camera captures stunning detail even in low light.,2026-08-19 10:48:42.206666,2026-08-19 10:49:11.217713,1.0.0
47,1,DEMOSAMS01-R0046,3.0,2025-12-21 10:48:38.920807,True,21,en,False,,Mixed feelings,Mixed feelings. The processor handles heavy games without heating up. Portrait mode produces gorgeous results. It uses an AMOLED panel with a centred punch hole. The battery barely lasts a working day.,2026-08-19 10:48:42.206666,2026-08-19 10:49:11.217713,1.0.0
48,1,DEMOSAMS01-R0047,3.0,2026-06-20 10:48:38.920807,False,25,en,False,,Decent but flawed,"Decent but flawed. The price sits in the usual flagship bracket. The camera app has the usual modes. Performance is buttery smooth, no lag at all.",2026-08-19 10:48:42.206666,2026-08-19 10:49:11.217713,1.0.0
49,1,DEMOSAMS01-R0048,4.0,2026-06-17 10:48:38.920807,True,40,en,False,,Not for everyone,"Not for everyone. Multitasking is seamless with plenty of RAM. Overall I am happy with this purchase so far. The camera app has the usual modes. The display is amazing, bright and vivid outdoors.",2026-08-19 10:48:42.206666,2026-08-19 10:49:11.217713,1.0.0
50,1,DEMOSAMS01-R0049,5.0,2025-12-01 10:48:38.920807,True,26,en,False,,Would buy again,"Would buy again. It feels incredibly fast and responsive. The battery easily lasts two full days on a single charge. The display is amazing, bright and vivid outdoors.",2026-08-19 10:48:42.206666,2026-08-19 10:49:11.217713,1.0.0
51,1,DEMOSAMS01-R0050,3.0,2025-08-12 10:48:38.920807,True,37,en,False,,Would buy again,"Would buy again. Colours are punchy and the 120Hz refresh rate feels smooth. Pictures look washed out and the zoom is blurry. Battery is okay, nothing special either way. It is overpriced and not worth the money. Overall I am happy with this purchase so far.",2026-08-19 10:48:42.206666,2026-08-19 10:49:11.217713,1.0.0
52,1,DEMOSAMS01-R0051,4.0,2026-07-27 10:48:38.920807,True,30,en,False,,Impressive hardware,"Impressive hardware. Screen quality is excellent with deep blacks. Portrait mode produces gorgeous results. Fast charging is brilliant, it tops up in under an hour. It ships with a flagship chipset and 12GB of RAM.",2026-08-19 10:48:42.206666,2026-08-19 10:49:11.217713,1.0.0
53,1,DEMOSAMS01-R0052,3.0,2025-09-17 10:48:38.920807,False,4,en,False,,Impressive hardware,"Impressive hardware. Pictures look washed out and the zoom is blurry. Fast charging is brilliant, it tops up in under an hour. It uses an AMOLED panel with a centred punch hole. Delivery arrived a day early and the packaging was neat.",2026-08-19 10:48:42.206666,2026-08-19 10:49:11.217713,1.0.0
54,1,DEMOSAMS01-R0053,4.0,2026-04-20 10:48:38.920807,True,18,en,False,,Mixed feelings,"Mixed feelings. Fast charging is brilliant, it tops up in under an hour. The price is hard to justify against cheaper rivals. Video stabilisation is superb for handheld shots. The panel is sharp and the touch response is instant.",2026-08-19 10:48:42.206666,2026-08-19 10:49:11.217713,1.0.0
55,1,DEMOSAMS01-R0054,4.0,2025-11-02 10:48:38.920807,True,11,en,False,,Impressive hardware,"Impressive hardware. The display is amazing, bright and vivid outdoors. Multitasking is seamless with plenty of RAM. Setup took about fifteen minutes. Far too expensive for what you actually get. The battery easily lasts two full days on a single charge.",2026-08-19 10:48:42.206666,2026-08-19 10:49:11.217713,1.0.0
56,1,DEMOSAMS01-R0055,4.0,2025-09-06 10:48:38.920807,True,4,en,False,,Would buy again,"Would buy again. The panel is sharp and the touch response is instant. It ships with a flagship chipset and 12GB of RAM. Fast charging is brilliant, it tops up in under an hour. Great value for money at this price point.",2026-08-19 10:48:42.206666,2026-08-19 10:49:11.217713,1.0.0
57,1,DEMOSAMS01-R0056,4.0,2026-08-07 10:48:38.920807,False,25,en,False,,Would buy again,Would buy again. Charging is painfully slow compared to my old phone. Video stabilisation is superb for handheld shots. An absolute bargain during the sale. It uses an AMOLED panel with a centred punch hole. Overall I am happy with this purchase so far.,2026-08-19 10:48:42.206666,2026-08-19 10:49:11.217713,1.0.0
58,1,DEMOSAMS01-R0057,4.0,2025-10-01 10:48:38.920807,True,40,en,False,,Great phone with caveats,"Great phone with caveats. Night shots are disappointing and full of noise. The processor handles heavy games without heating up. Very reasonably priced compared to the competition. Battery life is excellent, I end the day at 45 percent.",2026-08-19 10:48:42.206666,2026-08-19 10:49:11.217713,1.0.0
59,1,DEMOSAMS01-R0058,5.0,2025-11-20 10:48:38.920807,True,17,en,False,,Decent but flawed,Decent but flawed. The processor handles heavy games without heating up. Very reasonably priced compared to the competition. Portrait mode produces gorgeous results. Colours are punchy and the 120Hz refresh rate feels smooth.,2026-08-19 10:48:42.206666,2026-08-19 10:49:11.217713,1.0.0
60,1,DEMOSAMS01-R0059,4.0,2026-07-03 10:48:38.920807,True,0,en,False,,Decent but flawed,"Decent but flawed. It has a large battery and charges over USB-C. Performance is buttery smooth, no lag at all. Worth every penny considering the specifications. It uses an AMOLED panel with a centred punch hole.",2026-08-19 10:48:42.206666,2026-08-19 10:49:11.217713,1.0.0
61,2,DEMOAPPL02-R0000,4.0,2025-09-27 10:48:38.920807,False,19,en,False,,Mixed feelings,"Mixed feelings. Multitasking is seamless with plenty of RAM. The price sits in the usual flagship bracket. Photos are crisp and the colours look natural. Fast charging is brilliant, it tops up in under an hour.",2026-08-19 10:48:42.794731,2026-08-19 10:49:11.762895,1.0.0
62,2,DEMOAPPL02-R0001,5.0,2026-02-10 10:48:38.920807,True,34,en,False,,Not for everyone,Not for everyone. Portrait mode produces gorgeous results. Colours are punchy and the 120Hz refresh rate feels smooth.,2026-08-19 10:48:42.794731,2026-08-19 10:49:11.762895,1.0.0
63,2,DEMOAPPL02-R0002,5.0,2025-09-01 10:48:38.920807,True,22,en,False,,Mixed feelings,"Mixed feelings. Screen quality is excellent with deep blacks. Fast charging is brilliant, it tops up in under an hour. An absolute bargain during the sale.",2026-08-19 10:48:42.794731,2026-08-19 10:49:11.762895,1.0.0
64,2,DEMOAPPL02-R0003,3.0,2026-07-24 10:48:38.920807,True,15,en,False,,Solid upgrade,Solid upgrade. Screen has a noticeable green tint which is annoying. Worth every penny considering the specifications.,2026-08-19 10:48:42.794731,2026-08-19 10:49:11.762895,1.0.0
65,2,DEMOAPPL02-R0004,5.0,2026-06-23 10:48:38.920807,True,1,en,False,,Great phone with caveats,Great phone with caveats. The processor handles heavy games without heating up. Colours are punchy and the 120Hz refresh rate feels smooth. It has a large battery and charges over USB-C. Worth every penny considering the specifications.,2026-08-19 10:48:42.794731,2026-08-19 10:49:11.762895,1.0.0
66,2,DEMOAPPL02-R0005,4.0,2025-12-30 10:48:38.920807,True,39,en,False,,Mixed feelings,Mixed feelings. Colours are punchy and the 120Hz refresh rate feels smooth. The processor handles heavy games without heating up. The price is hard to justify against cheaper rivals. The battery easily lasts two full days on a single charge.,2026-08-19 10:48:42.794731,2026-08-19 10:49:11.762895,1.0.0
67,2,DEMOAPPL02-R0006,3.0,2026-07-08 10:48:38.920807,True,9,en,False,,Mixed feelings,Mixed feelings. Apps crash frequently which is frustrating. Great value for money at this price point.,2026-08-19 10:48:42.794731,2026-08-19 10:49:11.762895,1.0.0
68,2,DEMOAPPL02-R0007,4.0,2026-01-10 10:48:38.920807,True,14,en,False,,Exactly what I wanted,"Exactly what I wanted. The price is hard to justify against cheaper rivals. The panel is sharp and the touch response is instant. Performance is buttery smooth, no lag at all.",2026-08-19 10:48:42.794731,2026-08-19 10:49:11.762895,1.0.0
69,2,DEMOAPPL02-R0008,4.0,2026-07-06 10:48:38.920807,True,6,en,False,,Mixed feelings,"Mixed feelings. Battery is okay, nothing special either way. Very reasonably priced compared to the competition. Photos are crisp and the colours look natural.",2026-08-19 10:48:42.794731,2026-08-19 10:49:11.762895,1.0.0
70,2,DEMOAPPL02-R0009,4.0,2026-06-26 10:48:38.920807,True,13,en,False,,Decent but flawed,Decent but flawed. It ships with a flagship chipset and 12GB of RAM. Battery backup is amazing even with heavy use. An absolute bargain during the sale. It has a triple camera setup on the back.,2026-08-19 10:48:42.794731,2026-08-19 10:49:11.762895,1.0.0
71,2,DEMOAPPL02-R0010,4.0,2025-10-11 10:48:38.920807,False,17,en,False,,Solid upgrade,Solid upgrade. It is overpriced and not worth the money. Screen quality is excellent with deep blacks. Battery backup is amazing even with heavy use.,2026-08-19 10:48:42.794731,2026-08-19 10:49:11.762895,1.0.0
72,2,DEMOAPPL02-R0011,4.0,2026-05-30 10:48:38.920807,True,20,en,False,,Decent but flawed,"Decent but flawed. Worth every penny considering the specifications. Setup took about fifteen minutes. It uses an AMOLED panel with a centred punch hole. Performance is buttery smooth, no lag at all.",2026-08-19 10:48:42.794731,2026-08-19 10:49:11.762895,1.0.0
73,2,DEMOAPPL02-R0012,5.0,2026-01-18 10:48:38.920807,True,32,en,False,,Not for everyone,Not for everyone. The camera captures stunning detail even in low light. Screen quality is excellent with deep blacks.,2026-08-19 10:48:42.794731,2026-08-19 10:49:11.762895,1.0.0
74,2,DEMOAPPL02-R0013,4.0,2026-03-17 10:48:38.920807,False,8,en,False,,Exactly what I wanted,Exactly what I wanted. It feels incredibly fast and responsive. The price sits in the usual flagship bracket. Portrait mode produces gorgeous results.,2026-08-19 10:48:42.794731,2026-08-19 10:49:11.762895,1.0.0
75,2,DEMOAPPL02-R0014,5.0,2026-07-13 10:48:38.920807,True,2,en,False,,Decent but flawed,Decent but flawed. It feels incredibly fast and responsive. Battery backup is amazing even with heavy use.,2026-08-19 10:48:42.794731,2026-08-19 10:49:11.762895,1.0.0
76,2,DEMOAPPL02-R0015,4.0,2025-08-30 10:48:38.920807,False,5,en,False,,Not for everyone,Not for everyone. The panel is sharp and the touch response is instant. It is overpriced and not worth the money. I switched from an older model after three years. Portrait mode produces gorgeous results.,2026-08-19 10:48:42.794731,2026-08-19 10:49:11.762895,1.0.0
77,2,DEMOAPPL02-R0016,4.0,2026-02-20 10:48:38.920807,True,9,en,False,,Decent but flawed,"Decent but flawed. I switched from an older model after three years. The display is amazing, bright and vivid outdoors. Video stabilisation is superb for handheld shots. Far too expensive for what you actually get. Battery life is excellent, I end the day at 45 percent.",2026-08-19 10:48:42.794731,2026-08-19 10:49:11.762895,1.0.0
78,2,DEMOAPPL02-R0017,3.0,2025-09-04 10:48:38.920807,False,36,en,False,,Not for everyone,Not for everyone. Colours are punchy and the 120Hz refresh rate feels smooth. The price is hard to justify against cheaper rivals. Setup took about fifteen minutes.,2026-08-19 10:48:42.794731,2026-08-19 10:49:11.762895,1.0.0
79,2,DEMOAPPL02-R0018,5.0,2025-12-02 10:48:38.920807,True,29,en,False,,Decent but flawed,Decent but flawed. Battery backup is amazing even with heavy use. Video stabilisation is superb for handheld shots.,2026-08-19 10:48:42.794731,2026-08-19 10:49:11.762895,1.0.0
80,2,DEMOAPPL02-R0019,5.0,2026-03-07 10:48:38.920807,True,32,en,False,,Exactly what I wanted,"Exactly what I wanted. The display is amazing, bright and vivid outdoors. Portrait mode produces gorgeous results. Great value for money at this price point.",2026-08-19 10:48:42.794731,2026-08-19 10:49:11.762895,1.0.0
81,2,DEMOAPPL02-R0020,4.0,2026-02-13 10:48:38.920807,True,18,en,False,,Great phone with caveats,Great phone with caveats. The display is dim under sunlight and colours look dull. The processor handles heavy games without heating up. An absolute bargain during the sale.,2026-08-19 10:48:42.794731,2026-08-19 10:49:11.762895,1.0.0
82,2,DEMOAPPL02-R0021,5.0,2026-06-13 10:48:38.920807,True,5,en,False,,Impressive hardware,"Impressive hardware. The display is amazing, bright and vivid outdoors. Battery backup is amazing even with heavy use. Photos are crisp and the colours look natural. Worth every penny considering the specifications.",2026-08-19 10:48:42.794731,2026-08-19 10:49:11.762895,1.0.0
83,2,DEMOAPPL02-R0022,5.0,2026-05-18 10:48:38.920807,False,21,en,False,,Would buy again,Would buy again. The battery easily lasts two full days on a single charge. Portrait mode produces gorgeous results.,2026-08-19 10:48:42.794731,2026-08-19 10:49:11.762895,1.0.0
84,2,DEMOAPPL02-R0023,5.0,2025-10-17 10:48:38.920807,True,10,en,False,,Great phone with caveats,"Great phone with caveats. Great value for money at this price point. The display is amazing, bright and vivid outdoors.",2026-08-19 10:48:42.794731,2026-08-19 10:49:11.762895,1.0.0
85,2,DEMOAPPL02-R0024,4.0,2025-11-18 10:48:38.920807,True,30,en,False,,Exactly what I wanted,"Exactly what I wanted. Battery life is excellent, I end the day at 45 percent. It ships with a flagship chipset and 12GB of RAM.",2026-08-19 10:48:42.794731,2026-08-19 10:49:11.762895,1.0.0
86,2,DEMOAPPL02-R0025,3.0,2026-07-23 10:48:38.920807,True,23,en,False,,Would buy again,"Would buy again. Battery is okay, nothing special either way. An absolute bargain during the sale. It ships with a flagship chipset and 12GB of RAM.",2026-08-19 10:48:42.794731,2026-08-19 10:49:11.762895,1.0.0
87,2,DEMOAPPL02-R0026,4.0,2026-02-21 10:48:38.920807,False,26,en,False,,Not for everyone,Not for everyone. Photos are crisp and the colours look natural. The processor handles heavy games without heating up. It uses an AMOLED panel with a centred punch hole.,2026-08-19 10:48:42.794731,2026-08-19 10:49:11.762895,1.0.0
88,2,DEMOAPPL02-R0027,5.0,2026-07-30 10:48:38.920807,True,30,en,False,,Great phone with caveats,Great phone with caveats. Overall I am happy with this purchase so far. Great value for money at this price point. The camera captures stunning detail even in low light.,2026-08-19 10:48:42.794731,2026-08-19 10:49:11.762895,1.0.0
89,2,DEMOAPPL02-R0028,4.0,2026-04-18 10:48:38.920807,True,39,en,False,,Solid upgrade,"Solid upgrade. Colours are punchy and the 120Hz refresh rate feels smooth. I switched from an older model after three years. Battery is okay, nothing special either way.",2026-08-19 10:48:42.794731,2026-08-19 10:49:11.762895,1.0.0
90,2,DEMOAPPL02-R0029,5.0,2026-01-31 10:48:38.920807,False,2,en,False,,Solid upgrade,Solid upgrade. Overall I am happy with this purchase so far. Colours are punchy and the 120Hz refresh rate feels smooth. Video stabilisation is superb for handheld shots. Very reasonably priced compared to the competition. Battery backup is amazing even with heavy use.,2026-08-19 10:48:42.794731,2026-08-19 10:49:11.762895,1.0.0
91,2,DEMOAPPL02-R0030,4.0,2025-07-16 10:48:38.920807,True,30,en,False,,Great phone with caveats,Great phone with caveats. It is overpriced and not worth the money. The battery easily lasts two full days on a single charge. Overall I am happy with this purchase so far. Video stabilisation is superb for handheld shots.,2026-08-19 10:48:42.794731,2026-08-19 10:49:11.762895,1.0.0
92,2,DEMOAPPL02-R0031,5.0,2026-04-11 10:48:38.920807,True,12,en,False,,Not for everyone,"Not for everyone. The display is amazing, bright and vivid outdoors. Setup took about fifteen minutes. Performance is buttery smooth, no lag at all.",2026-08-19 10:48:42.794731,2026-08-19 10:49:11.762895,1.0.0
93,2,DEMOAPPL02-R0032,5.0,2025-11-26 10:48:38.920807,True,5,en,False,,Decent but flawed,"Decent but flawed. Multitasking is seamless with plenty of RAM. Setup took about fifteen minutes. Portrait mode produces gorgeous results. Battery is okay, nothing special either way.",2026-08-19 10:48:42.794731,2026-08-19 10:49:11.762895,1.0.0
94,2,DEMOAPPL02-R0033,5.0,2026-03-31 10:48:38.920807,True,3,en,False,,Impressive hardware,"Impressive hardware. Overall I am happy with this purchase so far. The display is amazing, bright and vivid outdoors. Very reasonably priced compared to the competition. Portrait mode produces gorgeous results. Battery backup is amazing even with heavy use.",2026-08-19 10:48:42.794731,2026-08-19 10:49:11.762895,1.0.0
95,2,DEMOAPPL02-R0034,5.0,2025-10-13 10:48:38.920807,True,28,en,False,,Solid upgrade,Solid upgrade. The panel is sharp and the touch response is instant. Great value for money at this price point. Overall I am happy with this purchase so far.,2026-08-19 10:48:42.794731,2026-08-19 10:49:11.762895,1.0.0
96,2,DEMOAPPL02-R0035,5.0,2026-04-06 10:48:38.920807,True,28,en,False,,Mixed feelings,"Mixed feelings. Multitasking is seamless with plenty of RAM. Fast charging is brilliant, it tops up in under an hour. The camera captures stunning detail even in low light. Worth every penny considering the specifications.",2026-08-19 10:48:42.794731,2026-08-19 10:49:11.762895,1.0.0
97,2,DEMOAPPL02-R0036,5.0,2025-09-11 10:48:38.920807,True,4,en,False,,Decent but flawed,Decent but flawed. The battery easily lasts two full days on a single charge. An absolute bargain during the sale.,2026-08-19 10:48:42.794731,2026-08-19 10:49:11.762895,1.0.0
98,2,DEMOAPPL02-R0037,4.0,2025-12-22 10:48:38.920807,False,35,en,False,,Decent but flawed,Decent but flawed. The processor handles heavy games without heating up. It has a large battery and charges over USB-C. Photos are crisp and the colours look natural. Colours are punchy and the 120Hz refresh rate feels smooth.,2026-08-19 10:48:42.794731,2026-08-19 10:49:11.762895,1.0.0
99,2,DEMOAPPL02-R0038,4.0,2026-06-14 10:48:38.920807,False,35,en,False,,Decent but flawed,"Decent but flawed. Touch response is unresponsive at the edges. An absolute bargain during the sale. Delivery arrived a day early and the packaging was neat. Performance is buttery smooth, no lag at all.",2026-08-19 10:48:42.794731,2026-08-19 10:49:11.762895,1.0.0
100,2,DEMOAPPL02-R0039,5.0,2026-05-10 10:48:38.920807,True,35,en,False,,Would buy again,"Would buy again. It uses an AMOLED panel with a centred punch hole. The processor handles heavy games without heating up. Battery life is excellent, I end the day at 45 percent. Photos are crisp and the colours look natural. Overall I am happy with this purchase so far.",2026-08-19 10:48:42.794731,2026-08-19 10:49:11.762895,1.0.0
101,2,DEMOAPPL02-R0040,5.0,2025-09-24 10:48:38.920807,True,16,en,False,,Solid upgrade,"Solid upgrade. Battery life is excellent, I end the day at 45 percent. The processor handles heavy games without heating up. Very reasonably priced compared to the competition. The camera captures stunning detail even in low light.",2026-08-19 10:48:42.794731,2026-08-19 10:49:11.762895,1.0.0
102,2,DEMOAPPL02-R0041,3.0,2025-12-14 10:48:38.920807,True,21,en,False,,Impressive hardware,"Impressive hardware. Delivery arrived a day early and the packaging was neat. The price is hard to justify against cheaper rivals. Fast charging is brilliant, it tops up in under an hour. The panel is sharp and the touch response is instant.",2026-08-19 10:48:42.794731,2026-08-19 10:49:11.762895,1.0.0
103,2,DEMOAPPL02-R0042,3.0,2026-03-23 10:48:38.920807,False,39,en,False,,Solid upgrade,"Solid upgrade. Charging is painfully slow compared to my old phone. The display is dim under sunlight and colours look dull. Performance is buttery smooth, no lag at all. I switched from an older model after three years. Portrait mode produces gorgeous results.",2026-08-19 10:48:42.794731,2026-08-19 10:49:11.762895,1.0.0
104,2,DEMOAPPL02-R0043,3.0,2025-12-03 10:48:38.920807,True,15,en,False,,Impressive hardware,Impressive hardware. Colours are punchy and the 120Hz refresh rate feels smooth. It is overpriced and not worth the money. The battery barely lasts a working day. Video stabilisation is superb for handheld shots.,2026-08-19 10:48:42.794731,2026-08-19 10:49:11.762895,1.0.0
105,2,DEMOAPPL02-R0044,4.0,2026-07-26 10:48:38.920807,True,36,en,False,,Decent but flawed,"Decent but flawed. An absolute bargain during the sale. Performance is buttery smooth, no lag at all. Overall I am happy with this purchase so far. The battery barely lasts a working day.",2026-08-19 10:48:42.794731,2026-08-19 10:49:11.762895,1.0.0
106,2,DEMOAPPL02-R0045,5.0,2026-06-14 10:48:38.920807,False,25,en,False,,Mixed feelings,Mixed feelings. Battery backup is amazing even with heavy use. Screen quality is excellent with deep blacks.,2026-08-19 10:48:42.794731,2026-08-19 10:49:11.762895,1.0.0
107,2,DEMOAPPL02-R0046,5.0,2026-06-03 10:48:38.920807,True,32,en,False,,Not for everyone,Not for everyone. Battery backup is amazing even with heavy use. The camera captures stunning detail even in low light. Overall I am happy with this purchase so far.,2026-08-19 10:48:42.794731,2026-08-19 10:49:11.762895,1.0.0
108,2,DEMOAPPL02-R0047,4.0,2026-02-11 10:48:38.920807,True,7,en,False,,Solid upgrade,"Solid upgrade. Fast charging is brilliant, it tops up in under an hour. The price sits in the usual flagship bracket.",2026-08-19 10:48:42.794731,2026-08-19 10:49:11.762895,1.0.0
109,2,DEMOAPPL02-R0048,4.0,2026-01-16 10:48:38.920807,True,13,en,False,,Decent but flawed,"Decent but flawed. I switched from an older model after three years. Photos are crisp and the colours look natural. Battery is okay, nothing special either way. An absolute bargain during the sale. Colours are punchy and the 120Hz refresh rate feels smooth.",2026-08-19 10:48:42.794731,2026-08-19 10:49:11.762895,1.0.0
110,2,DEMOAPPL02-R0049,4.0,2025-09-06 10:48:38.920807,True,16,en,False,,Decent but flawed,Decent but flawed. Photos are crisp and the colours look natural. Battery backup is amazing even with heavy use. Screen quality is excellent with deep blacks. It is overpriced and not worth the money.,2026-08-19 10:48:42.794731,2026-08-19 10:49:11.762895,1.0.0
111,2,DEMOAPPL02-R0050,3.0,2026-02-21 10:48:38.920807,True,17,en,False,,Not for everyone,Not for everyone. Photos are crisp and the colours look natural. Screen has a noticeable green tint which is annoying. It has a large battery and charges over USB-C.,2026-08-19 10:48:42.794731,2026-08-19 10:49:11.762895,1.0.0
112,2,DEMOAPPL02-R0051,4.0,2026-05-07 10:48:38.920807,False,17,en,False,,Exactly what I wanted,Exactly what I wanted. The processor handles heavy games without heating up. Video stabilisation is superb for handheld shots. Far too expensive for what you actually get. Overall I am happy with this purchase so far.,2026-08-19 10:48:42.794731,2026-08-19 10:49:11.762895,1.0.0
113,2,DEMOAPPL02-R0052,5.0,2026-08-16 10:48:38.920807,False,10,en,False,,Great phone with caveats,Great phone with caveats. Photos are crisp and the colours look natural. The processor handles heavy games without heating up. The battery easily lasts two full days on a single charge. Screen quality is excellent with deep blacks.,2026-08-19 10:48:42.794731,2026-08-19 10:49:11.762895,1.0.0
114,2,DEMOAPPL02-R0053,4.0,2026-05-21 10:48:38.920807,True,11,en,False,,Solid upgrade,"Solid upgrade. The display is amazing, bright and vivid outdoors. The battery drains far too quickly during video calls. Photos are crisp and the colours look natural.",2026-08-19 10:48:42.794731,2026-08-19 10:49:11.762895,1.0.0
115,2,DEMOAPPL02-R0054,3.0,2025-12-03 10:48:38.920807,True,12,en,False,,Great phone with caveats,Great phone with caveats. Screen has a noticeable green tint which is annoying. Far too expensive for what you actually get. The camera captures stunning detail even in low light. It ships with a flagship chipset and 12GB of RAM. Setup took about fifteen minutes.,2026-08-19 10:48:42.794731,2026-08-19 10:49:11.762895,1.0.0
116,2,DEMOAPPL02-R0055,4.0,2026-01-25 10:48:38.920807,True,11,en,False,,Mixed feelings,Mixed feelings. The processor handles heavy games without heating up. Video stabilisation is superb for handheld shots. The price is hard to justify against cheaper rivals. Setup took about fifteen minutes. Colours are punchy and the 120Hz refresh rate feels smooth.,2026-08-19 10:48:42.794731,2026-08-19 10:49:11.762895,1.0.0
117,2,DEMOAPPL02-R0056,5.0,2026-04-07 10:48:38.920807,True,15,en,False,,Solid upgrade,"Solid upgrade. Colours are punchy and the 120Hz refresh rate feels smooth. Fast charging is brilliant, it tops up in under an hour.",2026-08-19 10:48:42.794731,2026-08-19 10:49:11.762895,1.0.0
118,2,DEMOAPPL02-R0057,5.0,2026-06-01 10:48:38.920807,True,38,en,False,,Not for everyone,Not for everyone. I switched from an older model after three years. Multitasking is seamless with plenty of RAM. Screen quality is excellent with deep blacks.,2026-08-19 10:48:42.794731,2026-08-19 10:49:11.762895,1.0.0
119,2,DEMOAPPL02-R0058,4.0,2026-05-26 10:48:38.920807,True,33,en,False,,Great phone with caveats,"Great phone with caveats. It has a large battery and charges over USB-C. The camera captures stunning detail even in low light. The price sits in the usual flagship bracket. Performance is buttery smooth, no lag at all. I switched from an older model after three years.",2026-08-19 10:48:42.794731,2026-08-19 10:49:11.762895,1.0.0
120,2,DEMOAPPL02-R0059,4.0,2025-09-08 10:48:38.920807,False,1,en,False,,Not for everyone,Not for everyone. The camera captures stunning detail even in low light. It is overpriced and not worth the money. The panel is sharp and the touch response is instant. Battery backup is amazing even with heavy use.,2026-08-19 10:48:42.794731,2026-08-19 10:49:11.762895,1.0.0
121,3,DEMOXIAO03-R0000,4.0,2026-01-21 10:48:38.920807,True,8,en,False,,Would buy again,Would buy again. Portrait mode produces gorgeous results. Great value for money at this price point. The battery easily lasts two full days on a single charge. The display is dim under sunlight and colours look dull.,2026-08-19 10:48:43.353908,2026-08-19 10:49:12.088283,1.0.0
122,3,DEMOXIAO03-R0001,5.0,2026-08-17 10:48:38.920807,True,19,en,False,,Exactly what I wanted,"Exactly what I wanted. Battery life is excellent, I end the day at 45 percent. Very reasonably priced compared to the competition. Portrait mode produces gorgeous results.",2026-08-19 10:48:43.353908,2026-08-19 10:49:12.088283,1.0.0
123,3,DEMOXIAO03-R0002,5.0,2026-08-02 10:48:38.920807,False,26,en,False,,Mixed feelings,"Mixed feelings. Fast charging is brilliant, it tops up in under an hour. Photos are crisp and the colours look natural.",2026-08-19 10:48:43.353908,2026-08-19 10:49:12.088283,1.0.0
124,3,DEMOXIAO03-R0003,5.0,2025-07-28 10:48:38.920807,False,3,en,False,,Exactly what I wanted,"Exactly what I wanted. Setup took about fifteen minutes. The camera captures stunning detail even in low light. The display is amazing, bright and vivid outdoors.",2026-08-19 10:48:43.353908,2026-08-19 10:49:12.088283,1.0.0
125,3,DEMOXIAO03-R0004,4.0,2025-11-07 10:48:38.920807,True,22,en,False,,Impressive hardware,"Impressive hardware. Multitasking is seamless with plenty of RAM. Worth every penny considering the specifications. Battery life is poor, it dies by early evening. Screen quality is excellent with deep blacks. I switched from an older model after three years.",2026-08-19 10:48:43.353908,2026-08-19 10:49:12.088283,1.0.0
126,3,DEMOXIAO03-R0005,5.0,2026-01-17 10:48:38.920807,True,8,en,False,,Impressive hardware,Impressive hardware. Battery backup is amazing even with heavy use. Setup took about fifteen minutes. Portrait mode produces gorgeous results. Worth every penny considering the specifications.,2026-08-19 10:48:43.353908,2026-08-19 10:49:12.088283,1.0.0
127,3,DEMOXIAO03-R0006,5.0,2025-07-25 10:48:38.920807,True,35,en,False,,Exactly what I wanted,Exactly what I wanted. The panel is sharp and the touch response is instant. It has a large battery and charges over USB-C. Worth every penny considering the specifications. Delivery arrived a day early and the packaging was neat.,2026-08-19 10:48:43.353908,2026-08-19 10:49:12.088283,1.0.0
128,3,DEMOXIAO03-R0007,3.0,2025-08-27 10:48:38.920807,True,13,en,False,,Exactly what I wanted,Exactly what I wanted. The display is dim under sunlight and colours look dull. Worth every penny considering the specifications. The battery drains far too quickly during video calls.,2026-08-19 10:48:43.353908,2026-08-19 10:49:12.088283,1.0.0
129,3,DEMOXIAO03-R0008,5.0,2025-07-25 10:48:38.920807,False,13,en,False,,Not for everyone,"Not for everyone. Fast charging is brilliant, it tops up in under an hour. Very reasonably priced compared to the competition. The panel is sharp and the touch response is instant.",2026-08-19 10:48:43.353908,2026-08-19 10:49:12.088283,1.0.0
130,3,DEMOXIAO03-R0009,4.0,2026-04-09 10:48:38.920807,True,31,en,False,,Decent but flawed,Decent but flawed. It ships with a flagship chipset and 12GB of RAM. Battery backup is amazing even with heavy use. Photos are crisp and the colours look natural. An absolute bargain during the sale.,2026-08-19 10:48:43.353908,2026-08-19 10:49:12.088283,1.0.0
131,3,DEMOXIAO03-R0010,5.0,2025-09-10 10:48:38.920807,True,0,en,False,,Mixed feelings,Mixed feelings. The panel is sharp and the touch response is instant. The camera captures stunning detail even in low light.,2026-08-19 10:48:43.353908,2026-08-19 10:49:12.088283,1.0.0
132,3,DEMOXIAO03-R0011,5.0,2026-08-15 10:48:38.920807,True,26,en,False,,Solid upgrade,Solid upgrade. Great value for money at this price point. Battery backup is amazing even with heavy use. Setup took about fifteen minutes.,2026-08-19 10:48:43.353908,2026-08-19 10:49:12.088283,1.0.0
133,3,DEMOXIAO03-R0012,3.0,2026-02-18 10:48:38.920807,True,25,en,False,,Would buy again,Would buy again. It lags badly when switching between apps. Portrait mode produces gorgeous results. It uses an AMOLED panel with a centred punch hole. Great value for money at this price point.,2026-08-19 10:48:43.353908,2026-08-19 10:49:12.088283,1.0.0
134,3,DEMOXIAO03-R0013,5.0,2026-07-07 10:48:38.920807,True,27,en,False,,Great phone with caveats,"Great phone with caveats. Worth every penny considering the specifications. Performance is buttery smooth, no lag at all. The camera captures stunning detail even in low light. Delivery arrived a day early and the packaging was neat. The panel is sharp and the touch response is instant.",2026-08-19 10:48:43.353908,2026-08-19 10:49:12.088283,1.0.0
135,3,DEMOXIAO03-R0014,5.0,2026-05-19 10:48:38.920807,False,20,en,False,,Solid upgrade,"Solid upgrade. Portrait mode produces gorgeous results. Performance is buttery smooth, no lag at all.",2026-08-19 10:48:43.353908,2026-08-19 10:49:12.088283,1.0.0
136,3,DEMOXIAO03-R0015,5.0,2026-07-22 10:48:38.920807,True,14,en,False,,Decent but flawed,Decent but flawed. It ships with a flagship chipset and 12GB of RAM. Delivery arrived a day early and the packaging was neat. Worth every penny considering the specifications. The panel is sharp and the touch response is instant. Video stabilisation is superb for handheld shots.,2026-08-19 10:48:43.353908,2026-08-19 10:49:12.088283,1.0.0
137,3,DEMOXIAO03-R0016,4.0,2025-09-04 10:48:38.920807,True,24,en,False,,Great phone with caveats,Great phone with caveats. Very reasonably priced compared to the competition. The camera app has the usual modes. Multitasking is seamless with plenty of RAM.,2026-08-19 10:48:43.353908,2026-08-19 10:49:12.088283,1.0.0
138,3,DEMOXIAO03-R0017,5.0,2026-07-03 10:48:38.920807,True,19,en,False,,Mixed feelings,Mixed feelings. Portrait mode produces gorgeous results. The processor handles heavy games without heating up.,2026-08-19 10:48:43.353908,2026-08-19 10:49:12.088283,1.0.0
139,3,DEMOXIAO03-R0018,5.0,2026-02-02 10:48:38.920807,True,26,en,False,,Decent but flawed,Decent but flawed. Overall I am happy with this purchase so far. An absolute bargain during the sale. Battery backup is amazing even with heavy use.,2026-08-19 10:48:43.353908,2026-08-19 10:49:12.088283,1.0.0
140,3,DEMOXIAO03-R0019,5.0,2026-07-10 10:48:38.920807,True,15,en,False,,Not for everyone,"Not for everyone. Portrait mode produces gorgeous results. Very reasonably priced compared to the competition. The panel is sharp and the touch response is instant. Battery life is excellent, I end the day at 45 percent.",2026-08-19 10:48:43.353908,2026-08-19 10:49:12.088283,1.0.0
141,3,DEMOXIAO03-R0020,5.0,2026-01-10 10:48:38.920807,False,38,en,False,,Decent but flawed,Decent but flawed. The panel is sharp and the touch response is instant. Battery backup is amazing even with heavy use.,2026-08-19 10:48:43.353908,2026-08-19 10:49:12.088283,1.0.0
142,3,DEMOXIAO03-R0021,4.0,2026-02-07 10:48:38.920807,True,25,en,False,,Decent but flawed,Decent but flawed. It feels incredibly fast and responsive. Charging is painfully slow compared to my old phone. An absolute bargain during the sale.,2026-08-19 10:48:43.353908,2026-08-19 10:49:12.088283,1.0.0
143,3,DEMOXIAO03-R0022,2.0,2026-01-21 10:48:38.920807,True,8,en,False,,Mixed feelings,"Mixed feelings. Pictures look washed out and the zoom is blurry. Performance is buttery smooth, no lag at all. It is overpriced and not worth the money. Battery life is poor, it dies by early evening.",2026-08-19 10:48:43.353908,2026-08-19 10:49:12.088283,1.0.0
144,3,DEMOXIAO03-R0023,5.0,2026-06-24 10:48:38.920807,True,22,en,False,,Mixed feelings,Mixed feelings. An absolute bargain during the sale. Battery backup is amazing even with heavy use. It feels incredibly fast and responsive. Video stabilisation is superb for handheld shots.,2026-08-19 10:48:43.353908,2026-08-19 10:49:12.088283,1.0.0
145,3,DEMOXIAO03-R0024,4.0,2026-02-23 10:48:38.920807,False,30,en,False,,Great phone with caveats,Great phone with caveats. Apps crash frequently which is frustrating. Great value for money at this price point. Colours are punchy and the 120Hz refresh rate feels smooth.,2026-08-19 10:48:43.353908,2026-08-19 10:49:12.088283,1.0.0
146,3,DEMOXIAO03-R0025,4.0,2026-02-21 10:48:38.920807,True,28,en,False,,Not for everyone,Not for everyone. It ships with a flagship chipset and 12GB of RAM. Very reasonably priced compared to the competition.,2026-08-19 10:48:43.353908,2026-08-19 10:49:12.088283,1.0.0
147,3,DEMOXIAO03-R0026,5.0,2025-08-04 10:48:38.920807,True,11,en,False,,Great phone with caveats,Great phone with caveats. Great value for money at this price point. Video stabilisation is superb for handheld shots.,2026-08-19 10:48:43.353908,2026-08-19 10:49:12.088283,1.0.0
148,3,DEMOXIAO03-R0027,5.0,2026-08-16 10:48:38.920807,True,13,en,False,,Impressive hardware,Impressive hardware. Battery backup is amazing even with heavy use. Setup took about fifteen minutes. Colours are punchy and the 120Hz refresh rate feels smooth. It feels incredibly fast and responsive.,2026-08-19 10:48:43.353908,2026-08-19 10:49:12.088283,1.0.0
149,3,DEMOXIAO03-R0028,5.0,2026-02-21 10:48:38.920807,True,29,en,False,,Mixed feelings,"Mixed feelings. Video stabilisation is superb for handheld shots. Performance is buttery smooth, no lag at all. An absolute bargain during the sale. Fast charging is brilliant, it tops up in under an hour.",2026-08-19 10:48:43.353908,2026-08-19 10:49:12.088283,1.0.0
150,3,DEMOXIAO03-R0029,5.0,2025-10-28 10:48:38.920807,True,11,en,False,,Great phone with caveats,"Great phone with caveats. Battery life is excellent, I end the day at 45 percent. The processor handles heavy games without heating up. Colours are punchy and the 120Hz refresh rate feels smooth. Photos are crisp and the colours look natural.",2026-08-19 10:48:43.353908,2026-08-19 10:49:12.088283,1.0.0
151,3,DEMOXIAO03-R0030,5.0,2026-02-03 10:48:38.920807,False,32,en,False,,Exactly what I wanted,Exactly what I wanted. Worth every penny considering the specifications. Battery backup is amazing even with heavy use. Screen quality is excellent with deep blacks.,2026-08-19 10:48:43.353908,2026-08-19 10:49:12.088283,1.0.0
152,3,DEMOXIAO03-R0031,5.0,2025-07-15 10:48:38.920807,True,31,en,False,,Great phone with caveats,Great phone with caveats. Battery backup is amazing even with heavy use. The camera captures stunning detail even in low light. I switched from an older model after three years. Colours are punchy and the 120Hz refresh rate feels smooth.,2026-08-19 10:48:43.353908,2026-08-19 10:49:12.088283,1.0.0
153,3,DEMOXIAO03-R0032,4.0,2025-08-07 10:48:38.920807,False,15,en,False,,Mixed feelings,"Mixed feelings. The camera app has the usual modes. Performance is buttery smooth, no lag at all. It uses an AMOLED panel with a centred punch hole.",2026-08-19 10:48:43.353908,2026-08-19 10:49:12.088283,1.0.0
154,3,DEMOXIAO03-R0033,3.0,2026-05-05 10:48:38.920807,False,3,en,False,,Great phone with caveats,Great phone with caveats. It ships with a flagship chipset and 12GB of RAM. Great value for money at this price point. Setup took about fifteen minutes. It has a triple camera setup on the back.,2026-08-19 10:48:43.353908,2026-08-19 10:49:12.088283,1.0.0
155,3,DEMOXIAO03-R0034,3.0,2026-06-10 10:48:38.920807,False,26,en,False,,Mixed feelings,"Mixed feelings. Fast charging is brilliant, it tops up in under an hour. Night shots are disappointing and full of noise. Multitasking is seamless with plenty of RAM. Touch response is unresponsive at the edges.",2026-08-19 10:48:43.353908,2026-08-19 10:49:12.088283,1.0.0
156,3,DEMOXIAO03-R0035,3.0,2025-09-28 10:48:38.920807,True,5,en,False,,Mixed feelings,Mixed feelings. Pictures look washed out and the zoom is blurry. Very reasonably priced compared to the competition. It ships with a flagship chipset and 12GB of RAM. Screen quality is excellent with deep blacks.,2026-08-19 10:48:43.353908,2026-08-19 10:49:12.088283,1.0.0
157,3,DEMOXIAO03-R0036,4.0,2025-11-18 10:48:38.920807,True,27,en,False,,Mixed feelings,Mixed feelings. Charging is painfully slow compared to my old phone. The camera captures stunning detail even in low light. An absolute bargain during the sale.,2026-08-19 10:48:43.353908,2026-08-19 10:49:12.088283,1.0.0
158,3,DEMOXIAO03-R0037,5.0,2026-01-05 10:48:38.920807,True,27,en,False,,Great phone with caveats,"Great phone with caveats. Battery life is excellent, I end the day at 45 percent. The panel is sharp and the touch response is instant. Great value for money at this price point. Delivery arrived a day early and the packaging was neat.",2026-08-19 10:48:43.353908,2026-08-19 10:49:12.088283,1.0.0
159,3,DEMOXIAO03-R0038,4.0,2025-08-12 10:48:38.920807,True,14,en,False,,Would buy again,"Would buy again. Battery is okay, nothing special either way. I switched from an older model after three years. Multitasking is seamless with plenty of RAM.",2026-08-19 10:48:43.353908,2026-08-19 10:49:12.088283,1.0.0
160,3,DEMOXIAO03-R0039,5.0,2025-08-27 10:48:38.920807,True,7,en,False,,Solid upgrade,Solid upgrade. The camera captures stunning detail even in low light. Worth every penny considering the specifications.,2026-08-19 10:48:43.353908,2026-08-19 10:49:12.088283,1.0.0
161,3,DEMOXIAO03-R0040,5.0,2025-09-24 10:48:38.920807,False,9,en,False,,Great phone with caveats,"Great phone with caveats. The display is amazing, bright and vivid outdoors. Fast charging is brilliant, it tops up in under an hour.",2026-08-19 10:48:43.353908,2026-08-19 10:49:12.088283,1.0.0
162,3,DEMOXIAO03-R0041,4.0,2026-06-28 10:48:38.920807,True,7,en,False,,Mixed feelings,Mixed feelings. Photos are crisp and the colours look natural. The processor handles heavy games without heating up. Touch response is unresponsive at the edges.,2026-08-19 10:48:43.353908,2026-08-19 10:49:12.088283,1.0.0
163,3,DEMOXIAO03-R0042,5.0,2026-05-05 10:48:38.920807,True,32,en,False,,Would buy again,"Would buy again. Battery life is excellent, I end the day at 45 percent. The display is amazing, bright and vivid outdoors. Video stabilisation is superb for handheld shots.",2026-08-19 10:48:43.353908,2026-08-19 10:49:12.088283,1.0.0
164,3,DEMOXIAO03-R0043,5.0,2026-03-09 10:48:38.920807,True,36,en,False,,Decent but flawed,"Decent but flawed. The display is amazing, bright and vivid outdoors. The battery easily lasts two full days on a single charge.",2026-08-19 10:48:43.353908,2026-08-19 10:49:12.088283,1.0.0
165,3,DEMOXIAO03-R0044,4.0,2026-01-14 10:48:38.920807,True,5,en,False,,Impressive hardware,Impressive hardware. Setup took about fifteen minutes. The camera performs poorly in low light and photos come out grainy. The battery easily lasts two full days on a single charge. Worth every penny considering the specifications.,2026-08-19 10:48:43.353908,2026-08-19 10:49:12.088283,1.0.0
166,3,DEMOXIAO03-R0045,4.0,2026-03-13 10:48:38.920807,True,15,en,False,,Mixed feelings,"Mixed feelings. Colours are punchy and the 120Hz refresh rate feels smooth. Battery life is poor, it dies by early evening. It feels incredibly fast and responsive.",2026-08-19 10:48:43.353908,2026-08-19 10:49:12.088283,1.0.0
167,3,DEMOXIAO03-R0046,5.0,2025-12-07 10:48:38.920807,False,33,en,False,,Great phone with caveats,"Great phone with caveats. The display is amazing, bright and vivid outdoors. The processor handles heavy games without heating up. I switched from an older model after three years.",2026-08-19 10:48:43.353908,2026-08-19 10:49:12.088283,1.0.0
168,3,DEMOXIAO03-R0047,4.0,2026-04-01 10:48:38.920807,True,16,en,False,,Impressive hardware,Impressive hardware. Multitasking is seamless with plenty of RAM. It has a triple camera setup on the back.,2026-08-19 10:48:43.353908,2026-08-19 10:49:12.088283,1.0.0
169,3,DEMOXIAO03-R0048,4.0,2026-04-15 10:48:38.920807,True,23,en,False,,Solid upgrade,Solid upgrade. It feels incredibly fast and responsive. The display is dim under sunlight and colours look dull. Video stabilisation is superb for handheld shots. The battery easily lasts two full days on a single charge. Delivery arrived a day early and the packaging was neat.,2026-08-19 10:48:43.353908,2026-08-19 10:49:12.088283,1.0.0
170,3,DEMOXIAO03-R0049,5.0,2026-05-19 10:48:38.920807,True,33,en,False,,Solid upgrade,"Solid upgrade. An absolute bargain during the sale. Colours are punchy and the 120Hz refresh rate feels smooth. Fast charging is brilliant, it tops up in under an hour. The camera captures stunning detail even in low light.",2026-08-19 10:48:43.353908,2026-08-19 10:49:12.088283,1.0.0
171,3,DEMOXIAO03-R0050,4.0,2025-07-19 10:48:38.920807,True,34,en,False,,Not for everyone,Not for everyone. It uses an AMOLED panel with a centred punch hole. Portrait mode produces gorgeous results. I switched from an older model after three years. Worth every penny considering the specifications.,2026-08-19 10:48:43.353908,2026-08-19 10:49:12.088283,1.0.0
172,3,DEMOXIAO03-R0051,5.0,2025-08-06 10:48:38.920807,True,6,en,False,,Impressive hardware,"Impressive hardware. Screen quality is excellent with deep blacks. Performance is buttery smooth, no lag at all.",2026-08-19 10:48:43.353908,2026-08-19 10:49:12.088283,1.0.0
173,3,DEMOXIAO03-R0052,3.0,2025-12-27 10:48:38.920807,False,5,en,False,,Decent but flawed,"Decent but flawed. Setup took about fifteen minutes. Battery life is poor, it dies by early evening. The display is amazing, bright and vivid outdoors.",2026-08-19 10:48:43.353908,2026-08-19 10:49:12.088283,1.0.0
174,3,DEMOXIAO03-R0053,4.0,2025-08-25 10:48:38.920807,False,20,en,False,,Impressive hardware,"Impressive hardware. The camera performs poorly in low light and photos come out grainy. Performance is buttery smooth, no lag at all. Colours are punchy and the 120Hz refresh rate feels smooth. Fast charging is brilliant, it tops up in under an hour.",2026-08-19 10:48:43.353908,2026-08-19 10:49:12.088283,1.0.0
175,3,DEMOXIAO03-R0054,3.0,2026-06-18 10:48:38.920807,True,13,en,False,,Impressive hardware,Impressive hardware. Setup took about fifteen minutes. Far too expensive for what you actually get. The battery easily lasts two full days on a single charge.,2026-08-19 10:48:43.353908,2026-08-19 10:49:12.088283,1.0.0
176,3,DEMOXIAO03-R0055,4.0,2026-02-17 10:48:38.920807,True,3,en,False,,Exactly what I wanted,"Exactly what I wanted. Fast charging is brilliant, it tops up in under an hour. I switched from an older model after three years. The price sits in the usual flagship bracket.",2026-08-19 10:48:43.353908,2026-08-19 10:49:12.088283,1.0.0
177,3,DEMOXIAO03-R0056,3.0,2026-02-09 10:48:38.920807,True,5,en,False,,Impressive hardware,"Impressive hardware. I switched from an older model after three years. Pictures look washed out and the zoom is blurry. Performance is buttery smooth, no lag at all. Battery life is excellent, I end the day at 45 percent.",2026-08-19 10:48:43.353908,2026-08-19 10:49:12.088283,1.0.0
178,3,DEMOXIAO03-R0057,4.0,2026-06-17 10:48:38.920807,True,29,en,False,,Decent but flawed,Decent but flawed. Portrait mode produces gorgeous results. It ships with a flagship chipset and 12GB of RAM.,2026-08-19 10:48:43.353908,2026-08-19 10:49:12.088283,1.0.0
179,3,DEMOXIAO03-R0058,4.0,2025-09-21 10:48:38.920807,True,26,en,False,,Exactly what I wanted,Exactly what I wanted. Great value for money at this price point. Delivery arrived a day early and the packaging was neat. It feels incredibly fast and responsive. Colours are punchy and the 120Hz refresh rate feels smooth. Night shots are disappointing and full of noise.,2026-08-19 10:48:43.353908,2026-08-19 10:49:12.088283,1.0.0
180,3,DEMOXIAO03-R0059,5.0,2025-12-16 10:48:38.920807,True,31,en,False,,Decent but flawed,Decent but flawed. Portrait mode produces gorgeous results. Colours are punchy and the 120Hz refresh rate feels smooth. The battery easily lasts two full days on a single charge.,2026-08-19 10:48:43.353908,2026-08-19 10:49:12.088283,1.0.0
181,4,DEMOGOOG04-R0000,5.0,2026-05-29 10:48:38.920807,True,15,en,False,,Exactly what I wanted,"Exactly what I wanted. Battery life is excellent, I end the day at 45 percent. Overall I am happy with this purchase so far. Multitasking is seamless with plenty of RAM.",2026-08-19 10:48:43.923807,2026-08-19 10:49:12.437526,1.0.0
182,4,DEMOGOOG04-R0001,2.0,2025-11-01 10:48:38.920807,True,36,en,False,,Decent but flawed,Decent but flawed. Far too expensive for what you actually get. Video stabilisation is superb for handheld shots. Performance is sluggish and the UI stutters.,2026-08-19 10:48:43.923807,2026-08-19 10:49:12.437526,1.0.0
183,4,DEMOGOOG04-R0002,5.0,2026-06-13 10:48:38.920807,True,11,en,False,,Exactly what I wanted,Exactly what I wanted. The battery easily lasts two full days on a single charge. Delivery arrived a day early and the packaging was neat. Worth every penny considering the specifications.,2026-08-19 10:48:43.923807,2026-08-19 10:49:12.437526,1.0.0
184,4,DEMOGOOG04-R0003,3.0,2026-06-10 10:48:38.920807,False,27,en,False,,Decent but flawed,"Decent but flawed. Photos are crisp and the colours look natural. The price sits in the usual flagship bracket. Performance is sluggish and the UI stutters. Battery is okay, nothing special either way.",2026-08-19 10:48:43.923807,2026-08-19 10:49:12.437526,1.0.0
185,4,DEMOGOOG04-R0004,5.0,2025-07-20 10:48:38.920807,False,2,en,False,,Impressive hardware,Impressive hardware. Worth every penny considering the specifications. Video stabilisation is superb for handheld shots. Delivery arrived a day early and the packaging was neat.,2026-08-19 10:48:43.923807,2026-08-19 10:49:12.437526,1.0.0
186,4,DEMOGOOG04-R0005,5.0,2026-01-02 10:48:38.920807,True,13,en,False,,Decent but flawed,"Decent but flawed. An absolute bargain during the sale. The battery easily lasts two full days on a single charge. Multitasking is seamless with plenty of RAM. The display is amazing, bright and vivid outdoors.",2026-08-19 10:48:43.923807,2026-08-19 10:49:12.437526,1.0.0
187,4,DEMOGOOG04-R0006,4.0,2026-02-06 10:48:38.920807,True,24,en,False,,Not for everyone,Not for everyone. It ships with a flagship chipset and 12GB of RAM. The panel is sharp and the touch response is instant.,2026-08-19 10:48:43.923807,2026-08-19 10:49:12.437526,1.0.0
188,4,DEMOGOOG04-R0007,5.0,2026-05-28 10:48:38.920807,True,35,en,False,,Impressive hardware,Impressive hardware. Delivery arrived a day early and the packaging was neat. The camera captures stunning detail even in low light. Very reasonably priced compared to the competition.,2026-08-19 10:48:43.923807,2026-08-19 10:49:12.437526,1.0.0
189,4,DEMOGOOG04-R0008,5.0,2025-09-14 10:48:38.920807,True,15,en,False,,Would buy again,"Would buy again. Worth every penny considering the specifications. Portrait mode produces gorgeous results. Performance is buttery smooth, no lag at all. Colours are punchy and the 120Hz refresh rate feels smooth.",2026-08-19 10:48:43.923807,2026-08-19 10:49:12.437526,1.0.0
190,4,DEMOGOOG04-R0009,5.0,2026-05-08 10:48:38.920807,True,13,en,False,,Not for everyone,"Not for everyone. Performance is buttery smooth, no lag at all. Screen quality is excellent with deep blacks.",2026-08-19 10:48:43.923807,2026-08-19 10:49:12.437526,1.0.0
191,4,DEMOGOOG04-R0010,5.0,2026-02-10 10:48:38.920807,True,2,en,False,,Impressive hardware,Impressive hardware. It feels incredibly fast and responsive. Very reasonably priced compared to the competition. Setup took about fifteen minutes.,2026-08-19 10:48:43.923807,2026-08-19 10:49:12.437526,1.0.0
192,4,DEMOGOOG04-R0011,3.0,2025-11-08 10:48:38.920807,True,24,en,False,,Exactly what I wanted,Exactly what I wanted. The battery drains far too quickly during video calls. Setup took about fifteen minutes. Great value for money at this price point.,2026-08-19 10:48:43.923807,2026-08-19 10:49:12.437526,1.0.0
193,4,DEMOGOOG04-R0012,3.0,2026-05-02 10:48:38.920807,False,8,en,False,,Great phone with caveats,Great phone with caveats. The battery barely lasts a working day. Portrait mode produces gorgeous results. Touch response is unresponsive at the edges. I switched from an older model after three years. The processor handles heavy games without heating up.,2026-08-19 10:48:43.923807,2026-08-19 10:49:12.437526,1.0.0
194,4,DEMOGOOG04-R0013,3.0,2025-11-09 10:48:38.920807,True,17,en,False,,Impressive hardware,Impressive hardware. Touch response is unresponsive at the edges. Video stabilisation is superb for handheld shots. Delivery arrived a day early and the packaging was neat.,2026-08-19 10:48:43.923807,2026-08-19 10:49:12.437526,1.0.0
195,4,DEMOGOOG04-R0014,5.0,2026-03-25 10:48:38.920807,False,22,en,False,,Mixed feelings,Mixed feelings. Colours are punchy and the 120Hz refresh rate feels smooth. The camera captures stunning detail even in low light.,2026-08-19 10:48:43.923807,2026-08-19 10:49:12.437526,1.0.0
196,4,DEMOGOOG04-R0015,5.0,2026-04-03 10:48:38.920807,False,1,en,False,,Not for everyone,Not for everyone. The battery easily lasts two full days on a single charge. An absolute bargain during the sale. Portrait mode produces gorgeous results. Screen quality is excellent with deep blacks.,2026-08-19 10:48:43.923807,2026-08-19 10:49:12.437526,1.0.0
197,4,DEMOGOOG04-R0016,2.0,2025-10-13 10:48:38.920807,True,12,en,False,,Impressive hardware,Impressive hardware. The battery drains far too quickly during video calls. The phone overheats during gaming and throttles hard. Portrait mode produces gorgeous results.,2026-08-19 10:48:43.923807,2026-08-19 10:49:12.437526,1.0.0
198,4,DEMOGOOG04-R0017,4.0,2026-07-24 10:48:38.920807,False,12,en,False,,Not for everyone,Not for everyone. The battery drains far too quickly during video calls. Delivery arrived a day early and the packaging was neat. Colours are punchy and the 120Hz refresh rate feels smooth. An absolute bargain during the sale. The camera captures stunning detail even in low light.,2026-08-19 10:48:43.923807,2026-08-19 10:49:12.437526,1.0.0
199,4,DEMOGOOG04-R0018,3.0,2026-04-08 10:48:38.920807,True,5,en,False,,Great phone with caveats,Great phone with caveats. The battery drains far too quickly during video calls. It feels incredibly fast and responsive. Photos are crisp and the colours look natural. It is overpriced and not worth the money.,2026-08-19 10:48:43.923807,2026-08-19 10:49:12.437526,1.0.0
200,4,DEMOGOOG04-R0019,1.0,2025-11-29 10:48:38.920807,True,0,en,False,,Impressive hardware,Impressive hardware. Far too expensive for what you actually get. The phone overheats during gaming and throttles hard.,2026-08-19 10:48:43.923807,2026-08-19 10:49:12.437526,1.0.0
201,4,DEMOGOOG04-R0020,4.0,2025-12-23 10:48:38.920807,True,33,en,False,,Exactly what I wanted,"Exactly what I wanted. The price sits in the usual flagship bracket. Fast charging is brilliant, it tops up in under an hour. Screen quality is excellent with deep blacks. Portrait mode produces gorgeous results.",2026-08-19 10:48:43.923807,2026-08-19 10:49:12.437526,1.0.0
202,4,DEMOGOOG04-R0021,5.0,2025-09-25 10:48:38.920807,True,17,en,False,,Would buy again,"Would buy again. Setup took about fifteen minutes. Video stabilisation is superb for handheld shots. Fast charging is brilliant, it tops up in under an hour.",2026-08-19 10:48:43.923807,2026-08-19 10:49:12.437526,1.0.0
203,4,DEMOGOOG04-R0022,3.0,2026-01-23 10:48:38.920807,True,2,en,False,,Impressive hardware,Impressive hardware. The camera captures stunning detail even in low light. Apps crash frequently which is frustrating. It has a large battery and charges over USB-C. The price sits in the usual flagship bracket.,2026-08-19 10:48:43.923807,2026-08-19 10:49:12.437526,1.0.0
204,4,DEMOGOOG04-R0023,4.0,2025-09-04 10:48:38.920807,False,5,en,False,,Great phone with caveats,Great phone with caveats. The panel is sharp and the touch response is instant. Charging is painfully slow compared to my old phone. The processor handles heavy games without heating up. I switched from an older model after three years. It has a triple camera setup on the back.,2026-08-19 10:48:43.923807,2026-08-19 10:49:12.437526,1.0.0
205,4,DEMOGOOG04-R0024,4.0,2025-12-20 10:48:38.920807,False,32,en,False,,Mixed feelings,Mixed feelings. Performance is sluggish and the UI stutters. Very reasonably priced compared to the competition. The battery easily lasts two full days on a single charge.,2026-08-19 10:48:43.923807,2026-08-19 10:49:12.437526,1.0.0
206,4,DEMOGOOG04-R0025,5.0,2026-03-11 10:48:38.920807,True,0,en,False,,Great phone with caveats,Great phone with caveats. Worth every penny considering the specifications. Delivery arrived a day early and the packaging was neat. Photos are crisp and the colours look natural. The panel is sharp and the touch response is instant.,2026-08-19 10:48:43.923807,2026-08-19 10:49:12.437526,1.0.0
207,4,DEMOGOOG04-R0026,4.0,2026-07-30 10:48:38.920807,True,23,en,False,,Solid upgrade,Solid upgrade. Portrait mode produces gorgeous results. The price sits in the usual flagship bracket. Battery backup is amazing even with heavy use. The panel is sharp and the touch response is instant.,2026-08-19 10:48:43.923807,2026-08-19 10:49:12.437526,1.0.0
208,4,DEMOGOOG04-R0027,5.0,2026-05-25 10:48:38.920807,True,2,en,False,,Would buy again,Would buy again. Setup took about fifteen minutes. Photos are crisp and the colours look natural. Very reasonably priced compared to the competition.,2026-08-19 10:48:43.923807,2026-08-19 10:49:12.437526,1.0.0
209,4,DEMOGOOG04-R0028,3.0,2026-05-02 10:48:38.920807,True,37,en,False,,Great phone with caveats,"Great phone with caveats. Battery life is poor, it dies by early evening. It feels incredibly fast and responsive. Photos are crisp and the colours look natural. Delivery arrived a day early and the packaging was neat.",2026-08-19 10:48:43.923807,2026-08-19 10:49:12.437526,1.0.0
210,4,DEMOGOOG04-R0029,4.0,2026-07-25 10:48:38.920807,True,26,en,False,,Solid upgrade,"Solid upgrade. The display is amazing, bright and vivid outdoors. Multitasking is seamless with plenty of RAM. The battery drains far too quickly during video calls. The camera captures stunning detail even in low light.",2026-08-19 10:48:43.923807,2026-08-19 10:49:12.437526,1.0.0
211,4,DEMOGOOG04-R0030,5.0,2026-01-16 10:48:38.920807,False,6,en,False,,Great phone with caveats,Great phone with caveats. Colours are punchy and the 120Hz refresh rate feels smooth. The camera captures stunning detail even in low light. The battery easily lasts two full days on a single charge.,2026-08-19 10:48:43.923807,2026-08-19 10:49:12.437526,1.0.0
212,4,DEMOGOOG04-R0031,4.0,2026-05-04 10:48:38.920807,True,30,en,False,,Not for everyone,Not for everyone. Colours are punchy and the 120Hz refresh rate feels smooth. Overall I am happy with this purchase so far. It ships with a flagship chipset and 12GB of RAM.,2026-08-19 10:48:43.923807,2026-08-19 10:49:12.437526,1.0.0
213,4,DEMOGOOG04-R0032,4.0,2025-09-23 10:48:38.920807,True,18,en,False,,Would buy again,"Would buy again. Performance is buttery smooth, no lag at all. The price is hard to justify against cheaper rivals. The battery easily lasts two full days on a single charge. The camera captures stunning detail even in low light.",2026-08-19 10:48:43.923807,2026-08-19 10:49:12.437526,1.0.0
214,4,DEMOGOOG04-R0033,4.0,2026-08-14 10:48:38.920807,False,10,en,False,,Solid upgrade,Solid upgrade. The camera app has the usual modes. Very reasonably priced compared to the competition.,2026-08-19 10:48:43.923807,2026-08-19 10:49:12.437526,1.0.0
215,4,DEMOGOOG04-R0034,5.0,2025-09-20 10:48:38.920807,False,10,en,False,,Impressive hardware,"Impressive hardware. Fast charging is brilliant, it tops up in under an hour. It feels incredibly fast and responsive. Portrait mode produces gorgeous results. An absolute bargain during the sale.",2026-08-19 10:48:43.923807,2026-08-19 10:49:12.437526,1.0.0
216,4,DEMOGOOG04-R0035,4.0,2025-12-14 10:48:38.920807,False,7,en,False,,Great phone with caveats,Great phone with caveats. It feels incredibly fast and responsive. Overall I am happy with this purchase so far. The price sits in the usual flagship bracket.,2026-08-19 10:48:43.923807,2026-08-19 10:49:12.437526,1.0.0
217,4,DEMOGOOG04-R0036,4.0,2026-01-09 10:48:38.920807,True,15,en,False,,Mixed feelings,Mixed feelings. The camera captures stunning detail even in low light. Colours are punchy and the 120Hz refresh rate feels smooth. Charging is painfully slow compared to my old phone.,2026-08-19 10:48:43.923807,2026-08-19 10:49:12.437526,1.0.0
218,4,DEMOGOOG04-R0037,3.0,2026-05-26 10:48:38.920807,True,31,en,False,,Not for everyone,Not for everyone. The battery drains far too quickly during video calls. Photos are crisp and the colours look natural.,2026-08-19 10:48:43.923807,2026-08-19 10:49:12.437526,1.0.0
219,4,DEMOGOOG04-R0038,5.0,2026-01-02 10:48:38.920807,True,31,en,False,,Not for everyone,Not for everyone. Battery backup is amazing even with heavy use. Setup took about fifteen minutes. Worth every penny considering the specifications.,2026-08-19 10:48:43.923807,2026-08-19 10:49:12.437526,1.0.0
220,4,DEMOGOOG04-R0039,4.0,2026-02-25 10:48:38.920807,True,3,en,False,,Not for everyone,"Not for everyone. Performance is buttery smooth, no lag at all. It uses an AMOLED panel with a centred punch hole.",2026-08-19 10:48:43.923807,2026-08-19 10:49:12.437526,1.0.0
221,4,DEMOGOOG04-R0040,3.0,2026-07-26 10:48:38.920807,False,31,en,False,,Mixed feelings,"Mixed feelings. Battery is okay, nothing special either way. Colours are punchy and the 120Hz refresh rate feels smooth. Very reasonably priced compared to the competition. Performance is sluggish and the UI stutters.",2026-08-19 10:48:43.923807,2026-08-19 10:49:12.437526,1.0.0
222,4,DEMOGOOG04-R0041,3.0,2025-07-19 10:48:38.920807,False,29,en,False,,Mixed feelings,"Mixed feelings. The display is amazing, bright and vivid outdoors. It is overpriced and not worth the money. Battery life is excellent, I end the day at 45 percent. It ships with a flagship chipset and 12GB of RAM.",2026-08-19 10:48:43.923807,2026-08-19 10:49:12.437526,1.0.0
223,4,DEMOGOOG04-R0042,3.0,2025-09-16 10:48:38.920807,True,20,en,False,,Impressive hardware,Impressive hardware. The panel is sharp and the touch response is instant. The battery barely lasts a working day. The phone overheats during gaming and throttles hard. Photos are crisp and the colours look natural.,2026-08-19 10:48:43.923807,2026-08-19 10:49:12.437526,1.0.0
224,4,DEMOGOOG04-R0043,4.0,2025-08-24 10:48:38.920807,True,20,en,False,,Would buy again,Would buy again. Screen quality is excellent with deep blacks. The battery barely lasts a working day. Photos are crisp and the colours look natural.,2026-08-19 10:48:43.923807,2026-08-19 10:49:12.437526,1.0.0
225,4,DEMOGOOG04-R0044,3.0,2025-10-24 10:48:38.920807,True,26,en,False,,Not for everyone,"Not for everyone. It ships with a flagship chipset and 12GB of RAM. The display is dim under sunlight and colours look dull. Battery life is poor, it dies by early evening. Video stabilisation is superb for handheld shots.",2026-08-19 10:48:43.923807,2026-08-19 10:49:12.437526,1.0.0
226,4,DEMOGOOG04-R0045,4.0,2026-02-16 10:48:38.920807,False,6,en,False,,Solid upgrade,Solid upgrade. Overall I am happy with this purchase so far. It feels incredibly fast and responsive. The battery easily lasts two full days on a single charge. Photos are crisp and the colours look natural. Touch response is unresponsive at the edges.,2026-08-19 10:48:43.923807,2026-08-19 10:49:12.437526,1.0.0
227,4,DEMOGOOG04-R0046,4.0,2025-11-09 10:48:38.920807,True,16,en,False,,Decent but flawed,"Decent but flawed. Fast charging is brilliant, it tops up in under an hour. It ships with a flagship chipset and 12GB of RAM.",2026-08-19 10:48:43.923807,2026-08-19 10:49:12.437526,1.0.0
228,4,DEMOGOOG04-R0047,3.0,2026-03-29 10:48:38.920807,True,8,en,False,,Impressive hardware,"Impressive hardware. Colours are punchy and the 120Hz refresh rate feels smooth. Delivery arrived a day early and the packaging was neat. The price sits in the usual flagship bracket. Battery life is excellent, I end the day at 45 percent. It lags badly when switching between apps.",2026-08-19 10:48:43.923807,2026-08-19 10:49:12.437526,1.0.0
229,4,DEMOGOOG04-R0048,4.0,2026-07-12 10:48:38.920807,True,20,en,False,,Decent but flawed,"Decent but flawed. It ships with a flagship chipset and 12GB of RAM. Very reasonably priced compared to the competition. Fast charging is brilliant, it tops up in under an hour.",2026-08-19 10:48:43.923807,2026-08-19 10:49:12.437526,1.0.0
230,4,DEMOGOOG04-R0049,4.0,2026-06-21 10:48:38.920807,True,28,en,False,,Solid upgrade,Solid upgrade. It feels incredibly fast and responsive. Colours are punchy and the 120Hz refresh rate feels smooth. Charging is painfully slow compared to my old phone. Video stabilisation is superb for handheld shots. Setup took about fifteen minutes.,2026-08-19 10:48:43.923807,2026-08-19 10:49:12.437526,1.0.0
231,4,DEMOGOOG04-R0050,4.0,2026-07-27 10:48:38.920807,True,12,en,False,,Not for everyone,"Not for everyone. The display is dim under sunlight and colours look dull. Multitasking is seamless with plenty of RAM. Fast charging is brilliant, it tops up in under an hour.",2026-08-19 10:48:43.923807,2026-08-19 10:49:12.437526,1.0.0
232,4,DEMOGOOG04-R0051,3.0,2025-09-21 10:48:38.920807,False,4,en,False,,Impressive hardware,"Impressive hardware. The camera captures stunning detail even in low light. Worth every penny considering the specifications. Apps crash frequently which is frustrating. Battery life is poor, it dies by early evening.",2026-08-19 10:48:43.923807,2026-08-19 10:49:12.437526,1.0.0
233,4,DEMOGOOG04-R0052,5.0,2026-04-08 10:48:38.920807,True,28,en,False,,Exactly what I wanted,"Exactly what I wanted. Performance is buttery smooth, no lag at all. Screen quality is excellent with deep blacks.",2026-08-19 10:48:43.923807,2026-08-19 10:49:12.437526,1.0.0
234,4,DEMOGOOG04-R0053,4.0,2026-03-23 10:48:38.920807,True,19,en,False,,Mixed feelings,"Mixed feelings. The display is amazing, bright and vivid outdoors. It has a large battery and charges over USB-C. The camera captures stunning detail even in low light.",2026-08-19 10:48:43.923807,2026-08-19 10:49:12.437526,1.0.0
235,4,DEMOGOOG04-R0054,5.0,2025-09-28 10:48:38.920807,True,23,en,False,,Would buy again,"Would buy again. Performance is buttery smooth, no lag at all. Colours are punchy and the 120Hz refresh rate feels smooth. Portrait mode produces gorgeous results.",2026-08-19 10:48:43.923807,2026-08-19 10:49:12.437526,1.0.0
236,4,DEMOGOOG04-R0055,5.0,2026-05-28 10:48:38.920807,True,39,en,False,,Great phone with caveats,"Great phone with caveats. It feels incredibly fast and responsive. The display is amazing, bright and vivid outdoors. Overall I am happy with this purchase so far.",2026-08-19 10:48:43.923807,2026-08-19 10:49:12.437526,1.0.0
237,4,DEMOGOOG04-R0056,3.0,2026-06-14 10:48:38.920807,True,15,en,False,,Decent but flawed,Decent but flawed. It lags badly when switching between apps. Setup took about fifteen minutes. The price is hard to justify against cheaper rivals. The battery easily lasts two full days on a single charge. The camera captures stunning detail even in low light.,2026-08-19 10:48:43.923807,2026-08-19 10:49:12.437526,1.0.0
238,4,DEMOGOOG04-R0057,5.0,2026-03-10 10:48:38.920807,False,10,en,False,,Decent but flawed,Decent but flawed. Portrait mode produces gorgeous results. Very reasonably priced compared to the competition.,2026-08-19 10:48:43.923807,2026-08-19 10:49:12.437526,1.0.0
239,4,DEMOGOOG04-R0058,4.0,2025-11-09 10:48:38.920807,True,38,en,False,,Not for everyone,Not for everyone. Portrait mode produces gorgeous results. Multitasking is seamless with plenty of RAM. Very reasonably priced compared to the competition. Screen has a noticeable green tint which is annoying.,2026-08-19 10:48:43.923807,2026-08-19 10:49:12.437526,1.0.0
240,4,DEMOGOOG04-R0059,3.0,2025-11-13 10:48:38.920807,False,34,en,False,,Would buy again,Would buy again. The camera captures stunning detail even in low light. It ships with a flagship chipset and 12GB of RAM. The price is hard to justify against cheaper rivals. I switched from an older model after three years.,2026-08-19 10:48:43.923807,2026-08-19 10:49:12.437526,1.0.0
