smartphone_id,asin,smartphone_name,brand,aspect,positive_count,neutral_count,negative_count,mention_count,raw_score,feature_score_shrunk,confidence
94,B0CRJRNTNS,Apple iPhone,Apple,battery,17,18,2,37,0.7027,0.6983,0.925
94,B0CRJRNTNS,Apple iPhone,Apple,camera,6,7,2,15,0.6333,0.647,0.8333
94,B0CRJRNTNS,Apple iPhone,Apple,design,6,1,1,8,0.8125,0.797,0.7273
94,B0CRJRNTNS,Apple iPhone,Apple,display,6,12,4,22,0.5455,0.5629,0.88
94,B0CRJRNTNS,Apple iPhone,Apple,performance,6,1,4,11,0.5909,0.6238,0.7857
94,B0CRJRNTNS,Apple iPhone,Apple,price,12,10,1,23,0.7391,0.7499,0.8846
1,B0GR1S2JM2,Apple iPhone 11,Apple,battery,1,5,2,8,0.4375,0.5252,0.7273
2,B07ZPHSHPG,Apple iPhone 11,Apple,battery,5,10,2,17,0.5882,0.6058,0.85
3,B07ZPKN6YR,Apple iPhone 11,Apple,battery,4,5,0,9,0.7222,0.702,0.75
4,B08GQ78WVZ,Apple iPhone 11,Apple,battery,8,17,5,30,0.55,0.5665,0.9091
5,B084GX5GR9,Apple iPhone 11,Apple,battery,8,17,5,30,0.55,0.5665,0.9091
6,B07ZPL6Y2D,Apple iPhone 11,Apple,battery,8,17,5,30,0.55,0.5665,0.9091
96,B082P6M3HC,Apple iPhone 11,Apple,battery,1,1,0,2,0.75,0.6897,0.4
167,B08126B44P,Apple iPhone 11,Apple,battery,4,4,3,11,0.5455,0.583,0.7857
168,B099RCQZ8Z,Apple iPhone 11,Apple,battery,6,8,4,18,0.5556,0.5795,0.8571
1,B0GR1S2JM2,Apple iPhone 11,Apple,camera,1,2,0,3,0.6667,0.68,0.5
2,B07ZPHSHPG,Apple iPhone 11,Apple,camera,2,3,0,5,0.7,0.694,0.625
3,B07ZPKN6YR,Apple iPhone 11,Apple,camera,1,1,0,2,0.75,0.7057,0.4
4,B08GQ78WVZ,Apple iPhone 11,Apple,camera,2,3,1,6,0.5833,0.6309,0.6667
5,B084GX5GR9,Apple iPhone 11,Apple,camera,2,3,1,6,0.5833,0.6309,0.6667
6,B07ZPL6Y2D,Apple iPhone 11,Apple,camera,2,3,1,6,0.5833,0.6309,0.6667
96,B082P6M3HC,Apple iPhone 11,Apple,camera,1,0,0,1,1.0,0.74,0.25
168,B099RCQZ8Z,Apple iPhone 11,Apple,camera,0,0,1,1,0.0,0.5733,0.25
1,B0GR1S2JM2,Apple iPhone 11,Apple,design,3,1,0,4,0.875,0.8178,0.5714
2,B07ZPHSHPG,Apple iPhone 11,Apple,design,7,2,1,10,0.8,0.7907,0.7692
3,B07ZPKN6YR,Apple iPhone 11,Apple,design,4,1,1,6,0.75,0.7601,0.6667
4,B08GQ78WVZ,Apple iPhone 11,Apple,design,7,2,1,10,0.8,0.7907,0.7692
5,B084GX5GR9,Apple iPhone 11,Apple,design,7,2,1,10,0.8,0.7907,0.7692
6,B07ZPL6Y2D,Apple iPhone 11,Apple,design,7,2,1,10,0.8,0.7907,0.7692
96,B082P6M3HC,Apple iPhone 11,Apple,design,1,0,0,1,1.0,0.8101,0.25
167,B08126B44P,Apple iPhone 11,Apple,design,2,1,0,3,0.8333,0.7951,0.5
168,B099RCQZ8Z,Apple iPhone 11,Apple,design,2,1,0,3,0.8333,0.7951,0.5
1,B0GR1S2JM2,Apple iPhone 11,Apple,display,1,5,0,6,0.5833,0.609,0.6667
2,B07ZPHSHPG,Apple iPhone 11,Apple,display,2,6,0,8,0.625,0.6307,0.7273
3,B07ZPKN6YR,Apple iPhone 11,Apple,display,1,1,0,2,0.75,0.6713,0.4
4,B08GQ78WVZ,Apple iPhone 11,Apple,display,5,8,1,14,0.6429,0.642,0.8235
5,B084GX5GR9,Apple iPhone 11,Apple,display,5,8,1,14,0.6429,0.642,0.8235
6,B07ZPL6Y2D,Apple iPhone 11,Apple,display,5,8,1,14,0.6429,0.642,0.8235
96,B082P6M3HC,Apple iPhone 11,Apple,display,0,1,0,1,0.5,0.6165,0.25
167,B08126B44P,Apple iPhone 11,Apple,display,2,1,2,5,0.5,0.5699,0.625
168,B099RCQZ8Z,Apple iPhone 11,Apple,display,2,1,2,5,0.5,0.5699,0.625
1,B0GR1S2JM2,Apple iPhone 11,Apple,performance,0,0,1,1,0.0,0.58,0.25
2,B07ZPHSHPG,Apple iPhone 11,Apple,performance,0,1,1,2,0.25,0.5686,0.4
3,B07ZPKN6YR,Apple iPhone 11,Apple,performance,0,1,0,1,0.5,0.6633,0.25
4,B08GQ78WVZ,Apple iPhone 11,Apple,performance,1,1,2,4,0.375,0.5533,0.5714
5,B084GX5GR9,Apple iPhone 11,Apple,performance,1,1,2,4,0.375,0.5533,0.5714
6,B07ZPL6Y2D,Apple iPhone 11,Apple,performance,1,1,2,4,0.375,0.5533,0.5714
96,B082P6M3HC,Apple iPhone 11,Apple,performance,2,0,0,2,1.0,0.7829,0.4
167,B08126B44P,Apple iPhone 11,Apple,performance,0,1,2,3,0.1667,0.4975,0.5
168,B099RCQZ8Z,Apple iPhone 11,Apple,performance,0,2,2,4,0.25,0.4978,0.5714
1,B0GR1S2JM2,Apple iPhone 11,Apple,price,2,2,0,4,0.75,0.7775,0.5714
2,B07ZPHSHPG,Apple iPhone 11,Apple,price,3,2,0,5,0.8,0.7998,0.625
3,B07ZPKN6YR,Apple iPhone 11,Apple,price,1,0,0,1,1.0,0.833,0.25
4,B08GQ78WVZ,Apple iPhone 11,Apple,price,7,3,0,10,0.85,0.8332,0.7692
5,B084GX5GR9,Apple iPhone 11,Apple,price,7,3,0,10,0.85,0.8332,0.7692
6,B07ZPL6Y2D,Apple iPhone 11,Apple,price,7,3,0,10,0.85,0.8332,0.7692
96,B082P6M3HC,Apple iPhone 11,Apple,price,1,2,0,3,0.6667,0.7497,0.5
167,B08126B44P,Apple iPhone 11,Apple,price,6,0,0,6,1.0,0.9089,0.6667
168,B099RCQZ8Z,Apple iPhone 11,Apple,price,8,0,1,9,0.8889,0.857,0.75
31,B081Y5VBQZ,Apple iPhone 11 Pro,Apple,battery,3,7,3,13,0.5,0.546,0.8125
32,B085QNDSHL,Apple iPhone 11 Pro,Apple,battery,12,14,3,29,0.6552,0.6567,0.9062
33,B081Y4DZ85,Apple iPhone 11 Pro,Apple,battery,12,14,3,29,0.6552,0.6567,0.9062
31,B081Y5VBQZ,Apple iPhone 11 Pro,Apple,camera,8,3,0,11,0.8636,0.8087,0.7857
32,B085QNDSHL,Apple iPhone 11 Pro,Apple,camera,16,4,0,20,0.9,0.8576,0.8696
33,B081Y4DZ85,Apple iPhone 11 Pro,Apple,camera,16,4,0,20,0.9,0.8576,0.8696
31,B081Y5VBQZ,Apple iPhone 11 Pro,Apple,design,5,2,0,7,0.8571,0.8217,0.7
32,B085QNDSHL,Apple iPhone 11 Pro,Apple,design,8,3,0,11,0.8636,0.835,0.7857
33,B081Y4DZ85,Apple iPhone 11 Pro,Apple,design,8,3,0,11,0.8636,0.835,0.7857
31,B081Y5VBQZ,Apple iPhone 11 Pro,Apple,display,6,4,0,10,0.8,0.7466,0.7692
32,B085QNDSHL,Apple iPhone 11 Pro,Apple,display,10,8,0,18,0.7778,0.7478,0.8571
33,B081Y4DZ85,Apple iPhone 11 Pro,Apple,display,10,8,0,18,0.7778,0.7478,0.8571
31,B081Y5VBQZ,Apple iPhone 11 Pro,Apple,performance,8,0,0,8,1.0,0.8831,0.7273
32,B085QNDSHL,Apple iPhone 11 Pro,Apple,performance,14,2,0,16,0.9375,0.88,0.8421
33,B081Y4DZ85,Apple iPhone 11 Pro,Apple,performance,14,2,0,16,0.9375,0.88,0.8421
31,B081Y5VBQZ,Apple iPhone 11 Pro,Apple,price,4,1,0,5,0.9,0.8498,0.625
32,B085QNDSHL,Apple iPhone 11 Pro,Apple,price,9,1,0,10,0.95,0.8999,0.7692
33,B081Y4DZ85,Apple iPhone 11 Pro,Apple,price,9,1,0,10,0.95,0.8999,0.7692
38,B07ZQS6LPZ,Apple iPhone 11 Pro Max,Apple,battery,13,20,5,38,0.6053,0.6123,0.9268
39,B0815QJHDD,Apple iPhone 11 Pro Max,Apple,battery,9,10,2,21,0.6667,0.6665,0.875
40,B07ZQS31HV,Apple iPhone 11 Pro Max,Apple,battery,13,20,5,38,0.6053,0.6123,0.9268
38,B07ZQS6LPZ,Apple iPhone 11 Pro Max,Apple,camera,11,15,1,27,0.6852,0.6856,0.9
39,B0815QJHDD,Apple iPhone 11 Pro Max,Apple,camera,5,3,0,8,0.8125,0.7646,0.7273
40,B07ZQS31HV,Apple iPhone 11 Pro Max,Apple,camera,11,15,1,27,0.6852,0.6856,0.9
38,B07ZQS6LPZ,Apple iPhone 11 Pro Max,Apple,design,4,6,0,10,0.7,0.724,0.7692
39,B0815QJHDD,Apple iPhone 11 Pro Max,Apple,design,2,4,0,6,0.6667,0.7146,0.6667
40,B07ZQS31HV,Apple iPhone 11 Pro Max,Apple,design,4,6,0,10,0.7,0.724,0.7692
38,B07ZQS6LPZ,Apple iPhone 11 Pro Max,Apple,display,8,15,1,24,0.6458,0.6448,0.8889
39,B0815QJHDD,Apple iPhone 11 Pro Max,Apple,display,3,1,0,4,0.875,0.7443,0.5714
40,B07ZQS31HV,Apple iPhone 11 Pro Max,Apple,display,8,15,1,24,0.6458,0.6448,0.8889
38,B07ZQS6LPZ,Apple iPhone 11 Pro Max,Apple,performance,9,3,1,13,0.8077,0.7767,0.8125
39,B0815QJHDD,Apple iPhone 11 Pro Max,Apple,performance,6,2,0,8,0.875,0.8062,0.7273
40,B07ZQS31HV,Apple iPhone 11 Pro Max,Apple,performance,9,3,1,13,0.8077,0.7767,0.8125
38,B07ZQS6LPZ,Apple iPhone 11 Pro Max,Apple,price,10,4,2,16,0.75,0.7618,0.8421
39,B0815QJHDD,Apple iPhone 11 Pro Max,Apple,price,9,4,1,14,0.7857,0.7894,0.8235
40,B07ZQS31HV,Apple iPhone 11 Pro Max,Apple,price,10,4,2,16,0.75,0.7618,0.8421
12,B0GT9367YZ,Apple iPhone 12,Apple,battery,13,8,3,24,0.7083,0.701,0.8889
13,B08PP2GVNZ,Apple iPhone 12,Apple,battery,13,8,3,24,0.7083,0.701,0.8889
14,B08PNCYYVZ,Apple iPhone 12,Apple,battery,18,14,3,35,0.7143,0.7082,0.9211
120,B0D6DGX1BT,Apple iPhone 12,Apple,battery,13,5,0,18,0.8611,0.8186,0.8571
121,B09JFD569T,Apple iPhone 12,Apple,battery,17,9,0,26,0.8269,0.8009,0.8966
12,B0GT9367YZ,Apple iPhone 12,Apple,camera,4,4,1,9,0.6667,0.6743,0.75
13,B08PP2GVNZ,Apple iPhone 12,Apple,camera,4,4,1,9,0.6667,0.6743,0.75
14,B08PNCYYVZ,Apple iPhone 12,Apple,camera,6,7,3,16,0.5938,0.6162,0.8421
120,B0D6DGX1BT,Apple iPhone 12,Apple,camera,4,2,0,6,0.8333,0.7673,0.6667
121,B09JFD569T,Apple iPhone 12,Apple,camera,4,3,0,7,0.7857,0.745,0.7
12,B0GT9367YZ,Apple iPhone 12,Apple,design,2,0,2,4,0.5,0.6512,0.5714
13,B08PP2GVNZ,Apple iPhone 12,Apple,design,2,0,2,4,0.5,0.6512,0.5714
14,B08PNCYYVZ,Apple iPhone 12,Apple,design,4,0,2,6,0.6667,0.7146,0.6667
120,B0D6DGX1BT,Apple iPhone 12,Apple,design,4,0,0,4,1.0,0.8734,0.5714
121,B09JFD569T,Apple iPhone 12,Apple,design,5,1,0,6,0.9167,0.851,0.6667
12,B0GT9367YZ,Apple iPhone 12,Apple,display,5,4,2,11,0.6364,0.6374,0.7857
13,B08PP2GVNZ,Apple iPhone 12,Apple,display,5,4,2,11,0.6364,0.6374,0.7857
14,B08PNCYYVZ,Apple iPhone 12,Apple,display,6,5,2,13,0.6538,0.6499,0.8125
120,B0D6DGX1BT,Apple iPhone 12,Apple,display,2,2,0,4,0.75,0.6888,0.5714
121,B09JFD569T,Apple iPhone 12,Apple,display,3,4,0,7,0.7143,0.6832,0.7
12,B0GT9367YZ,Apple iPhone 12,Apple,performance,8,1,0,9,0.9444,0.8557,0.75
13,B08PP2GVNZ,Apple iPhone 12,Apple,performance,8,1,0,9,0.9444,0.8557,0.75
14,B08PNCYYVZ,Apple iPhone 12,Apple,performance,10,1,0,11,0.9545,0.8738,0.7857
120,B0D6DGX1BT,Apple iPhone 12,Apple,performance,0,1,0,1,0.5,0.6633,0.25
121,B09JFD569T,Apple iPhone 12,Apple,performance,1,1,0,2,0.75,0.7114,0.4
12,B0GT9367YZ,Apple iPhone 12,Apple,price,10,4,0,14,0.8571,0.842,0.8235
13,B08PP2GVNZ,Apple iPhone 12,Apple,price,10,4,0,14,0.8571,0.842,0.8235
14,B08PNCYYVZ,Apple iPhone 12,Apple,price,12,5,0,17,0.8529,0.8408,0.85
120,B0D6DGX1BT,Apple iPhone 12,Apple,price,5,4,1,10,0.7,0.7332,0.7692
121,B09JFD569T,Apple iPhone 12,Apple,price,9,4,1,14,0.7857,0.7894,0.8235
34,B08PP8943S,Apple iPhone 12 Mini,Apple,battery,11,12,13,36,0.4722,0.4958,0.9231
35,B08PP9FM9N,Apple iPhone 12 Mini,Apple,battery,11,12,13,36,0.4722,0.4958,0.9231
36,B08PNMBYZ4,Apple iPhone 12 Mini,Apple,battery,11,12,13,36,0.4722,0.4958,0.9231
37,B08PNN2SKF,Apple iPhone 12 Mini,Apple,battery,7,6,9,22,0.4545,0.4936,0.88
154,B09JFTT832,Apple iPhone 12 Mini,Apple,battery,2,10,0,12,0.5833,0.6075,0.8
34,B08PP8943S,Apple iPhone 12 Mini,Apple,camera,7,13,3,23,0.587,0.605,0.8846
35,B08PP9FM9N,Apple iPhone 12 Mini,Apple,camera,7,13,3,23,0.587,0.605,0.8846
36,B08PNMBYZ4,Apple iPhone 12 Mini,Apple,camera,7,13,3,23,0.587,0.605,0.8846
37,B08PNN2SKF,Apple iPhone 12 Mini,Apple,camera,4,6,3,13,0.5385,0.58,0.8125
154,B09JFTT832,Apple iPhone 12 Mini,Apple,camera,1,1,0,2,0.75,0.7057,0.4
34,B08PP8943S,Apple iPhone 12 Mini,Apple,design,8,0,1,9,0.8889,0.8472,0.75
35,B08PP9FM9N,Apple iPhone 12 Mini,Apple,design,8,0,1,9,0.8889,0.8472,0.75
36,B08PNMBYZ4,Apple iPhone 12 Mini,Apple,design,8,0,1,9,0.8889,0.8472,0.75
37,B08PNN2SKF,Apple iPhone 12 Mini,Apple,design,4,0,0,4,1.0,0.8734,0.5714
154,B09JFTT832,Apple iPhone 12 Mini,Apple,design,2,0,0,2,1.0,0.8372,0.4
34,B08PP8943S,Apple iPhone 12 Mini,Apple,display,7,10,2,19,0.6316,0.6333,0.8636
35,B08PP9FM9N,Apple iPhone 12 Mini,Apple,display,7,10,2,19,0.6316,0.6333,0.8636
36,B08PNMBYZ4,Apple iPhone 12 Mini,Apple,display,7,10,2,19,0.6316,0.6333,0.8636
37,B08PNN2SKF,Apple iPhone 12 Mini,Apple,display,4,7,2,13,0.5769,0.5944,0.8125
154,B09JFTT832,Apple iPhone 12 Mini,Apple,display,0,6,1,7,0.4286,0.5166,0.7
215,B08TDTFD8B,Apple iPhone 12 Mini,Apple,display,0,1,0,1,0.5,0.6165,0.25
34,B08PP8943S,Apple iPhone 12 Mini,Apple,performance,5,1,3,9,0.6111,0.6414,0.75
35,B08PP9FM9N,Apple iPhone 12 Mini,Apple,performance,5,1,3,9,0.6111,0.6414,0.75
36,B08PNMBYZ4,Apple iPhone 12 Mini,Apple,performance,5,1,3,9,0.6111,0.6414,0.75
37,B08PNN2SKF,Apple iPhone 12 Mini,Apple,performance,2,1,2,5,0.5,0.598,0.625
154,B09JFTT832,Apple iPhone 12 Mini,Apple,performance,1,1,1,3,0.5,0.6225,0.5
34,B08PP8943S,Apple iPhone 12 Mini,Apple,price,8,2,3,13,0.6923,0.7221,0.8125
35,B08PP9FM9N,Apple iPhone 12 Mini,Apple,price,8,2,3,13,0.6923,0.7221,0.8125
36,B08PNMBYZ4,Apple iPhone 12 Mini,Apple,price,8,2,3,13,0.6923,0.7221,0.8125
37,B08PNN2SKF,Apple iPhone 12 Mini,Apple,price,4,1,2,7,0.6429,0.7082,0.7
154,B09JFTT832,Apple iPhone 12 Mini,Apple,price,1,0,0,1,1.0,0.833,0.25
215,B08TDTFD8B,Apple iPhone 12 Mini,Apple,price,1,0,0,1,1.0,0.833,0.25
42,B08PMYLKVF,Apple iPhone 12 Pro,Apple,battery,5,9,1,15,0.6333,0.6414,0.8333
43,B0GQZCJZC1,Apple iPhone 12 Pro,Apple,battery,10,19,1,30,0.65,0.6522,0.9091
44,B0DKVHTZY7,Apple iPhone 12 Pro,Apple,battery,10,19,1,30,0.65,0.6522,0.9091
45,B0DKTNWQMX,Apple iPhone 12 Pro,Apple,battery,10,19,1,30,0.65,0.6522,0.9091
153,B08PCD4VHZ,Apple iPhone 12 Pro,Apple,battery,1,1,1,3,0.5,0.6035,0.5
42,B08PMYLKVF,Apple iPhone 12 Pro,Apple,camera,1,3,1,5,0.5,0.594,0.625
43,B0GQZCJZC1,Apple iPhone 12 Pro,Apple,camera,4,4,1,9,0.6667,0.6743,0.75
44,B0DKVHTZY7,Apple iPhone 12 Pro,Apple,camera,4,4,1,9,0.6667,0.6743,0.75
45,B0DKTNWQMX,Apple iPhone 12 Pro,Apple,camera,4,4,1,9,0.6667,0.6743,0.75
153,B08PCD4VHZ,Apple iPhone 12 Pro,Apple,camera,0,1,0,1,0.5,0.6567,0.25
42,B08PMYLKVF,Apple iPhone 12 Pro,Apple,design,2,2,0,4,0.75,0.7623,0.5714
43,B0GQZCJZC1,Apple iPhone 12 Pro,Apple,design,6,3,1,10,0.75,0.7574,0.7692
44,B0DKVHTZY7,Apple iPhone 12 Pro,Apple,design,6,3,1,10,0.75,0.7574,0.7692
45,B0DKTNWQMX,Apple iPhone 12 Pro,Apple,design,6,3,1,10,0.75,0.7574,0.7692
153,B08PCD4VHZ,Apple iPhone 12 Pro,Apple,design,1,0,0,1,1.0,0.8101,0.25
42,B08PMYLKVF,Apple iPhone 12 Pro,Apple,display,1,8,1,10,0.5,0.5466,0.7692
43,B0GQZCJZC1,Apple iPhone 12 Pro,Apple,display,3,9,3,15,0.5,0.5349,0.8333
44,B0DKVHTZY7,Apple iPhone 12 Pro,Apple,display,3,9,3,15,0.5,0.5349,0.8333
45,B0DKTNWQMX,Apple iPhone 12 Pro,Apple,display,3,9,3,15,0.5,0.5349,0.8333
153,B08PCD4VHZ,Apple iPhone 12 Pro,Apple,display,2,0,0,2,1.0,0.7427,0.4
42,B08PMYLKVF,Apple iPhone 12 Pro,Apple,performance,0,0,1,1,0.0,0.58,0.25
43,B0GQZCJZC1,Apple iPhone 12 Pro,Apple,performance,1,1,3,5,0.3,0.498,0.625
44,B0DKVHTZY7,Apple iPhone 12 Pro,Apple,performance,1,1,3,5,0.3,0.498,0.625
45,B0DKTNWQMX,Apple iPhone 12 Pro,Apple,performance,1,1,3,5,0.3,0.498,0.625
42,B08PMYLKVF,Apple iPhone 12 Pro,Apple,price,4,4,3,11,0.5455,0.6249,0.7857
43,B0GQZCJZC1,Apple iPhone 12 Pro,Apple,price,5,5,3,13,0.5769,0.6388,0.8125
44,B0DKVHTZY7,Apple iPhone 12 Pro,Apple,price,5,5,3,13,0.5769,0.6388,0.8125
45,B0DKTNWQMX,Apple iPhone 12 Pro,Apple,price,5,5,3,13,0.5769,0.6388,0.8125
153,B08PCD4VHZ,Apple iPhone 12 Pro,Apple,price,2,1,0,3,0.8333,0.8122,0.5
58,B08PMP778K,Apple iPhone 12 Pro Max,Apple,battery,12,19,2,33,0.6515,0.6534,0.9167
58,B08PMP778K,Apple iPhone 12 Pro Max,Apple,camera,9,4,0,13,0.8462,0.8022,0.8125
58,B08PMP778K,Apple iPhone 12 Pro Max,Apple,design,5,1,0,6,0.9167,0.851,0.6667
58,B08PMP778K,Apple iPhone 12 Pro Max,Apple,display,10,12,2,24,0.6667,0.662,0.8889
58,B08PMP778K,Apple iPhone 12 Pro Max,Apple,performance,12,2,0,14,0.9286,0.8674,0.8235
58,B08PMP778K,Apple iPhone 12 Pro Max,Apple,price,14,7,1,22,0.7955,0.7962,0.88
15,B09LNVCRS6,Apple iPhone 13,Apple,battery,3,14,1,18,0.5556,0.5795,0.8571
16,B0BGQMSXYC,Apple iPhone 13,Apple,battery,10,22,1,33,0.6364,0.6402,0.9167
17,B09LNX6KQS,Apple iPhone 13,Apple,battery,10,22,1,33,0.6364,0.6402,0.9167
18,B0B5FDB92L,Apple iPhone 13,Apple,battery,10,22,1,33,0.6364,0.6402,0.9167
19,B0DK83459T,Apple iPhone 13,Apple,battery,10,22,1,33,0.6364,0.6402,0.9167
20,B09LNW3CY2,Apple iPhone 13,Apple,battery,10,22,1,33,0.6364,0.6402,0.9167
21,B09LNQ531G,Apple iPhone 13,Apple,battery,10,22,1,33,0.6364,0.6402,0.9167
22,B0B5FG5WDF,Apple iPhone 13,Apple,battery,10,22,1,33,0.6364,0.6402,0.9167
23,B09LNWB9LL,Apple iPhone 13,Apple,battery,10,22,1,33,0.6364,0.6402,0.9167
24,B09LNT1F3H,Apple iPhone 13,Apple,battery,10,22,1,33,0.6364,0.6402,0.9167
25,B0BGQKY8S9,Apple iPhone 13,Apple,battery,10,22,1,33,0.6364,0.6402,0.9167
26,B0BGQS8YV4,Apple iPhone 13,Apple,battery,10,22,1,33,0.6364,0.6402,0.9167
15,B09LNVCRS6,Apple iPhone 13,Apple,camera,3,6,1,10,0.6,0.6293,0.7692
16,B0BGQMSXYC,Apple iPhone 13,Apple,camera,3,8,1,12,0.5833,0.6141,0.8
17,B09LNX6KQS,Apple iPhone 13,Apple,camera,3,8,1,12,0.5833,0.6141,0.8
18,B0B5FDB92L,Apple iPhone 13,Apple,camera,3,8,1,12,0.5833,0.6141,0.8
19,B0DK83459T,Apple iPhone 13,Apple,camera,3,8,1,12,0.5833,0.6141,0.8
20,B09LNW3CY2,Apple iPhone 13,Apple,camera,3,8,1,12,0.5833,0.6141,0.8
21,B09LNQ531G,Apple iPhone 13,Apple,camera,3,8,1,12,0.5833,0.6141,0.8
22,B0B5FG5WDF,Apple iPhone 13,Apple,camera,3,8,1,12,0.5833,0.6141,0.8
23,B09LNWB9LL,Apple iPhone 13,Apple,camera,3,8,1,12,0.5833,0.6141,0.8
24,B09LNT1F3H,Apple iPhone 13,Apple,camera,3,8,1,12,0.5833,0.6141,0.8
25,B0BGQKY8S9,Apple iPhone 13,Apple,camera,3,8,1,12,0.5833,0.6141,0.8
26,B0BGQS8YV4,Apple iPhone 13,Apple,camera,3,8,1,12,0.5833,0.6141,0.8
15,B09LNVCRS6,Apple iPhone 13,Apple,design,1,2,0,3,0.6667,0.7326,0.5
16,B0BGQMSXYC,Apple iPhone 13,Apple,design,2,3,0,5,0.7,0.7361,0.625
17,B09LNX6KQS,Apple iPhone 13,Apple,design,2,3,0,5,0.7,0.7361,0.625
18,B0B5FDB92L,Apple iPhone 13,Apple,design,2,3,0,5,0.7,0.7361,0.625
19,B0DK83459T,Apple iPhone 13,Apple,design,2,3,0,5,0.7,0.7361,0.625
20,B09LNW3CY2,Apple iPhone 13,Apple,design,2,3,0,5,0.7,0.7361,0.625
21,B09LNQ531G,Apple iPhone 13,Apple,design,2,3,0,5,0.7,0.7361,0.625
22,B0B5FG5WDF,Apple iPhone 13,Apple,design,2,3,0,5,0.7,0.7361,0.625
23,B09LNWB9LL,Apple iPhone 13,Apple,design,2,3,0,5,0.7,0.7361,0.625
24,B09LNT1F3H,Apple iPhone 13,Apple,design,2,3,0,5,0.7,0.7361,0.625
25,B0BGQKY8S9,Apple iPhone 13,Apple,design,2,3,0,5,0.7,0.7361,0.625
26,B0BGQS8YV4,Apple iPhone 13,Apple,design,2,3,0,5,0.7,0.7361,0.625
15,B09LNVCRS6,Apple iPhone 13,Apple,display,4,8,1,13,0.6154,0.6222,0.8125
16,B0BGQMSXYC,Apple iPhone 13,Apple,display,7,9,1,17,0.6765,0.6681,0.85
17,B09LNX6KQS,Apple iPhone 13,Apple,display,7,9,1,17,0.6765,0.6681,0.85
18,B0B5FDB92L,Apple iPhone 13,Apple,display,7,9,1,17,0.6765,0.6681,0.85
19,B0DK83459T,Apple iPhone 13,Apple,display,7,9,1,17,0.6765,0.6681,0.85
20,B09LNW3CY2,Apple iPhone 13,Apple,display,7,9,1,17,0.6765,0.6681,0.85
21,B09LNQ531G,Apple iPhone 13,Apple,display,7,9,1,17,0.6765,0.6681,0.85
22,B0B5FG5WDF,Apple iPhone 13,Apple,display,7,9,1,17,0.6765,0.6681,0.85
23,B09LNWB9LL,Apple iPhone 13,Apple,display,7,9,1,17,0.6765,0.6681,0.85
24,B09LNT1F3H,Apple iPhone 13,Apple,display,7,9,1,17,0.6765,0.6681,0.85
25,B0BGQKY8S9,Apple iPhone 13,Apple,display,7,9,1,17,0.6765,0.6681,0.85
26,B0BGQS8YV4,Apple iPhone 13,Apple,display,7,9,1,17,0.6765,0.6681,0.85
15,B09LNVCRS6,Apple iPhone 13,Apple,performance,2,2,2,6,0.5,0.5891,0.6667
16,B0BGQMSXYC,Apple iPhone 13,Apple,performance,2,2,2,6,0.5,0.5891,0.6667
17,B09LNX6KQS,Apple iPhone 13,Apple,performance,2,2,2,6,0.5,0.5891,0.6667
18,B0B5FDB92L,Apple iPhone 13,Apple,performance,2,2,2,6,0.5,0.5891,0.6667
19,B0DK83459T,Apple iPhone 13,Apple,performance,2,2,2,6,0.5,0.5891,0.6667
20,B09LNW3CY2,Apple iPhone 13,Apple,performance,2,2,2,6,0.5,0.5891,0.6667
21,B09LNQ531G,Apple iPhone 13,Apple,performance,2,2,2,6,0.5,0.5891,0.6667
22,B0B5FG5WDF,Apple iPhone 13,Apple,performance,2,2,2,6,0.5,0.5891,0.6667
23,B09LNWB9LL,Apple iPhone 13,Apple,performance,2,2,2,6,0.5,0.5891,0.6667
24,B09LNT1F3H,Apple iPhone 13,Apple,performance,2,2,2,6,0.5,0.5891,0.6667
25,B0BGQKY8S9,Apple iPhone 13,Apple,performance,2,2,2,6,0.5,0.5891,0.6667
26,B0BGQS8YV4,Apple iPhone 13,Apple,performance,2,2,2,6,0.5,0.5891,0.6667
15,B09LNVCRS6,Apple iPhone 13,Apple,price,8,4,0,12,0.8333,0.8234,0.8
16,B0BGQMSXYC,Apple iPhone 13,Apple,price,13,4,0,17,0.8824,0.8635,0.85
17,B09LNX6KQS,Apple iPhone 13,Apple,price,13,4,0,17,0.8824,0.8635,0.85
18,B0B5FDB92L,Apple iPhone 13,Apple,price,13,4,0,17,0.8824,0.8635,0.85
19,B0DK83459T,Apple iPhone 13,Apple,price,13,4,0,17,0.8824,0.8635,0.85
20,B09LNW3CY2,Apple iPhone 13,Apple,price,13,4,0,17,0.8824,0.8635,0.85
21,B09LNQ531G,Apple iPhone 13,Apple,price,13,4,0,17,0.8824,0.8635,0.85
22,B0B5FG5WDF,Apple iPhone 13,Apple,price,13,4,0,17,0.8824,0.8635,0.85
23,B09LNWB9LL,Apple iPhone 13,Apple,price,13,4,0,17,0.8824,0.8635,0.85
24,B09LNT1F3H,Apple iPhone 13,Apple,price,13,4,0,17,0.8824,0.8635,0.85
25,B0BGQKY8S9,Apple iPhone 13,Apple,price,13,4,0,17,0.8824,0.8635,0.85
26,B0BGQS8YV4,Apple iPhone 13,Apple,price,13,4,0,17,0.8824,0.8635,0.85
69,B09LKTXKXQ,Apple iPhone 13 Mini,Apple,battery,18,40,1,59,0.6441,0.6458,0.9516
70,B09LKWDMW8,Apple iPhone 13 Mini,Apple,battery,23,46,2,71,0.6479,0.6491,0.9595
71,B09LKXHWCF,Apple iPhone 13 Mini,Apple,battery,23,46,2,71,0.6479,0.6491,0.9595
159,B0BGQW4GC6,Apple iPhone 13 Mini,Apple,battery,6,18,1,25,0.6,0.6109,0.8929
160,B0BGQX3Q12,Apple iPhone 13 Mini,Apple,battery,10,26,1,37,0.6216,0.6269,0.925
69,B09LKTXKXQ,Apple iPhone 13 Mini,Apple,camera,4,6,0,10,0.7,0.696,0.7692
70,B09LKWDMW8,Apple iPhone 13 Mini,Apple,camera,6,6,0,12,0.75,0.7318,0.8
71,B09LKXHWCF,Apple iPhone 13 Mini,Apple,camera,6,6,0,12,0.75,0.7318,0.8
159,B0BGQW4GC6,Apple iPhone 13 Mini,Apple,camera,3,2,1,6,0.6667,0.6764,0.6667
160,B0BGQX3Q12,Apple iPhone 13 Mini,Apple,camera,6,2,1,9,0.7778,0.7457,0.75
69,B09LKTXKXQ,Apple iPhone 13 Mini,Apple,design,5,7,5,17,0.5,0.5618,0.85
70,B09LKWDMW8,Apple iPhone 13 Mini,Apple,design,7,9,5,21,0.5476,0.5908,0.875
71,B09LKXHWCF,Apple iPhone 13 Mini,Apple,design,7,9,5,21,0.5476,0.5908,0.875
159,B0BGQW4GC6,Apple iPhone 13 Mini,Apple,design,6,3,0,9,0.8333,0.8115,0.75
160,B0BGQX3Q12,Apple iPhone 13 Mini,Apple,design,8,3,2,13,0.7308,0.7423,0.8125
69,B09LKTXKXQ,Apple iPhone 13 Mini,Apple,display,7,11,0,18,0.6944,0.6826,0.8571
70,B09LKWDMW8,Apple iPhone 13 Mini,Apple,display,8,18,1,27,0.6296,0.6312,0.9
71,B09LKXHWCF,Apple iPhone 13 Mini,Apple,display,8,18,1,27,0.6296,0.6312,0.9
159,B0BGQW4GC6,Apple iPhone 13 Mini,Apple,display,4,8,0,12,0.6667,0.6588,0.8
160,B0BGQX3Q12,Apple iPhone 13 Mini,Apple,display,6,16,0,22,0.6364,0.637,0.88
69,B09LKTXKXQ,Apple iPhone 13 Mini,Apple,performance,6,3,1,10,0.75,0.732,0.7692
70,B09LKWDMW8,Apple iPhone 13 Mini,Apple,performance,8,3,2,13,0.7308,0.7211,0.8125
71,B09LKXHWCF,Apple iPhone 13 Mini,Apple,performance,8,3,2,13,0.7308,0.7211,0.8125
159,B0BGQW4GC6,Apple iPhone 13 Mini,Apple,performance,3,1,3,7,0.5,0.5817,0.7
160,B0BGQX3Q12,Apple iPhone 13 Mini,Apple,performance,3,1,3,7,0.5,0.5817,0.7
69,B09LKTXKXQ,Apple iPhone 13 Mini,Apple,price,5,3,3,11,0.5909,0.6561,0.7857
70,B09LKWDMW8,Apple iPhone 13 Mini,Apple,price,7,5,4,16,0.5938,0.6428,0.8421
71,B09LKXHWCF,Apple iPhone 13 Mini,Apple,price,7,5,4,16,0.5938,0.6428,0.8421
159,B0BGQW4GC6,Apple iPhone 13 Mini,Apple,price,4,1,2,7,0.6429,0.7082,0.7
160,B0BGQX3Q12,Apple iPhone 13 Mini,Apple,price,4,2,2,8,0.625,0.6921,0.7273
59,B09LP77GDL,Apple iPhone 13 Pro,Apple,battery,8,11,4,23,0.587,0.601,0.8846
60,B0DKJWP67S,Apple iPhone 13 Pro,Apple,battery,15,20,8,43,0.5814,0.5902,0.9348
217,B09LPBQBPT,Apple iPhone 13 Pro,Apple,battery,1,1,0,2,0.75,0.6897,0.4
59,B09LP77GDL,Apple iPhone 13 Pro,Apple,camera,8,5,1,14,0.75,0.7337,0.8235
60,B0DKJWP67S,Apple iPhone 13 Pro,Apple,camera,9,9,2,20,0.675,0.6776,0.8696
217,B09LPBQBPT,Apple iPhone 13 Pro,Apple,camera,1,2,0,3,0.6667,0.68,0.5
59,B09LP77GDL,Apple iPhone 13 Pro,Apple,design,4,2,2,8,0.625,0.6816,0.7273
60,B0DKJWP67S,Apple iPhone 13 Pro,Apple,design,6,2,4,12,0.5833,0.6389,0.8
59,B09LP77GDL,Apple iPhone 13 Pro,Apple,display,5,7,0,12,0.7083,0.6882,0.8
60,B0DKJWP67S,Apple iPhone 13 Pro,Apple,display,7,11,0,18,0.6944,0.6826,0.8571
217,B09LPBQBPT,Apple iPhone 13 Pro,Apple,display,1,2,0,3,0.6667,0.6499,0.5
59,B09LP77GDL,Apple iPhone 13 Pro,Apple,performance,3,2,2,7,0.5714,0.6233,0.7
60,B0DKJWP67S,Apple iPhone 13 Pro,Apple,performance,3,3,2,8,0.5625,0.6138,0.7273
59,B09LP77GDL,Apple iPhone 13 Pro,Apple,price,6,9,2,17,0.6176,0.659,0.85
60,B0DKJWP67S,Apple iPhone 13 Pro,Apple,price,11,11,4,26,0.6346,0.6612,0.8966
61,B0DKRFJ2JM,Apple iPhone 13 Pro Max,Apple,battery,16,14,7,37,0.6216,0.6269,0.925
62,B09LPH17B1,Apple iPhone 13 Pro Max,Apple,battery,3,6,4,13,0.4615,0.5182,0.8125
63,B0BGYBY59B,Apple iPhone 13 Pro Max,Apple,battery,6,7,1,14,0.6786,0.6752,0.8235
132,B0BGYFDQJX,Apple iPhone 13 Pro Max,Apple,battery,1,6,1,8,0.5,0.5637,0.7273
133,B0CPN22VT7,Apple iPhone 13 Pro Max,Apple,battery,9,11,1,21,0.6905,0.6857,0.875
61,B0DKRFJ2JM,Apple iPhone 13 Pro Max,Apple,camera,10,8,1,19,0.7368,0.7267,0.8636
62,B09LPH17B1,Apple iPhone 13 Pro Max,Apple,camera,2,2,0,4,0.75,0.7156,0.5714
63,B0BGYBY59B,Apple iPhone 13 Pro Max,Apple,camera,4,3,0,7,0.7857,0.745,0.7
132,B0BGYFDQJX,Apple iPhone 13 Pro Max,Apple,camera,1,5,0,6,0.5833,0.6309,0.6667
133,B0CPN22VT7,Apple iPhone 13 Pro Max,Apple,camera,2,6,0,8,0.625,0.6492,0.7273
61,B0DKRFJ2JM,Apple iPhone 13 Pro Max,Apple,design,7,3,2,12,0.7083,0.7271,0.8
62,B09LPH17B1,Apple iPhone 13 Pro Max,Apple,design,1,2,0,3,0.6667,0.7326,0.5
63,B0BGYBY59B,Apple iPhone 13 Pro Max,Apple,design,2,1,2,5,0.5,0.6361,0.625
132,B0BGYFDQJX,Apple iPhone 13 Pro Max,Apple,design,2,0,0,2,1.0,0.8372,0.4
133,B0CPN22VT7,Apple iPhone 13 Pro Max,Apple,design,5,1,0,6,0.9167,0.851,0.6667
61,B0DKRFJ2JM,Apple iPhone 13 Pro Max,Apple,display,10,10,0,20,0.75,0.728,0.8696
62,B09LPH17B1,Apple iPhone 13 Pro Max,Apple,display,2,2,0,4,0.75,0.6888,0.5714
63,B0BGYBY59B,Apple iPhone 13 Pro Max,Apple,display,3,9,1,13,0.5769,0.5944,0.8125
132,B0BGYFDQJX,Apple iPhone 13 Pro Max,Apple,display,1,0,0,1,1.0,0.6998,0.25
133,B0CPN22VT7,Apple iPhone 13 Pro Max,Apple,display,3,3,0,6,0.75,0.6999,0.6667
61,B0DKRFJ2JM,Apple iPhone 13 Pro Max,Apple,performance,7,1,2,10,0.75,0.732,0.7692
62,B09LPH17B1,Apple iPhone 13 Pro Max,Apple,performance,1,0,1,2,0.5,0.64,0.4
63,B0BGYBY59B,Apple iPhone 13 Pro Max,Apple,performance,1,0,1,2,0.5,0.64,0.4
132,B0BGYFDQJX,Apple iPhone 13 Pro Max,Apple,performance,1,1,0,2,0.75,0.7114,0.4
133,B0CPN22VT7,Apple iPhone 13 Pro Max,Apple,performance,1,1,0,2,0.75,0.7114,0.4
61,B0DKRFJ2JM,Apple iPhone 13 Pro Max,Apple,price,5,2,2,9,0.6667,0.7141,0.75
62,B09LPH17B1,Apple iPhone 13 Pro Max,Apple,price,0,0,1,1,0.0,0.6663,0.25
63,B0BGYBY59B,Apple iPhone 13 Pro Max,Apple,price,2,1,0,3,0.8333,0.8122,0.5
132,B0BGYFDQJX,Apple iPhone 13 Pro Max,Apple,price,1,1,0,2,0.75,0.7854,0.4
133,B0CPN22VT7,Apple iPhone 13 Pro Max,Apple,price,3,2,1,6,0.6667,0.7271,0.6667
46,B0BY5V81ST,Apple iPhone 14,Apple,battery,6,6,8,20,0.45,0.4931,0.8696
47,B0BN733951,Apple iPhone 14,Apple,battery,3,3,2,8,0.5625,0.6022,0.7273
48,B0BN72FYFG,Apple iPhone 14,Apple,battery,16,11,10,37,0.5811,0.5911,0.925
49,B0BN71VW28,Apple iPhone 14,Apple,battery,16,11,10,37,0.5811,0.5911,0.925
50,B0BN71T1J7,Apple iPhone 14,Apple,battery,16,11,10,37,0.5811,0.5911,0.925
51,B0BN73VMBR,Apple iPhone 14,Apple,battery,16,11,10,37,0.5811,0.5911,0.925
52,B0BN71LWF2,Apple iPhone 14,Apple,battery,16,11,10,37,0.5811,0.5911,0.925
53,B0BN71X6MF,Apple iPhone 14,Apple,battery,16,11,10,37,0.5811,0.5911,0.925
54,B0BN7D8XBT,Apple iPhone 14,Apple,battery,16,11,10,37,0.5811,0.5911,0.925
55,B0BN72NSBB,Apple iPhone 14,Apple,battery,16,11,10,37,0.5811,0.5911,0.925
127,B0BYL93774,Apple iPhone 14,Apple,battery,13,8,0,21,0.8095,0.7819,0.875
46,B0BY5V81ST,Apple iPhone 14,Apple,camera,1,1,0,2,0.75,0.7057,0.4
47,B0BN733951,Apple iPhone 14,Apple,camera,0,2,0,2,0.5,0.6343,0.4
48,B0BN72FYFG,Apple iPhone 14,Apple,camera,3,4,0,7,0.7143,0.7033,0.7
49,B0BN71VW28,Apple iPhone 14,Apple,camera,3,4,0,7,0.7143,0.7033,0.7
50,B0BN71T1J7,Apple iPhone 14,Apple,camera,3,4,0,7,0.7143,0.7033,0.7
51,B0BN73VMBR,Apple iPhone 14,Apple,camera,3,4,0,7,0.7143,0.7033,0.7
52,B0BN71LWF2,Apple iPhone 14,Apple,camera,3,4,0,7,0.7143,0.7033,0.7
53,B0BN71X6MF,Apple iPhone 14,Apple,camera,3,4,0,7,0.7143,0.7033,0.7
54,B0BN7D8XBT,Apple iPhone 14,Apple,camera,3,4,0,7,0.7143,0.7033,0.7
55,B0BN72NSBB,Apple iPhone 14,Apple,camera,3,4,0,7,0.7143,0.7033,0.7
127,B0BYL93774,Apple iPhone 14,Apple,camera,0,1,1,2,0.25,0.5629,0.4
46,B0BY5V81ST,Apple iPhone 14,Apple,design,1,1,0,2,0.75,0.7658,0.4
48,B0BN72FYFG,Apple iPhone 14,Apple,design,4,4,1,9,0.6667,0.7043,0.75
49,B0BN71VW28,Apple iPhone 14,Apple,design,4,4,1,9,0.6667,0.7043,0.75
50,B0BN71T1J7,Apple iPhone 14,Apple,design,4,4,1,9,0.6667,0.7043,0.75
51,B0BN73VMBR,Apple iPhone 14,Apple,design,4,4,1,9,0.6667,0.7043,0.75
52,B0BN71LWF2,Apple iPhone 14,Apple,design,4,4,1,9,0.6667,0.7043,0.75
53,B0BN71X6MF,Apple iPhone 14,Apple,design,4,4,1,9,0.6667,0.7043,0.75
54,B0BN7D8XBT,Apple iPhone 14,Apple,design,4,4,1,9,0.6667,0.7043,0.75
55,B0BN72NSBB,Apple iPhone 14,Apple,design,4,4,1,9,0.6667,0.7043,0.75
127,B0BYL93774,Apple iPhone 14,Apple,design,2,2,0,4,0.75,0.7623,0.5714
46,B0BY5V81ST,Apple iPhone 14,Apple,display,1,0,1,2,0.5,0.5998,0.4
47,B0BN733951,Apple iPhone 14,Apple,display,0,4,0,4,0.5,0.5777,0.5714
48,B0BN72FYFG,Apple iPhone 14,Apple,display,2,4,1,7,0.5714,0.5999,0.7
49,B0BN71VW28,Apple iPhone 14,Apple,display,2,4,1,7,0.5714,0.5999,0.7
50,B0BN71T1J7,Apple iPhone 14,Apple,display,2,4,1,7,0.5714,0.5999,0.7
51,B0BN73VMBR,Apple iPhone 14,Apple,display,2,4,1,7,0.5714,0.5999,0.7
52,B0BN71LWF2,Apple iPhone 14,Apple,display,2,4,1,7,0.5714,0.5999,0.7
53,B0BN71X6MF,Apple iPhone 14,Apple,display,2,4,1,7,0.5714,0.5999,0.7
54,B0BN7D8XBT,Apple iPhone 14,Apple,display,2,4,1,7,0.5714,0.5999,0.7
55,B0BN72NSBB,Apple iPhone 14,Apple,display,2,4,1,7,0.5714,0.5999,0.7
127,B0BYL93774,Apple iPhone 14,Apple,display,2,0,0,2,1.0,0.7427,0.4
46,B0BY5V81ST,Apple iPhone 14,Apple,performance,0,0,1,1,0.0,0.58,0.25
47,B0BN733951,Apple iPhone 14,Apple,performance,0,1,0,1,0.5,0.6633,0.25
48,B0BN72FYFG,Apple iPhone 14,Apple,performance,1,2,1,4,0.5,0.6089,0.5714
49,B0BN71VW28,Apple iPhone 14,Apple,performance,1,2,1,4,0.5,0.6089,0.5714
50,B0BN71T1J7,Apple iPhone 14,Apple,performance,1,2,1,4,0.5,0.6089,0.5714
51,B0BN73VMBR,Apple iPhone 14,Apple,performance,1,2,1,4,0.5,0.6089,0.5714
52,B0BN71LWF2,Apple iPhone 14,Apple,performance,1,2,1,4,0.5,0.6089,0.5714
53,B0BN71X6MF,Apple iPhone 14,Apple,performance,1,2,1,4,0.5,0.6089,0.5714
54,B0BN7D8XBT,Apple iPhone 14,Apple,performance,1,2,1,4,0.5,0.6089,0.5714
55,B0BN72NSBB,Apple iPhone 14,Apple,performance,1,2,1,4,0.5,0.6089,0.5714
127,B0BYL93774,Apple iPhone 14,Apple,performance,1,0,0,1,1.0,0.7467,0.25
46,B0BY5V81ST,Apple iPhone 14,Apple,price,2,0,0,2,1.0,0.8568,0.4
47,B0BN733951,Apple iPhone 14,Apple,price,6,1,2,9,0.7222,0.7498,0.75
48,B0BN72FYFG,Apple iPhone 14,Apple,price,8,1,2,11,0.7727,0.7811,0.7857
49,B0BN71VW28,Apple iPhone 14,Apple,price,8,1,2,11,0.7727,0.7811,0.7857
50,B0BN71T1J7,Apple iPhone 14,Apple,price,8,1,2,11,0.7727,0.7811,0.7857
51,B0BN73VMBR,Apple iPhone 14,Apple,price,8,1,2,11,0.7727,0.7811,0.7857
52,B0BN71LWF2,Apple iPhone 14,Apple,price,8,1,2,11,0.7727,0.7811,0.7857
53,B0BN71X6MF,Apple iPhone 14,Apple,price,8,1,2,11,0.7727,0.7811,0.7857
54,B0BN7D8XBT,Apple iPhone 14,Apple,price,8,1,2,11,0.7727,0.7811,0.7857
55,B0BN72NSBB,Apple iPhone 14,Apple,price,8,1,2,11,0.7727,0.7811,0.7857
127,B0BYL93774,Apple iPhone 14,Apple,price,5,6,1,12,0.6667,0.7058,0.8
64,B0BN9426PP,Apple iPhone 14 Plus,Apple,battery,18,11,2,31,0.7581,0.7452,0.9118
65,B0GQZPX5DT,Apple iPhone 14 Plus,Apple,battery,18,11,2,31,0.7581,0.7452,0.9118
66,B0DK2KTXJT,Apple iPhone 14 Plus,Apple,battery,18,11,2,31,0.7581,0.7452,0.9118
67,B0BN97DG4N,Apple iPhone 14 Plus,Apple,battery,12,7,1,20,0.775,0.7531,0.8696
68,B0BN9RKQL7,Apple iPhone 14 Plus,Apple,battery,18,11,2,31,0.7581,0.7452,0.9118
64,B0BN9426PP,Apple iPhone 14 Plus,Apple,camera,5,0,0,5,1.0,0.844,0.625
65,B0GQZPX5DT,Apple iPhone 14 Plus,Apple,camera,5,0,0,5,1.0,0.844,0.625
66,B0DK2KTXJT,Apple iPhone 14 Plus,Apple,camera,5,0,0,5,1.0,0.844,0.625
67,B0BN97DG4N,Apple iPhone 14 Plus,Apple,camera,5,0,0,5,1.0,0.844,0.625
68,B0BN9RKQL7,Apple iPhone 14 Plus,Apple,camera,5,0,0,5,1.0,0.844,0.625
64,B0BN9426PP,Apple iPhone 14 Plus,Apple,design,2,1,0,3,0.8333,0.7951,0.5
65,B0GQZPX5DT,Apple iPhone 14 Plus,Apple,design,2,1,0,3,0.8333,0.7951,0.5
66,B0DK2KTXJT,Apple iPhone 14 Plus,Apple,design,2,1,0,3,0.8333,0.7951,0.5
67,B0BN97DG4N,Apple iPhone 14 Plus,Apple,design,2,1,0,3,0.8333,0.7951,0.5
68,B0BN9RKQL7,Apple iPhone 14 Plus,Apple,design,2,1,0,3,0.8333,0.7951,0.5
64,B0BN9426PP,Apple iPhone 14 Plus,Apple,display,6,2,4,12,0.5833,0.5999,0.8
65,B0GQZPX5DT,Apple iPhone 14 Plus,Apple,display,6,2,4,12,0.5833,0.5999,0.8
66,B0DK2KTXJT,Apple iPhone 14 Plus,Apple,display,6,2,4,12,0.5833,0.5999,0.8
67,B0BN97DG4N,Apple iPhone 14 Plus,Apple,display,5,0,4,9,0.5556,0.5856,0.75
68,B0BN9RKQL7,Apple iPhone 14 Plus,Apple,display,6,2,4,12,0.5833,0.5999,0.8
64,B0BN9426PP,Apple iPhone 14 Plus,Apple,performance,4,0,2,6,0.6667,0.68,0.6667
65,B0GQZPX5DT,Apple iPhone 14 Plus,Apple,performance,4,0,2,6,0.6667,0.68,0.6667
66,B0DK2KTXJT,Apple iPhone 14 Plus,Apple,performance,4,0,2,6,0.6667,0.68,0.6667
67,B0BN97DG4N,Apple iPhone 14 Plus,Apple,performance,3,0,2,5,0.6,0.648,0.625
68,B0BN9RKQL7,Apple iPhone 14 Plus,Apple,performance,4,0,2,6,0.6667,0.68,0.6667
64,B0BN9426PP,Apple iPhone 14 Plus,Apple,price,11,0,3,14,0.7857,0.7894,0.8235
65,B0GQZPX5DT,Apple iPhone 14 Plus,Apple,price,11,0,3,14,0.7857,0.7894,0.8235
66,B0DK2KTXJT,Apple iPhone 14 Plus,Apple,price,11,0,3,14,0.7857,0.7894,0.8235
67,B0BN97DG4N,Apple iPhone 14 Plus,Apple,price,8,0,3,11,0.7273,0.7499,0.7857
68,B0BN9RKQL7,Apple iPhone 14 Plus,Apple,price,11,0,3,14,0.7857,0.7894,0.8235
82,B0BN96CCM6,Apple iPhone 14 Pro,Apple,battery,9,14,1,24,0.6667,0.6665,0.8889
83,B0DK2K7JHJ,Apple iPhone 14 Pro,Apple,battery,18,25,1,44,0.6932,0.6904,0.9362
84,B0BN94P99C,Apple iPhone 14 Pro,Apple,battery,18,25,1,44,0.6932,0.6904,0.9362
143,B0BYLNB9P9,Apple iPhone 14 Pro,Apple,battery,7,4,0,11,0.8182,0.7705,0.7857
82,B0BN96CCM6,Apple iPhone 14 Pro,Apple,camera,7,3,2,12,0.7083,0.7024,0.8
83,B0DK2K7JHJ,Apple iPhone 14 Pro,Apple,camera,9,5,2,16,0.7188,0.7114,0.8421
84,B0BN94P99C,Apple iPhone 14 Pro,Apple,camera,9,5,2,16,0.7188,0.7114,0.8421
143,B0BYLNB9P9,Apple iPhone 14 Pro,Apple,camera,4,2,0,6,0.8333,0.7673,0.6667
82,B0BN96CCM6,Apple iPhone 14 Pro,Apple,design,5,4,0,9,0.7778,0.7758,0.75
83,B0DK2K7JHJ,Apple iPhone 14 Pro,Apple,design,6,5,0,11,0.7727,0.7725,0.7857
84,B0BN94P99C,Apple iPhone 14 Pro,Apple,design,6,5,0,11,0.7727,0.7725,0.7857
143,B0BYLNB9P9,Apple iPhone 14 Pro,Apple,design,2,2,0,4,0.75,0.7623,0.5714
82,B0BN96CCM6,Apple iPhone 14 Pro,Apple,display,4,5,0,9,0.7222,0.6928,0.75
83,B0DK2K7JHJ,Apple iPhone 14 Pro,Apple,display,7,11,0,18,0.6944,0.6826,0.8571
84,B0BN94P99C,Apple iPhone 14 Pro,Apple,display,7,11,0,18,0.6944,0.6826,0.8571
143,B0BYLNB9P9,Apple iPhone 14 Pro,Apple,display,7,5,0,12,0.7917,0.747,0.8
82,B0BN96CCM6,Apple iPhone 14 Pro,Apple,performance,6,0,0,6,1.0,0.8618,0.6667
83,B0DK2K7JHJ,Apple iPhone 14 Pro,Apple,performance,9,1,0,10,0.95,0.8653,0.7692
84,B0BN94P99C,Apple iPhone 14 Pro,Apple,performance,9,1,0,10,0.95,0.8653,0.7692
143,B0BYLNB9P9,Apple iPhone 14 Pro,Apple,performance,3,0,1,4,0.75,0.72,0.5714
82,B0BN96CCM6,Apple iPhone 14 Pro,Apple,price,5,1,2,8,0.6875,0.7306,0.7273
83,B0DK2K7JHJ,Apple iPhone 14 Pro,Apple,price,7,2,3,12,0.6667,0.7058,0.8
84,B0BN94P99C,Apple iPhone 14 Pro,Apple,price,7,2,3,12,0.6667,0.7058,0.8
143,B0BYLNB9P9,Apple iPhone 14 Pro,Apple,price,5,5,1,11,0.6818,0.7186,0.7857
85,B0BN93P98N,Apple iPhone 14 Pro Max,Apple,battery,1,1,0,2,0.75,0.6897,0.4
86,B0DK4D1PSV,Apple iPhone 14 Pro Max,Apple,battery,7,15,0,22,0.6591,0.6603,0.88
87,B0GQTNRZ2C,Apple iPhone 14 Pro Max,Apple,battery,4,10,0,14,0.6429,0.6488,0.8235
149,B0BYLBQCBQ,Apple iPhone 14 Pro Max,Apple,battery,7,5,0,12,0.7917,0.7546,0.8
182,B0BNLZCPZ3,Apple iPhone 14 Pro Max,Apple,battery,3,4,0,7,0.7143,0.694,0.7
86,B0DK4D1PSV,Apple iPhone 14 Pro Max,Apple,camera,6,11,3,20,0.575,0.5976,0.8696
87,B0GQTNRZ2C,Apple iPhone 14 Pro Max,Apple,camera,5,9,3,17,0.5588,0.5882,0.85
149,B0BYLBQCBQ,Apple iPhone 14 Pro Max,Apple,camera,2,2,0,4,0.75,0.7156,0.5714
182,B0BNLZCPZ3,Apple iPhone 14 Pro Max,Apple,camera,1,7,2,10,0.45,0.5293,0.7692
86,B0DK4D1PSV,Apple iPhone 14 Pro Max,Apple,design,4,1,0,5,0.9,0.8361,0.625
87,B0GQTNRZ2C,Apple iPhone 14 Pro Max,Apple,design,1,0,0,1,1.0,0.8101,0.25
149,B0BYLBQCBQ,Apple iPhone 14 Pro Max,Apple,design,2,0,0,2,1.0,0.8372,0.4
182,B0BNLZCPZ3,Apple iPhone 14 Pro Max,Apple,design,2,2,0,4,0.75,0.7623,0.5714
85,B0BN93P98N,Apple iPhone 14 Pro Max,Apple,display,0,6,2,8,0.375,0.4768,0.7273
86,B0DK4D1PSV,Apple iPhone 14 Pro Max,Apple,display,4,12,3,19,0.5263,0.55,0.8636
87,B0GQTNRZ2C,Apple iPhone 14 Pro Max,Apple,display,2,3,0,5,0.7,0.6699,0.625
149,B0BYLBQCBQ,Apple iPhone 14 Pro Max,Apple,display,1,5,0,6,0.5833,0.609,0.6667
182,B0BNLZCPZ3,Apple iPhone 14 Pro Max,Apple,display,1,2,0,3,0.6667,0.6499,0.5
86,B0DK4D1PSV,Apple iPhone 14 Pro Max,Apple,performance,6,2,3,11,0.6364,0.655,0.7857
87,B0GQTNRZ2C,Apple iPhone 14 Pro Max,Apple,performance,4,1,1,6,0.75,0.7255,0.6667
149,B0BYLBQCBQ,Apple iPhone 14 Pro Max,Apple,performance,3,0,0,3,1.0,0.81,0.5
182,B0BNLZCPZ3,Apple iPhone 14 Pro Max,Apple,performance,1,2,1,4,0.5,0.6089,0.5714
85,B0BN93P98N,Apple iPhone 14 Pro Max,Apple,price,1,2,0,3,0.6667,0.7497,0.5
86,B0DK4D1PSV,Apple iPhone 14 Pro Max,Apple,price,3,7,0,10,0.65,0.6999,0.7692
87,B0GQTNRZ2C,Apple iPhone 14 Pro Max,Apple,price,1,3,0,4,0.625,0.722,0.5714
149,B0BYLBQCBQ,Apple iPhone 14 Pro Max,Apple,price,3,2,0,5,0.8,0.7998,0.625
182,B0BNLZCPZ3,Apple iPhone 14 Pro Max,Apple,price,4,3,1,8,0.6875,0.7306,0.7273
75,B0CRJ13WM7,Apple iPhone 15,Apple,battery,16,18,1,35,0.7143,0.7082,0.9211
76,B0GMXNBH6Z,Apple iPhone 15,Apple,battery,11,13,1,25,0.7,0.6943,0.8929
77,B0CMPMTL69,Apple iPhone 15,Apple,battery,1,0,0,1,1.0,0.7214,0.25
78,B0DJWSLRYK,Apple iPhone 15,Apple,battery,16,18,1,35,0.7143,0.7082,0.9211
79,B0CMPLN52T,Apple iPhone 15,Apple,battery,16,18,1,35,0.7143,0.7082,0.9211
80,B0CMPLZDG8,Apple iPhone 15,Apple,battery,16,18,1,35,0.7143,0.7082,0.9211
81,B0CRJ1LWT5,Apple iPhone 15,Apple,battery,16,18,1,35,0.7143,0.7082,0.9211
213,B0CRJPVF33,Apple iPhone 15,Apple,battery,1,1,0,2,0.75,0.6897,0.4
214,B0CRJ1NB72,Apple iPhone 15,Apple,battery,1,1,0,2,0.75,0.6897,0.4
75,B0CRJ13WM7,Apple iPhone 15,Apple,camera,4,8,2,14,0.5714,0.6021,0.8235
76,B0GMXNBH6Z,Apple iPhone 15,Apple,camera,3,5,0,8,0.6875,0.6877,0.7273
77,B0CMPMTL69,Apple iPhone 15,Apple,camera,0,1,0,1,0.5,0.6567,0.25
78,B0DJWSLRYK,Apple iPhone 15,Apple,camera,4,8,2,14,0.5714,0.6021,0.8235
79,B0CMPLN52T,Apple iPhone 15,Apple,camera,4,8,2,14,0.5714,0.6021,0.8235
80,B0CMPLZDG8,Apple iPhone 15,Apple,camera,4,8,2,14,0.5714,0.6021,0.8235
81,B0CRJ1LWT5,Apple iPhone 15,Apple,camera,4,8,2,14,0.5714,0.6021,0.8235
75,B0CRJ13WM7,Apple iPhone 15,Apple,design,4,0,1,5,0.8,0.7861,0.625
76,B0GMXNBH6Z,Apple iPhone 15,Apple,design,2,0,0,2,1.0,0.8372,0.4
78,B0DJWSLRYK,Apple iPhone 15,Apple,design,4,0,1,5,0.8,0.7861,0.625
79,B0CMPLN52T,Apple iPhone 15,Apple,design,4,0,1,5,0.8,0.7861,0.625
80,B0CMPLZDG8,Apple iPhone 15,Apple,design,4,0,1,5,0.8,0.7861,0.625
81,B0CRJ1LWT5,Apple iPhone 15,Apple,design,4,0,1,5,0.8,0.7861,0.625
213,B0CRJPVF33,Apple iPhone 15,Apple,design,1,0,1,2,0.5,0.6944,0.4
214,B0CRJ1NB72,Apple iPhone 15,Apple,design,1,0,1,2,0.5,0.6944,0.4
75,B0CRJ13WM7,Apple iPhone 15,Apple,display,6,9,1,16,0.6562,0.6523,0.8421
76,B0GMXNBH6Z,Apple iPhone 15,Apple,display,4,7,0,11,0.6818,0.6687,0.7857
77,B0CMPMTL69,Apple iPhone 15,Apple,display,0,1,1,2,0.25,0.5284,0.4
78,B0DJWSLRYK,Apple iPhone 15,Apple,display,6,9,1,16,0.6562,0.6523,0.8421
79,B0CMPLN52T,Apple iPhone 15,Apple,display,6,9,1,16,0.6562,0.6523,0.8421
80,B0CMPLZDG8,Apple iPhone 15,Apple,display,6,9,1,16,0.6562,0.6523,0.8421
81,B0CRJ1LWT5,Apple iPhone 15,Apple,display,6,9,1,16,0.6562,0.6523,0.8421
213,B0CRJPVF33,Apple iPhone 15,Apple,display,1,0,0,1,1.0,0.6998,0.25
214,B0CRJ1NB72,Apple iPhone 15,Apple,display,1,0,0,1,1.0,0.6998,0.25
75,B0CRJ13WM7,Apple iPhone 15,Apple,performance,2,4,2,8,0.5,0.5754,0.7273
76,B0GMXNBH6Z,Apple iPhone 15,Apple,performance,2,3,1,6,0.5833,0.6345,0.6667
78,B0DJWSLRYK,Apple iPhone 15,Apple,performance,2,4,2,8,0.5,0.5754,0.7273
79,B0CMPLN52T,Apple iPhone 15,Apple,performance,2,4,2,8,0.5,0.5754,0.7273
80,B0CMPLZDG8,Apple iPhone 15,Apple,performance,2,4,2,8,0.5,0.5754,0.7273
81,B0CRJ1LWT5,Apple iPhone 15,Apple,performance,2,4,2,8,0.5,0.5754,0.7273
75,B0CRJ13WM7,Apple iPhone 15,Apple,price,10,2,1,13,0.8462,0.8332,0.8125
76,B0GMXNBH6Z,Apple iPhone 15,Apple,price,10,2,0,12,0.9167,0.8822,0.8
78,B0DJWSLRYK,Apple iPhone 15,Apple,price,10,2,1,13,0.8462,0.8332,0.8125
79,B0CMPLN52T,Apple iPhone 15,Apple,price,10,2,1,13,0.8462,0.8332,0.8125
80,B0CMPLZDG8,Apple iPhone 15,Apple,price,10,2,1,13,0.8462,0.8332,0.8125
81,B0CRJ1LWT5,Apple iPhone 15,Apple,price,10,2,1,13,0.8462,0.8332,0.8125
213,B0CRJPVF33,Apple iPhone 15,Apple,price,1,0,0,1,1.0,0.833,0.25
214,B0CRJ1NB72,Apple iPhone 15,Apple,price,1,0,0,1,1.0,0.833,0.25
105,B0DK425GF4,Apple iPhone 15 Plus,Apple,battery,6,7,1,14,0.6786,0.6752,0.8235
106,B0DWJVQW5G,Apple iPhone 15 Plus,Apple,battery,12,8,2,22,0.7273,0.7159,0.88
107,B0CMT4XDSC,Apple iPhone 15 Plus,Apple,battery,12,8,2,22,0.7273,0.7159,0.88
108,B0DJWSZMQ9,Apple iPhone 15 Plus,Apple,battery,12,8,2,22,0.7273,0.7159,0.88
201,B0CMSYFBK6,Apple iPhone 15 Plus,Apple,battery,3,4,1,8,0.625,0.6406,0.7273
202,B0DJWRZF9S,Apple iPhone 15 Plus,Apple,battery,3,4,1,8,0.625,0.6406,0.7273
203,B0CMTBD9CP,Apple iPhone 15 Plus,Apple,battery,3,4,1,8,0.625,0.6406,0.7273
105,B0DK425GF4,Apple iPhone 15 Plus,Apple,camera,3,4,0,7,0.7143,0.7033,0.7
106,B0DWJVQW5G,Apple iPhone 15 Plus,Apple,camera,3,4,0,7,0.7143,0.7033,0.7
107,B0CMT4XDSC,Apple iPhone 15 Plus,Apple,camera,3,4,0,7,0.7143,0.7033,0.7
108,B0DJWSZMQ9,Apple iPhone 15 Plus,Apple,camera,3,4,0,7,0.7143,0.7033,0.7
201,B0CMSYFBK6,Apple iPhone 15 Plus,Apple,camera,1,1,0,2,0.75,0.7057,0.4
202,B0DJWRZF9S,Apple iPhone 15 Plus,Apple,camera,1,1,0,2,0.75,0.7057,0.4
203,B0CMTBD9CP,Apple iPhone 15 Plus,Apple,camera,1,1,0,2,0.75,0.7057,0.4
105,B0DK425GF4,Apple iPhone 15 Plus,Apple,design,4,5,0,9,0.7222,0.74,0.75
106,B0DWJVQW5G,Apple iPhone 15 Plus,Apple,design,4,5,0,9,0.7222,0.74,0.75
107,B0CMT4XDSC,Apple iPhone 15 Plus,Apple,design,4,5,0,9,0.7222,0.74,0.75
108,B0DJWSZMQ9,Apple iPhone 15 Plus,Apple,design,4,5,0,9,0.7222,0.74,0.75
201,B0CMSYFBK6,Apple iPhone 15 Plus,Apple,design,2,1,0,3,0.8333,0.7951,0.5
202,B0DJWRZF9S,Apple iPhone 15 Plus,Apple,design,2,1,0,3,0.8333,0.7951,0.5
203,B0CMTBD9CP,Apple iPhone 15 Plus,Apple,design,2,1,0,3,0.8333,0.7951,0.5
105,B0DK425GF4,Apple iPhone 15 Plus,Apple,display,5,2,3,10,0.6,0.6133,0.7692
106,B0DWJVQW5G,Apple iPhone 15 Plus,Apple,display,7,4,3,14,0.6429,0.642,0.8235
107,B0CMT4XDSC,Apple iPhone 15 Plus,Apple,display,7,4,3,14,0.6429,0.642,0.8235
108,B0DJWSZMQ9,Apple iPhone 15 Plus,Apple,display,7,4,3,14,0.6429,0.642,0.8235
201,B0CMSYFBK6,Apple iPhone 15 Plus,Apple,display,0,2,0,2,0.5,0.5998,0.4
202,B0DJWRZF9S,Apple iPhone 15 Plus,Apple,display,0,2,0,2,0.5,0.5998,0.4
203,B0CMTBD9CP,Apple iPhone 15 Plus,Apple,display,0,2,0,2,0.5,0.5998,0.4
105,B0DK425GF4,Apple iPhone 15 Plus,Apple,performance,2,0,0,2,1.0,0.7829,0.4
106,B0DWJVQW5G,Apple iPhone 15 Plus,Apple,performance,3,0,1,4,0.75,0.72,0.5714
107,B0CMT4XDSC,Apple iPhone 15 Plus,Apple,performance,3,0,1,4,0.75,0.72,0.5714
108,B0DJWSZMQ9,Apple iPhone 15 Plus,Apple,performance,3,0,1,4,0.75,0.72,0.5714
201,B0CMSYFBK6,Apple iPhone 15 Plus,Apple,performance,2,0,0,2,1.0,0.7829,0.4
202,B0DJWRZF9S,Apple iPhone 15 Plus,Apple,performance,2,0,0,2,1.0,0.7829,0.4
203,B0CMTBD9CP,Apple iPhone 15 Plus,Apple,performance,2,0,0,2,1.0,0.7829,0.4
105,B0DK425GF4,Apple iPhone 15 Plus,Apple,price,8,1,2,11,0.7727,0.7811,0.7857
106,B0DWJVQW5G,Apple iPhone 15 Plus,Apple,price,9,1,2,12,0.7917,0.794,0.8
107,B0CMT4XDSC,Apple iPhone 15 Plus,Apple,price,9,1,2,12,0.7917,0.794,0.8
108,B0DJWSZMQ9,Apple iPhone 15 Plus,Apple,price,9,1,2,12,0.7917,0.794,0.8
201,B0CMSYFBK6,Apple iPhone 15 Plus,Apple,price,1,1,1,3,0.5,0.6872,0.5
202,B0DJWRZF9S,Apple iPhone 15 Plus,Apple,price,1,1,1,3,0.5,0.6872,0.5
203,B0CMTBD9CP,Apple iPhone 15 Plus,Apple,price,1,1,1,3,0.5,0.6872,0.5
93,B0CMZ5LT14,Apple iPhone 15 Pro,Apple,battery,17,18,2,37,0.7027,0.6983,0.925
95,B0CMYXFK3R,Apple iPhone 15 Pro,Apple,battery,6,9,1,16,0.6562,0.6585,0.8421
93,B0CMZ5LT14,Apple iPhone 15 Pro,Apple,camera,6,7,2,15,0.6333,0.647,0.8333
95,B0CMYXFK3R,Apple iPhone 15 Pro,Apple,camera,3,3,0,6,0.75,0.7218,0.6667
93,B0CMZ5LT14,Apple iPhone 15 Pro,Apple,design,6,1,1,8,0.8125,0.797,0.7273
95,B0CMYXFK3R,Apple iPhone 15 Pro,Apple,design,3,0,0,3,1.0,0.8576,0.5
219,B0DJWPYDNC,Apple iPhone 15 Pro,Apple,design,0,1,0,1,0.5,0.7268,0.25
93,B0CMZ5LT14,Apple iPhone 15 Pro,Apple,display,6,12,4,22,0.5455,0.5629,0.88
95,B0CMYXFK3R,Apple iPhone 15 Pro,Apple,display,4,9,1,14,0.6071,0.6157,0.8235
93,B0CMZ5LT14,Apple iPhone 15 Pro,Apple,performance,6,1,4,11,0.5909,0.6238,0.7857
95,B0CMYXFK3R,Apple iPhone 15 Pro,Apple,performance,2,0,0,2,1.0,0.7829,0.4
93,B0CMZ5LT14,Apple iPhone 15 Pro,Apple,price,12,10,1,23,0.7391,0.7499,0.8846
95,B0CMYXFK3R,Apple iPhone 15 Pro,Apple,price,6,6,1,13,0.6923,0.7221,0.8125
73,B0CRJTNDQ6,Apple iPhone 15 Pro Max,Apple,battery,7,3,1,11,0.7727,0.7393,0.7857
74,B0CMZ4FQL4,Apple iPhone 15 Pro Max,Apple,battery,16,15,3,34,0.6912,0.6879,0.9189
73,B0CRJTNDQ6,Apple iPhone 15 Pro Max,Apple,camera,3,8,1,12,0.5833,0.6141,0.8
74,B0CMZ4FQL4,Apple iPhone 15 Pro Max,Apple,camera,7,8,2,17,0.6471,0.6564,0.85
73,B0CRJTNDQ6,Apple iPhone 15 Pro Max,Apple,design,2,0,0,2,1.0,0.8372,0.4
74,B0CMZ4FQL4,Apple iPhone 15 Pro Max,Apple,design,5,1,0,6,0.9167,0.851,0.6667
73,B0CRJTNDQ6,Apple iPhone 15 Pro Max,Apple,display,4,3,1,8,0.6875,0.6691,0.7273
74,B0CMZ4FQL4,Apple iPhone 15 Pro Max,Apple,display,7,4,1,12,0.75,0.7176,0.8
73,B0CRJTNDQ6,Apple iPhone 15 Pro Max,Apple,performance,5,1,1,7,0.7857,0.7483,0.7
74,B0CMZ4FQL4,Apple iPhone 15 Pro Max,Apple,performance,7,2,3,12,0.6667,0.6753,0.8
73,B0CRJTNDQ6,Apple iPhone 15 Pro Max,Apple,price,9,2,0,11,0.9091,0.8749,0.7857
74,B0CMZ4FQL4,Apple iPhone 15 Pro Max,Apple,price,11,4,0,15,0.8667,0.8499,0.8333
114,B0GQC3R3G6,Apple iPhone 16,Apple,battery,1,4,0,5,0.6,0.6328,0.625
115,B0DHJH2GZL,Apple iPhone 16,Apple,battery,3,7,0,10,0.65,0.6552,0.7692
116,B0DPGTPJK8,Apple iPhone 16,Apple,battery,3,3,0,6,0.75,0.7116,0.6667
117,B0DHJCYNS7,Apple iPhone 16,Apple,battery,5,14,0,19,0.6316,0.6387,0.8636
118,B0DHJPP352,Apple iPhone 16,Apple,battery,5,14,0,19,0.6316,0.6387,0.8636
119,B0DPD1296D,Apple iPhone 16,Apple,battery,5,14,0,19,0.6316,0.6387,0.8636
115,B0DHJH2GZL,Apple iPhone 16,Apple,camera,0,2,0,2,0.5,0.6343,0.4
116,B0DPGTPJK8,Apple iPhone 16,Apple,camera,0,2,0,2,0.5,0.6343,0.4
117,B0DHJCYNS7,Apple iPhone 16,Apple,camera,2,4,0,6,0.6667,0.6764,0.6667
118,B0DHJPP352,Apple iPhone 16,Apple,camera,2,4,0,6,0.6667,0.6764,0.6667
119,B0DPD1296D,Apple iPhone 16,Apple,camera,2,4,0,6,0.6667,0.6764,0.6667
117,B0DHJCYNS7,Apple iPhone 16,Apple,design,1,0,0,1,1.0,0.8101,0.25
118,B0DHJPP352,Apple iPhone 16,Apple,design,1,0,0,1,1.0,0.8101,0.25
119,B0DPD1296D,Apple iPhone 16,Apple,design,1,0,0,1,1.0,0.8101,0.25
114,B0GQC3R3G6,Apple iPhone 16,Apple,display,0,1,0,1,0.5,0.6165,0.25
115,B0DHJH2GZL,Apple iPhone 16,Apple,display,0,2,0,2,0.5,0.5998,0.4
116,B0DPGTPJK8,Apple iPhone 16,Apple,display,0,1,0,1,0.5,0.6165,0.25
117,B0DHJCYNS7,Apple iPhone 16,Apple,display,1,6,2,9,0.4444,0.5142,0.75
118,B0DHJPP352,Apple iPhone 16,Apple,display,1,6,2,9,0.4444,0.5142,0.75
119,B0DPD1296D,Apple iPhone 16,Apple,display,1,6,2,9,0.4444,0.5142,0.75
114,B0GQC3R3G6,Apple iPhone 16,Apple,performance,1,0,1,2,0.5,0.64,0.4
115,B0DHJH2GZL,Apple iPhone 16,Apple,performance,1,0,1,2,0.5,0.64,0.4
116,B0DPGTPJK8,Apple iPhone 16,Apple,performance,1,0,0,1,1.0,0.7467,0.25
117,B0DHJCYNS7,Apple iPhone 16,Apple,performance,2,1,1,4,0.625,0.6644,0.5714
118,B0DHJPP352,Apple iPhone 16,Apple,performance,2,1,1,4,0.625,0.6644,0.5714
119,B0DPD1296D,Apple iPhone 16,Apple,performance,2,1,1,4,0.625,0.6644,0.5714
114,B0GQC3R3G6,Apple iPhone 16,Apple,price,6,0,0,6,1.0,0.9089,0.6667
115,B0DHJH2GZL,Apple iPhone 16,Apple,price,10,0,0,10,1.0,0.9332,0.7692
116,B0DPGTPJK8,Apple iPhone 16,Apple,price,4,0,0,4,1.0,0.8886,0.5714
117,B0DHJCYNS7,Apple iPhone 16,Apple,price,14,1,0,15,0.9667,0.9249,0.8333
118,B0DHJPP352,Apple iPhone 16,Apple,price,14,1,0,15,0.9667,0.9249,0.8333
119,B0DPD1296D,Apple iPhone 16,Apple,price,14,1,0,15,0.9667,0.9249,0.8333
135,B0DPVXTH7X,Apple iPhone 16 Plus,Apple,battery,5,9,0,14,0.6786,0.6752,0.8235
136,B0DHJ86J4R,Apple iPhone 16 Plus,Apple,battery,3,5,0,8,0.6875,0.6791,0.7273
137,B0DHJCTZ4D,Apple iPhone 16 Plus,Apple,battery,5,9,0,14,0.6786,0.6752,0.8235
138,B0DHJ85HMH,Apple iPhone 16 Plus,Apple,battery,5,9,0,14,0.6786,0.6752,0.8235
139,B0DHJ3M486,Apple iPhone 16 Plus,Apple,battery,5,9,0,14,0.6786,0.6752,0.8235
212,B0DLJB1GSP,Apple iPhone 16 Plus,Apple,battery,2,0,0,2,1.0,0.7612,0.4
135,B0DPVXTH7X,Apple iPhone 16 Plus,Apple,camera,3,2,0,5,0.8,0.744,0.625
136,B0DHJ86J4R,Apple iPhone 16 Plus,Apple,camera,3,2,0,5,0.8,0.744,0.625
137,B0DHJCTZ4D,Apple iPhone 16 Plus,Apple,camera,3,2,0,5,0.8,0.744,0.625
138,B0DHJ85HMH,Apple iPhone 16 Plus,Apple,camera,3,2,0,5,0.8,0.744,0.625
139,B0DHJ3M486,Apple iPhone 16 Plus,Apple,camera,3,2,0,5,0.8,0.744,0.625
135,B0DPVXTH7X,Apple iPhone 16 Plus,Apple,design,1,0,0,1,1.0,0.8101,0.25
136,B0DHJ86J4R,Apple iPhone 16 Plus,Apple,design,1,0,0,1,1.0,0.8101,0.25
137,B0DHJCTZ4D,Apple iPhone 16 Plus,Apple,design,1,0,0,1,1.0,0.8101,0.25
138,B0DHJ85HMH,Apple iPhone 16 Plus,Apple,design,1,0,0,1,1.0,0.8101,0.25
139,B0DHJ3M486,Apple iPhone 16 Plus,Apple,design,1,0,0,1,1.0,0.8101,0.25
212,B0DLJB1GSP,Apple iPhone 16 Plus,Apple,design,1,0,0,1,1.0,0.8101,0.25
135,B0DPVXTH7X,Apple iPhone 16 Plus,Apple,display,4,9,0,13,0.6538,0.6499,0.8125
136,B0DHJ86J4R,Apple iPhone 16 Plus,Apple,display,2,9,0,11,0.5909,0.6062,0.7857
137,B0DHJCTZ4D,Apple iPhone 16 Plus,Apple,display,4,9,0,13,0.6538,0.6499,0.8125
138,B0DHJ85HMH,Apple iPhone 16 Plus,Apple,display,4,9,0,13,0.6538,0.6499,0.8125
139,B0DHJ3M486,Apple iPhone 16 Plus,Apple,display,4,9,0,13,0.6538,0.6499,0.8125
135,B0DPVXTH7X,Apple iPhone 16 Plus,Apple,performance,0,1,0,1,0.5,0.6633,0.25
137,B0DHJCTZ4D,Apple iPhone 16 Plus,Apple,performance,0,1,0,1,0.5,0.6633,0.25
138,B0DHJ85HMH,Apple iPhone 16 Plus,Apple,performance,0,1,0,1,0.5,0.6633,0.25
139,B0DHJ3M486,Apple iPhone 16 Plus,Apple,performance,0,1,0,1,0.5,0.6633,0.25
212,B0DLJB1GSP,Apple iPhone 16 Plus,Apple,performance,1,0,0,1,1.0,0.7467,0.25
135,B0DPVXTH7X,Apple iPhone 16 Plus,Apple,price,16,1,0,17,0.9706,0.9317,0.85
136,B0DHJ86J4R,Apple iPhone 16 Plus,Apple,price,9,0,0,9,1.0,0.9284,0.75
137,B0DHJCTZ4D,Apple iPhone 16 Plus,Apple,price,16,1,0,17,0.9706,0.9317,0.85
138,B0DHJ85HMH,Apple iPhone 16 Plus,Apple,price,16,1,0,17,0.9706,0.9317,0.85
139,B0DHJ3M486,Apple iPhone 16 Plus,Apple,price,16,1,0,17,0.9706,0.9317,0.85
212,B0DLJB1GSP,Apple iPhone 16 Plus,Apple,price,0,1,0,1,0.5,0.7496,0.25
113,B0DHJ2MKQM,Apple iPhone 16 Pro,Apple,battery,9,15,1,25,0.66,0.6609,0.8929
155,B0DNW5MD5Y,Apple iPhone 16 Pro,Apple,battery,11,20,3,34,0.6176,0.6238,0.9189
156,B0DNTC3HXX,Apple iPhone 16 Pro,Apple,battery,11,20,3,34,0.6176,0.6238,0.9189
113,B0DHJ2MKQM,Apple iPhone 16 Pro,Apple,camera,9,4,1,14,0.7857,0.76,0.8235
155,B0DNW5MD5Y,Apple iPhone 16 Pro,Apple,camera,5,6,2,13,0.6154,0.6356,0.8125
156,B0DNTC3HXX,Apple iPhone 16 Pro,Apple,camera,5,6,2,13,0.6154,0.6356,0.8125
113,B0DHJ2MKQM,Apple iPhone 16 Pro,Apple,design,11,4,0,15,0.8667,0.843,0.8333
155,B0DNW5MD5Y,Apple iPhone 16 Pro,Apple,design,5,5,3,13,0.5769,0.6311,0.8125
156,B0DNTC3HXX,Apple iPhone 16 Pro,Apple,design,5,5,3,13,0.5769,0.6311,0.8125
113,B0DHJ2MKQM,Apple iPhone 16 Pro,Apple,display,9,13,1,23,0.6739,0.6678,0.8846
155,B0DNW5MD5Y,Apple iPhone 16 Pro,Apple,display,6,11,2,19,0.6053,0.6125,0.8636
156,B0DNTC3HXX,Apple iPhone 16 Pro,Apple,display,6,11,2,19,0.6053,0.6125,0.8636
113,B0DHJ2MKQM,Apple iPhone 16 Pro,Apple,performance,16,1,0,17,0.9706,0.9082,0.85
155,B0DNW5MD5Y,Apple iPhone 16 Pro,Apple,performance,10,1,0,11,0.9545,0.8738,0.7857
156,B0DNTC3HXX,Apple iPhone 16 Pro,Apple,performance,10,1,0,11,0.9545,0.8738,0.7857
113,B0DHJ2MKQM,Apple iPhone 16 Pro,Apple,price,7,2,1,10,0.8,0.7999,0.7692
155,B0DNW5MD5Y,Apple iPhone 16 Pro,Apple,price,8,3,1,12,0.7917,0.794,0.8
156,B0DNTC3HXX,Apple iPhone 16 Pro,Apple,price,8,3,1,12,0.7917,0.794,0.8
97,B0DPDK3JVN,Apple iPhone 16 Pro Max,Apple,battery,13,11,1,25,0.74,0.7276,0.8929
98,B0DHJ7SBDR,Apple iPhone 16 Pro Max,Apple,battery,8,5,1,14,0.75,0.7278,0.8235
218,B0DPDLJY4Y,Apple iPhone 16 Pro Max,Apple,battery,1,1,0,2,0.75,0.6897,0.4
97,B0DPDK3JVN,Apple iPhone 16 Pro Max,Apple,camera,9,12,1,22,0.6818,0.683,0.88
98,B0DHJ7SBDR,Apple iPhone 16 Pro Max,Apple,camera,8,9,0,17,0.7353,0.7245,0.85
97,B0DPDK3JVN,Apple iPhone 16 Pro Max,Apple,design,7,10,0,17,0.7059,0.7209,0.85
98,B0DHJ7SBDR,Apple iPhone 16 Pro Max,Apple,design,7,7,0,14,0.75,0.7558,0.8235
97,B0DPDK3JVN,Apple iPhone 16 Pro Max,Apple,display,9,6,0,15,0.8,0.7599,0.8333
98,B0DHJ7SBDR,Apple iPhone 16 Pro Max,Apple,display,8,3,0,11,0.8636,0.7937,0.7857
97,B0DPDK3JVN,Apple iPhone 16 Pro Max,Apple,performance,8,5,2,15,0.7,0.699,0.8333
98,B0DHJ7SBDR,Apple iPhone 16 Pro Max,Apple,performance,6,4,1,11,0.7273,0.7175,0.7857
97,B0DPDK3JVN,Apple iPhone 16 Pro Max,Apple,price,15,1,2,18,0.8611,0.8477,0.8571
98,B0DHJ7SBDR,Apple iPhone 16 Pro Max,Apple,price,9,1,2,12,0.7917,0.794,0.8
128,B0F4RKB9GV,Apple iPhone 16e,Apple,battery,7,7,1,15,0.7,0.6914,0.8333
129,B0F8NNB13L,Apple iPhone 16e,Apple,battery,3,1,0,4,0.875,0.7587,0.5714
130,B0F4RM7Y2L,Apple iPhone 16e,Apple,battery,11,8,1,20,0.75,0.7331,0.8696
131,B0F8NLYCFC,Apple iPhone 16e,Apple,battery,11,8,1,20,0.75,0.7331,0.8696
128,B0F4RKB9GV,Apple iPhone 16e,Apple,camera,2,4,0,6,0.6667,0.6764,0.6667
130,B0F4RM7Y2L,Apple iPhone 16e,Apple,camera,2,4,0,6,0.6667,0.6764,0.6667
131,B0F8NLYCFC,Apple iPhone 16e,Apple,camera,2,4,0,6,0.6667,0.6764,0.6667
128,B0F4RKB9GV,Apple iPhone 16e,Apple,design,5,1,1,7,0.7857,0.7801,0.7
130,B0F4RM7Y2L,Apple iPhone 16e,Apple,design,4,1,1,6,0.75,0.7601,0.6667
131,B0F8NLYCFC,Apple iPhone 16e,Apple,design,4,1,1,6,0.75,0.7601,0.6667
128,B0F4RKB9GV,Apple iPhone 16e,Apple,display,8,2,1,11,0.8182,0.7624,0.7857
129,B0F8NNB13L,Apple iPhone 16e,Apple,display,0,5,0,5,0.5,0.5699,0.625
130,B0F4RM7Y2L,Apple iPhone 16e,Apple,display,8,7,1,16,0.7188,0.6999,0.8421
131,B0F8NLYCFC,Apple iPhone 16e,Apple,display,8,7,1,16,0.7188,0.6999,0.8421
128,B0F4RKB9GV,Apple iPhone 16e,Apple,performance,5,1,1,7,0.7857,0.7483,0.7
129,B0F8NNB13L,Apple iPhone 16e,Apple,performance,1,0,0,1,1.0,0.7467,0.25
130,B0F4RM7Y2L,Apple iPhone 16e,Apple,performance,6,1,1,8,0.8125,0.7677,0.7273
131,B0F8NLYCFC,Apple iPhone 16e,Apple,performance,6,1,1,8,0.8125,0.7677,0.7273
128,B0F4RKB9GV,Apple iPhone 16e,Apple,price,6,4,1,11,0.7273,0.7499,0.7857
129,B0F8NNB13L,Apple iPhone 16e,Apple,price,1,0,0,1,1.0,0.833,0.25
130,B0F4RM7Y2L,Apple iPhone 16e,Apple,price,7,4,1,12,0.75,0.7646,0.8
131,B0F8NLYCFC,Apple iPhone 16e,Apple,price,7,4,1,12,0.75,0.7646,0.8
184,B0G4RQDX62,Apple iPhone 17,Apple,battery,5,6,1,12,0.6667,0.6664,0.8
185,B0FRHHKD7Q,Apple iPhone 17,Apple,battery,3,4,0,7,0.7143,0.694,0.7
186,B0G4RXBJ47,Apple iPhone 17,Apple,battery,5,6,1,12,0.6667,0.6664,0.8
187,B0G4RWJ721,Apple iPhone 17,Apple,battery,4,7,1,12,0.625,0.6369,0.8
188,B0G4RV4F71,Apple iPhone 17,Apple,battery,4,7,1,12,0.625,0.6369,0.8
184,B0G4RQDX62,Apple iPhone 17,Apple,camera,1,1,2,4,0.375,0.5489,0.5714
185,B0FRHHKD7Q,Apple iPhone 17,Apple,camera,1,1,2,4,0.375,0.5489,0.5714
186,B0G4RXBJ47,Apple iPhone 17,Apple,camera,1,1,2,4,0.375,0.5489,0.5714
187,B0G4RWJ721,Apple iPhone 17,Apple,camera,1,1,2,4,0.375,0.5489,0.5714
188,B0G4RV4F71,Apple iPhone 17,Apple,camera,1,1,2,4,0.375,0.5489,0.5714
184,B0G4RQDX62,Apple iPhone 17,Apple,design,3,1,0,4,0.875,0.8178,0.5714
185,B0FRHHKD7Q,Apple iPhone 17,Apple,design,2,1,0,3,0.8333,0.7951,0.5
186,B0G4RXBJ47,Apple iPhone 17,Apple,design,3,1,0,4,0.875,0.8178,0.5714
187,B0G4RWJ721,Apple iPhone 17,Apple,design,3,1,0,4,0.875,0.8178,0.5714
188,B0G4RV4F71,Apple iPhone 17,Apple,design,3,1,0,4,0.875,0.8178,0.5714
184,B0G4RQDX62,Apple iPhone 17,Apple,display,1,3,2,6,0.4167,0.5181,0.6667
185,B0FRHHKD7Q,Apple iPhone 17,Apple,display,0,3,1,4,0.375,0.5221,0.5714
186,B0G4RXBJ47,Apple iPhone 17,Apple,display,1,3,2,6,0.4167,0.5181,0.6667
187,B0G4RWJ721,Apple iPhone 17,Apple,display,1,3,2,6,0.4167,0.5181,0.6667
188,B0G4RV4F71,Apple iPhone 17,Apple,display,1,3,2,6,0.4167,0.5181,0.6667
184,B0G4RQDX62,Apple iPhone 17,Apple,price,5,0,0,5,1.0,0.8998,0.625
185,B0FRHHKD7Q,Apple iPhone 17,Apple,price,3,0,0,3,1.0,0.8747,0.5
186,B0G4RXBJ47,Apple iPhone 17,Apple,price,5,0,0,5,1.0,0.8998,0.625
187,B0G4RWJ721,Apple iPhone 17,Apple,price,4,0,0,4,1.0,0.8886,0.5714
188,B0G4RV4F71,Apple iPhone 17,Apple,price,4,0,0,4,1.0,0.8886,0.5714
177,B0G45B5JP1,Apple iPhone 17 Pro,Apple,battery,2,5,1,8,0.5625,0.6022,0.7273
178,B0G458PMRL,Apple iPhone 17 Pro,Apple,battery,6,6,1,13,0.6923,0.6849,0.8125
179,B0FSBQJ1GG,Apple iPhone 17 Pro,Apple,battery,6,6,1,13,0.6923,0.6849,0.8125
177,B0G45B5JP1,Apple iPhone 17 Pro,Apple,camera,3,4,1,8,0.625,0.6492,0.7273
178,B0G458PMRL,Apple iPhone 17 Pro,Apple,camera,3,4,1,8,0.625,0.6492,0.7273
179,B0FSBQJ1GG,Apple iPhone 17 Pro,Apple,camera,3,4,1,8,0.625,0.6492,0.7273
177,B0G45B5JP1,Apple iPhone 17 Pro,Apple,design,1,1,0,2,0.75,0.7658,0.4
178,B0G458PMRL,Apple iPhone 17 Pro,Apple,design,3,1,0,4,0.875,0.8178,0.5714
179,B0FSBQJ1GG,Apple iPhone 17 Pro,Apple,design,3,1,0,4,0.875,0.8178,0.5714
177,B0G45B5JP1,Apple iPhone 17 Pro,Apple,display,2,0,0,2,1.0,0.7427,0.4
178,B0G458PMRL,Apple iPhone 17 Pro,Apple,display,3,0,0,3,1.0,0.7749,0.5
179,B0FSBQJ1GG,Apple iPhone 17 Pro,Apple,display,3,0,0,3,1.0,0.7749,0.5
177,B0G45B5JP1,Apple iPhone 17 Pro,Apple,performance,2,0,0,2,1.0,0.7829,0.4
178,B0G458PMRL,Apple iPhone 17 Pro,Apple,performance,3,0,0,3,1.0,0.81,0.5
179,B0FSBQJ1GG,Apple iPhone 17 Pro,Apple,performance,3,0,0,3,1.0,0.81,0.5
177,B0G45B5JP1,Apple iPhone 17 Pro,Apple,price,3,4,0,7,0.7143,0.7498,0.7
178,B0G458PMRL,Apple iPhone 17 Pro,Apple,price,6,4,0,10,0.8,0.7999,0.7692
179,B0FSBQJ1GG,Apple iPhone 17 Pro,Apple,price,6,4,0,10,0.8,0.7999,0.7692
172,B0FTCCR2T9,Apple iPhone 17 Pro Max,Apple,battery,6,2,2,10,0.7,0.6885,0.7692
173,B0G44ZBRM2,Apple iPhone 17 Pro Max,Apple,battery,6,2,2,10,0.7,0.6885,0.7692
174,B0FTCDZTYY,Apple iPhone 17 Pro Max,Apple,battery,1,0,0,1,1.0,0.7214,0.25
175,B0FTC6MK5K,Apple iPhone 17 Pro Max,Apple,battery,4,0,1,5,0.8,0.7328,0.625
172,B0FTCCR2T9,Apple iPhone 17 Pro Max,Apple,camera,1,0,0,1,1.0,0.74,0.25
173,B0G44ZBRM2,Apple iPhone 17 Pro Max,Apple,camera,1,0,0,1,1.0,0.74,0.25
175,B0FTC6MK5K,Apple iPhone 17 Pro Max,Apple,camera,1,0,0,1,1.0,0.74,0.25
172,B0FTCCR2T9,Apple iPhone 17 Pro Max,Apple,design,2,2,0,4,0.75,0.7623,0.5714
173,B0G44ZBRM2,Apple iPhone 17 Pro Max,Apple,design,2,2,0,4,0.75,0.7623,0.5714
174,B0FTCDZTYY,Apple iPhone 17 Pro Max,Apple,design,1,0,0,1,1.0,0.8101,0.25
175,B0FTC6MK5K,Apple iPhone 17 Pro Max,Apple,design,1,1,0,2,0.75,0.7658,0.4
172,B0FTCCR2T9,Apple iPhone 17 Pro Max,Apple,display,2,2,1,5,0.6,0.6199,0.625
173,B0G44ZBRM2,Apple iPhone 17 Pro Max,Apple,display,2,2,1,5,0.6,0.6199,0.625
174,B0FTCDZTYY,Apple iPhone 17 Pro Max,Apple,display,0,1,1,2,0.25,0.5284,0.4
175,B0FTC6MK5K,Apple iPhone 17 Pro Max,Apple,display,2,1,0,3,0.8333,0.7124,0.5
172,B0FTCCR2T9,Apple iPhone 17 Pro Max,Apple,performance,3,0,0,3,1.0,0.81,0.5
173,B0G44ZBRM2,Apple iPhone 17 Pro Max,Apple,performance,3,0,0,3,1.0,0.81,0.5
174,B0FTCDZTYY,Apple iPhone 17 Pro Max,Apple,performance,1,0,0,1,1.0,0.7467,0.25
175,B0FTC6MK5K,Apple iPhone 17 Pro Max,Apple,performance,1,0,0,1,1.0,0.7467,0.25
172,B0FTCCR2T9,Apple iPhone 17 Pro Max,Apple,price,3,3,0,6,0.75,0.7725,0.6667
173,B0G44ZBRM2,Apple iPhone 17 Pro Max,Apple,price,3,3,0,6,0.75,0.7725,0.6667
174,B0FTCDZTYY,Apple iPhone 17 Pro Max,Apple,price,2,0,0,2,1.0,0.8568,0.4
175,B0FTC6MK5K,Apple iPhone 17 Pro Max,Apple,price,3,2,0,5,0.8,0.7998,0.625
210,B0GWS8V4XT,Apple iPhone 17e,Apple,battery,1,4,0,5,0.6,0.6328,0.625
224,B0GWN8QT7K,Apple iPhone 17e,Apple,battery,1,4,0,5,0.6,0.6328,0.625
210,B0GWS8V4XT,Apple iPhone 17e,Apple,design,1,1,0,2,0.75,0.7658,0.4
224,B0GWN8QT7K,Apple iPhone 17e,Apple,design,1,1,0,2,0.75,0.7658,0.4
210,B0GWS8V4XT,Apple iPhone 17e,Apple,performance,1,1,0,2,0.75,0.7114,0.4
224,B0GWN8QT7K,Apple iPhone 17e,Apple,performance,1,1,0,2,0.75,0.7114,0.4
200,B09BRJZCLM,Apple iPhone 8 Plus,Apple,battery,1,1,0,2,0.75,0.6897,0.4
200,B09BRJZCLM,Apple iPhone 8 Plus,Apple,performance,2,0,0,2,1.0,0.7829,0.4
200,B09BRJZCLM,Apple iPhone 8 Plus,Apple,price,1,0,0,1,1.0,0.833,0.25
194,B0G4578S5F,Apple iPhone Air,Apple,battery,13,10,3,26,0.6923,0.688,0.8966
195,B0FV5KFHY6,Apple iPhone Air,Apple,battery,15,10,3,28,0.7143,0.7069,0.9032
196,B0G452R3QK,Apple iPhone Air,Apple,battery,15,10,3,28,0.7143,0.7069,0.9032
197,B0FV5JT62M,Apple iPhone Air,Apple,battery,15,10,3,28,0.7143,0.7069,0.9032
198,B0FV5GJLXQ,Apple iPhone Air,Apple,battery,15,10,3,28,0.7143,0.7069,0.9032
194,B0G4578S5F,Apple iPhone Air,Apple,camera,6,4,2,12,0.6667,0.6729,0.8
195,B0FV5KFHY6,Apple iPhone Air,Apple,camera,6,4,2,12,0.6667,0.6729,0.8
196,B0G452R3QK,Apple iPhone Air,Apple,camera,6,4,2,12,0.6667,0.6729,0.8
197,B0FV5JT62M,Apple iPhone Air,Apple,camera,6,4,2,12,0.6667,0.6729,0.8
198,B0FV5GJLXQ,Apple iPhone Air,Apple,camera,6,4,2,12,0.6667,0.6729,0.8
194,B0G4578S5F,Apple iPhone Air,Apple,design,5,7,0,12,0.7083,0.7271,0.8
195,B0FV5KFHY6,Apple iPhone Air,Apple,design,6,7,0,13,0.7308,0.7423,0.8125
196,B0G452R3QK,Apple iPhone Air,Apple,design,6,7,0,13,0.7308,0.7423,0.8125
197,B0FV5JT62M,Apple iPhone Air,Apple,design,6,7,0,13,0.7308,0.7423,0.8125
198,B0FV5GJLXQ,Apple iPhone Air,Apple,design,6,7,0,13,0.7308,0.7423,0.8125
194,B0G4578S5F,Apple iPhone Air,Apple,display,4,3,2,9,0.6111,0.6213,0.75
195,B0FV5KFHY6,Apple iPhone Air,Apple,display,4,4,2,10,0.6,0.6133,0.7692
196,B0G452R3QK,Apple iPhone Air,Apple,display,4,4,2,10,0.6,0.6133,0.7692
197,B0FV5JT62M,Apple iPhone Air,Apple,display,4,4,2,10,0.6,0.6133,0.7692
198,B0FV5GJLXQ,Apple iPhone Air,Apple,display,4,4,2,10,0.6,0.6133,0.7692
194,B0G4578S5F,Apple iPhone Air,Apple,performance,4,0,1,5,0.8,0.748,0.625
195,B0FV5KFHY6,Apple iPhone Air,Apple,performance,4,0,1,5,0.8,0.748,0.625
196,B0G452R3QK,Apple iPhone Air,Apple,performance,4,0,1,5,0.8,0.748,0.625
197,B0FV5JT62M,Apple iPhone Air,Apple,performance,4,0,1,5,0.8,0.748,0.625
198,B0FV5GJLXQ,Apple iPhone Air,Apple,performance,4,0,1,5,0.8,0.748,0.625
194,B0G4578S5F,Apple iPhone Air,Apple,price,4,0,0,4,1.0,0.8886,0.5714
195,B0FV5KFHY6,Apple iPhone Air,Apple,price,8,0,0,8,1.0,0.9229,0.7273
196,B0G452R3QK,Apple iPhone Air,Apple,price,8,0,0,8,1.0,0.9229,0.7273
197,B0FV5JT62M,Apple iPhone Air,Apple,price,8,0,0,8,1.0,0.9229,0.7273
198,B0FV5GJLXQ,Apple iPhone Air,Apple,price,8,0,0,8,1.0,0.9229,0.7273
28,B0GS6Q14K2,Apple iPhone SE,Apple,battery,13,30,7,50,0.56,0.5696,0.9434
216,B08FG7X36T,Apple iPhone SE,Apple,battery,0,3,0,3,0.5,0.6035,0.5
220,B08R96NPLY,Apple iPhone SE,Apple,battery,0,5,0,5,0.5,0.5828,0.625
28,B0GS6Q14K2,Apple iPhone SE,Apple,camera,0,4,0,4,0.5,0.6044,0.5714
28,B0GS6Q14K2,Apple iPhone SE,Apple,design,2,2,0,4,0.75,0.7623,0.5714
28,B0GS6Q14K2,Apple iPhone SE,Apple,display,3,6,0,9,0.6667,0.6571,0.75
28,B0GS6Q14K2,Apple iPhone SE,Apple,performance,3,1,0,4,0.875,0.7756,0.5714
216,B08FG7X36T,Apple iPhone SE,Apple,performance,0,1,0,1,0.5,0.6633,0.25
28,B0GS6Q14K2,Apple iPhone SE,Apple,price,17,6,0,23,0.8696,0.8571,0.8846
216,B08FG7X36T,Apple iPhone SE,Apple,price,0,1,0,1,0.5,0.7496,0.25
27,B088NMH5KL,Apple iPhone SE 2nd Generation,Apple,battery,7,11,2,20,0.625,0.6331,0.8696
29,B088NNN221,Apple iPhone SE 2nd Generation,Apple,battery,13,30,7,50,0.56,0.5696,0.9434
30,B088NQXD8T,Apple iPhone SE 2nd Generation,Apple,battery,7,11,2,20,0.625,0.6331,0.8696
27,B088NMH5KL,Apple iPhone SE 2nd Generation,Apple,camera,0,2,0,2,0.5,0.6343,0.4
29,B088NNN221,Apple iPhone SE 2nd Generation,Apple,camera,0,4,0,4,0.5,0.6044,0.5714
30,B088NQXD8T,Apple iPhone SE 2nd Generation,Apple,camera,0,2,0,2,0.5,0.6343,0.4
27,B088NMH5KL,Apple iPhone SE 2nd Generation,Apple,design,2,1,0,3,0.8333,0.7951,0.5
29,B088NNN221,Apple iPhone SE 2nd Generation,Apple,design,2,2,0,4,0.75,0.7623,0.5714
30,B088NQXD8T,Apple iPhone SE 2nd Generation,Apple,design,2,1,0,3,0.8333,0.7951,0.5
27,B088NMH5KL,Apple iPhone SE 2nd Generation,Apple,display,2,4,0,6,0.6667,0.6544,0.6667
29,B088NNN221,Apple iPhone SE 2nd Generation,Apple,display,3,6,0,9,0.6667,0.6571,0.75
30,B088NQXD8T,Apple iPhone SE 2nd Generation,Apple,display,2,4,0,6,0.6667,0.6544,0.6667
27,B088NMH5KL,Apple iPhone SE 2nd Generation,Apple,performance,2,0,0,2,1.0,0.7829,0.4
29,B088NNN221,Apple iPhone SE 2nd Generation,Apple,performance,3,1,0,4,0.875,0.7756,0.5714
30,B088NQXD8T,Apple iPhone SE 2nd Generation,Apple,performance,2,0,0,2,1.0,0.7829,0.4
27,B088NMH5KL,Apple iPhone SE 2nd Generation,Apple,price,11,5,0,16,0.8438,0.8332,0.8421
29,B088NNN221,Apple iPhone SE 2nd Generation,Apple,price,17,6,0,23,0.8696,0.8571,0.8846
30,B088NQXD8T,Apple iPhone SE 2nd Generation,Apple,price,11,5,0,16,0.8438,0.8332,0.8421
88,B0DNN5L9Q6,Apple iPhone SE 3rd Gen,Apple,battery,8,21,4,33,0.5606,0.5744,0.9167
89,B0BDY71GRG,Apple iPhone SE 3rd Gen,Apple,battery,5,9,0,14,0.6786,0.6752,0.8235
90,B0DNN418MY,Apple iPhone SE 3rd Gen,Apple,battery,8,21,4,33,0.5606,0.5744,0.9167
88,B0DNN5L9Q6,Apple iPhone SE 3rd Gen,Apple,camera,2,0,0,2,1.0,0.7771,0.4
89,B0BDY71GRG,Apple iPhone SE 3rd Gen,Apple,camera,1,0,0,1,1.0,0.74,0.25
90,B0DNN418MY,Apple iPhone SE 3rd Gen,Apple,camera,2,0,0,2,1.0,0.7771,0.4
88,B0DNN5L9Q6,Apple iPhone SE 3rd Gen,Apple,design,11,9,1,21,0.7381,0.7446,0.875
89,B0BDY71GRG,Apple iPhone SE 3rd Gen,Apple,design,1,6,0,7,0.5714,0.6551,0.7
90,B0DNN418MY,Apple iPhone SE 3rd Gen,Apple,design,11,9,1,21,0.7381,0.7446,0.875
88,B0DNN5L9Q6,Apple iPhone SE 3rd Gen,Apple,display,4,5,0,9,0.7222,0.6928,0.75
89,B0BDY71GRG,Apple iPhone SE 3rd Gen,Apple,display,1,3,0,4,0.625,0.6332,0.5714
90,B0DNN418MY,Apple iPhone SE 3rd Gen,Apple,display,4,5,0,9,0.7222,0.6928,0.75
88,B0DNN5L9Q6,Apple iPhone SE 3rd Gen,Apple,performance,5,0,0,5,1.0,0.848,0.625
89,B0BDY71GRG,Apple iPhone SE 3rd Gen,Apple,performance,5,0,0,5,1.0,0.848,0.625
90,B0DNN418MY,Apple iPhone SE 3rd Gen,Apple,performance,5,0,0,5,1.0,0.848,0.625
88,B0DNN5L9Q6,Apple iPhone SE 3rd Gen,Apple,price,13,3,0,16,0.9062,0.8808,0.8421
89,B0BDY71GRG,Apple iPhone SE 3rd Gen,Apple,price,10,2,0,12,0.9167,0.8822,0.8
90,B0DNN418MY,Apple iPhone SE 3rd Gen,Apple,price,13,3,0,16,0.9062,0.8808,0.8421
7,B07N9HM41P,Apple iPhone XR,Apple,battery,8,4,2,14,0.7143,0.7015,0.8235
8,B07P6Y8L3F,Apple iPhone XR,Apple,battery,14,11,6,31,0.629,0.6341,0.9118
9,B07P83C2RD,Apple iPhone XR,Apple,battery,14,11,6,31,0.629,0.6341,0.9118
10,B09LJ1GK6V,Apple iPhone XR,Apple,battery,13,10,6,29,0.6207,0.6273,0.9062
11,B07P6Y7YQ2,Apple iPhone XR,Apple,battery,13,10,6,29,0.6207,0.6273,0.9062
144,B07N9GFRK8,Apple iPhone XR,Apple,battery,4,5,0,9,0.7222,0.702,0.75
158,B07N9LYSMY,Apple iPhone XR,Apple,battery,1,0,0,1,1.0,0.7214,0.25
169,B07N9N5NK3,Apple iPhone XR,Apple,battery,1,2,0,3,0.6667,0.666,0.5
183,B07N9MDR6R,Apple iPhone XR,Apple,battery,3,4,0,7,0.7143,0.694,0.7
7,B07N9HM41P,Apple iPhone XR,Apple,camera,4,7,1,12,0.625,0.6435,0.8
8,B07P6Y8L3F,Apple iPhone XR,Apple,camera,6,8,2,16,0.625,0.64,0.8421
9,B07P83C2RD,Apple iPhone XR,Apple,camera,6,8,2,16,0.625,0.64,0.8421
10,B09LJ1GK6V,Apple iPhone XR,Apple,camera,6,8,2,16,0.625,0.64,0.8421
11,B07P6Y7YQ2,Apple iPhone XR,Apple,camera,6,8,2,16,0.625,0.64,0.8421
144,B07N9GFRK8,Apple iPhone XR,Apple,camera,1,1,0,2,0.75,0.7057,0.4
158,B07N9LYSMY,Apple iPhone XR,Apple,camera,1,0,0,1,1.0,0.74,0.25
169,B07N9N5NK3,Apple iPhone XR,Apple,camera,2,0,0,2,1.0,0.7771,0.4
7,B07N9HM41P,Apple iPhone XR,Apple,design,6,1,0,7,0.9286,0.8634,0.7
8,B07P6Y8L3F,Apple iPhone XR,Apple,design,6,3,1,10,0.75,0.7574,0.7692
9,B07P83C2RD,Apple iPhone XR,Apple,design,6,3,1,10,0.75,0.7574,0.7692
10,B09LJ1GK6V,Apple iPhone XR,Apple,design,4,3,1,8,0.6875,0.72,0.7273
11,B07P6Y7YQ2,Apple iPhone XR,Apple,design,4,3,1,8,0.6875,0.72,0.7273
144,B07N9GFRK8,Apple iPhone XR,Apple,design,2,2,0,4,0.75,0.7623,0.5714
169,B07N9N5NK3,Apple iPhone XR,Apple,design,1,0,0,1,1.0,0.8101,0.25
183,B07N9MDR6R,Apple iPhone XR,Apple,design,2,1,0,3,0.8333,0.7951,0.5
7,B07N9HM41P,Apple iPhone XR,Apple,display,4,5,0,9,0.7222,0.6928,0.75
8,B07P6Y8L3F,Apple iPhone XR,Apple,display,7,9,2,18,0.6389,0.6391,0.8571
9,B07P83C2RD,Apple iPhone XR,Apple,display,7,9,2,18,0.6389,0.6391,0.8571
10,B09LJ1GK6V,Apple iPhone XR,Apple,display,8,8,2,18,0.6667,0.6608,0.8571
11,B07P6Y7YQ2,Apple iPhone XR,Apple,display,8,8,2,18,0.6667,0.6608,0.8571
144,B07N9GFRK8,Apple iPhone XR,Apple,display,0,2,0,2,0.5,0.5998,0.4
158,B07N9LYSMY,Apple iPhone XR,Apple,display,2,0,0,2,1.0,0.7427,0.4
169,B07N9N5NK3,Apple iPhone XR,Apple,display,1,2,0,3,0.6667,0.6499,0.5
183,B07N9MDR6R,Apple iPhone XR,Apple,display,0,1,1,2,0.25,0.5284,0.4
7,B07N9HM41P,Apple iPhone XR,Apple,performance,1,0,0,1,1.0,0.7467,0.25
8,B07P6Y8L3F,Apple iPhone XR,Apple,performance,8,3,0,11,0.8636,0.8113,0.7857
9,B07P83C2RD,Apple iPhone XR,Apple,performance,8,3,0,11,0.8636,0.8113,0.7857
10,B09LJ1GK6V,Apple iPhone XR,Apple,performance,9,4,2,15,0.7333,0.724,0.8333
11,B07P6Y7YQ2,Apple iPhone XR,Apple,performance,9,4,2,15,0.7333,0.724,0.8333
144,B07N9GFRK8,Apple iPhone XR,Apple,performance,1,0,0,1,1.0,0.7467,0.25
158,B07N9LYSMY,Apple iPhone XR,Apple,performance,0,0,1,1,0.0,0.58,0.25
169,B07N9N5NK3,Apple iPhone XR,Apple,performance,1,0,0,1,1.0,0.7467,0.25
7,B07N9HM41P,Apple iPhone XR,Apple,price,3,1,2,6,0.5833,0.6816,0.6667
8,B07P6Y8L3F,Apple iPhone XR,Apple,price,10,4,3,17,0.7059,0.7272,0.85
9,B07P83C2RD,Apple iPhone XR,Apple,price,10,4,3,17,0.7059,0.7272,0.85
10,B09LJ1GK6V,Apple iPhone XR,Apple,price,11,5,3,19,0.7105,0.7291,0.8636
11,B07P6Y7YQ2,Apple iPhone XR,Apple,price,11,5,3,19,0.7105,0.7291,0.8636
144,B07N9GFRK8,Apple iPhone XR,Apple,price,5,2,0,7,0.8571,0.8332,0.7
158,B07N9LYSMY,Apple iPhone XR,Apple,price,6,0,0,6,1.0,0.9089,0.6667
169,B07N9N5NK3,Apple iPhone XR,Apple,price,2,1,0,3,0.8333,0.8122,0.5
183,B07N9MDR6R,Apple iPhone XR,Apple,price,1,2,1,4,0.5,0.6664,0.5714
41,B0GRHD6FGJ,Apple iPhone XS,Apple,battery,8,15,4,27,0.5741,0.5884,0.9
72,B07K4V35TJ,Apple iPhone XS,Apple,battery,3,10,2,15,0.5333,0.5664,0.8333
208,B07RSZG825,Apple iPhone XS,Apple,battery,2,1,0,3,0.8333,0.7285,0.5
211,B07XPC2PNG,Apple iPhone XS,Apple,battery,2,3,0,5,0.7,0.6828,0.625
41,B0GRHD6FGJ,Apple iPhone XS,Apple,camera,5,2,0,7,0.8571,0.7867,0.7
72,B07K4V35TJ,Apple iPhone XS,Apple,camera,2,1,0,3,0.8333,0.7425,0.5
208,B07RSZG825,Apple iPhone XS,Apple,camera,0,0,1,1,0.0,0.5733,0.25
41,B0GRHD6FGJ,Apple iPhone XS,Apple,design,3,0,0,3,1.0,0.8576,0.5
72,B07K4V35TJ,Apple iPhone XS,Apple,design,4,0,0,4,1.0,0.8734,0.5714
41,B0GRHD6FGJ,Apple iPhone XS,Apple,display,2,5,1,8,0.5625,0.5922,0.7273
72,B07K4V35TJ,Apple iPhone XS,Apple,display,1,0,1,2,0.5,0.5998,0.4
208,B07RSZG825,Apple iPhone XS,Apple,display,1,1,0,2,0.75,0.6713,0.4
41,B0GRHD6FGJ,Apple iPhone XS,Apple,performance,6,0,1,7,0.8571,0.79,0.7
72,B07K4V35TJ,Apple iPhone XS,Apple,performance,4,0,0,4,1.0,0.8311,0.5714
211,B07XPC2PNG,Apple iPhone XS,Apple,performance,2,0,0,2,1.0,0.7829,0.4
41,B0GRHD6FGJ,Apple iPhone XS,Apple,price,6,2,4,12,0.5833,0.6469,0.8
72,B07K4V35TJ,Apple iPhone XS,Apple,price,6,0,0,6,1.0,0.9089,0.6667
208,B07RSZG825,Apple iPhone XS,Apple,price,1,0,1,2,0.5,0.714,0.4
211,B07XPC2PNG,Apple iPhone XS,Apple,price,3,0,0,3,1.0,0.8747,0.5
56,B07K8RNW7H,Apple iPhone XS Max,Apple,battery,9,17,2,28,0.625,0.6312,0.9032
57,B07K8TVZ3J,Apple iPhone XS Max,Apple,battery,3,9,1,13,0.5769,0.6016,0.8125
100,B07N9MDR5B,Apple iPhone Xs Max,Apple,battery,9,5,0,14,0.8214,0.7804,0.8235
56,B07K8RNW7H,Apple iPhone XS Max,Apple,camera,4,3,0,7,0.7857,0.745,0.7
57,B07K8TVZ3J,Apple iPhone XS Max,Apple,camera,2,3,0,5,0.7,0.694,0.625
100,B07N9MDR5B,Apple iPhone Xs Max,Apple,camera,1,1,0,2,0.75,0.7057,0.4
56,B07K8RNW7H,Apple iPhone XS Max,Apple,design,5,3,0,8,0.8125,0.797,0.7273
57,B07K8TVZ3J,Apple iPhone XS Max,Apple,design,1,2,0,3,0.6667,0.7326,0.5
100,B07N9MDR5B,Apple iPhone Xs Max,Apple,design,0,1,0,1,0.5,0.7268,0.25
56,B07K8RNW7H,Apple iPhone XS Max,Apple,display,7,17,3,27,0.5741,0.5843,0.9
57,B07K8TVZ3J,Apple iPhone XS Max,Apple,display,4,14,2,20,0.55,0.568,0.8696
100,B07N9MDR5B,Apple iPhone Xs Max,Apple,display,2,3,1,6,0.5833,0.609,0.6667
56,B07K8RNW7H,Apple iPhone XS Max,Apple,performance,7,2,0,9,0.8889,0.82,0.75
57,B07K8TVZ3J,Apple iPhone XS Max,Apple,performance,4,1,0,5,0.9,0.798,0.625
100,B07N9MDR5B,Apple iPhone Xs Max,Apple,performance,1,1,1,3,0.5,0.6225,0.5
56,B07K8RNW7H,Apple iPhone XS Max,Apple,price,3,8,2,13,0.5385,0.611,0.8125
57,B07K8TVZ3J,Apple iPhone XS Max,Apple,price,3,7,1,11,0.5909,0.6561,0.7857
100,B07N9MDR5B,Apple iPhone Xs Max,Apple,price,2,0,0,2,1.0,0.8568,0.4
207,B0D3F7RVMM,AT&T Prepaid Apple iPhone X,AT&T Prepaid,battery,2,1,2,5,0.5,0.5828,0.625
207,B0D3F7RVMM,AT&T Prepaid Apple iPhone X,AT&T Prepaid,display,0,1,0,1,0.5,0.6165,0.25
207,B0D3F7RVMM,AT&T Prepaid Apple iPhone X,AT&T Prepaid,performance,0,1,0,1,0.5,0.6633,0.25
207,B0D3F7RVMM,AT&T Prepaid Apple iPhone X,AT&T Prepaid,price,4,1,0,5,0.9,0.8498,0.625
91,B09SYSMCX6,Google Pixel 6 5G,Google,battery,3,8,2,13,0.5385,0.5738,0.8125
92,B0HD1NTQ64,Google Pixel 6 5G,Google,battery,5,19,6,30,0.4833,0.5094,0.9091
91,B09SYSMCX6,Google Pixel 6 5G,Google,camera,7,5,0,12,0.7917,0.7612,0.8
92,B0HD1NTQ64,Google Pixel 6 5G,Google,camera,9,7,0,16,0.7812,0.759,0.8421
91,B09SYSMCX6,Google Pixel 6 5G,Google,design,1,0,0,1,1.0,0.8101,0.25
92,B0HD1NTQ64,Google Pixel 6 5G,Google,design,3,2,1,6,0.6667,0.7146,0.6667
91,B09SYSMCX6,Google Pixel 6 5G,Google,display,3,4,3,10,0.5,0.5466,0.7692
92,B0HD1NTQ64,Google Pixel 6 5G,Google,display,4,9,4,17,0.5,0.5318,0.85
91,B09SYSMCX6,Google Pixel 6 5G,Google,performance,2,2,3,7,0.4286,0.54,0.7
92,B0HD1NTQ64,Google Pixel 6 5G,Google,performance,4,3,4,11,0.5,0.5613,0.7857
91,B09SYSMCX6,Google Pixel 6 5G,Google,price,4,0,3,7,0.5714,0.6665,0.7
92,B0HD1NTQ64,Google Pixel 6 5G,Google,price,8,2,4,14,0.6429,0.6841,0.8235
104,B0HCZD65TV,Google Pixel 6 Pro 5G,Google,battery,15,13,3,31,0.6935,0.6897,0.9118
104,B0HCZD65TV,Google Pixel 6 Pro 5G,Google,camera,21,16,6,43,0.6744,0.6758,0.9348
104,B0HCZD65TV,Google Pixel 6 Pro 5G,Google,design,9,2,4,15,0.6667,0.693,0.8333
104,B0HCZD65TV,Google Pixel 6 Pro 5G,Google,display,16,28,4,48,0.625,0.6264,0.9412
104,B0HCZD65TV,Google Pixel 6 Pro 5G,Google,performance,12,1,6,19,0.6579,0.6658,0.8636
104,B0HCZD65TV,Google Pixel 6 Pro 5G,Google,price,4,10,0,14,0.6429,0.6841,0.8235
191,B0HCZFRYWP,Google Pixel 6a,Google,battery,1,2,5,8,0.25,0.4099,0.7273
190,B0BYB5KJVC,Google Pixel 6a,Google,camera,2,0,0,2,1.0,0.7771,0.4
191,B0HCZFRYWP,Google Pixel 6a,Google,camera,2,2,0,4,0.75,0.7156,0.5714
190,B0BYB5KJVC,Google Pixel 6a,Google,design,2,0,0,2,1.0,0.8372,0.4
191,B0HCZFRYWP,Google Pixel 6a,Google,design,2,0,0,2,1.0,0.8372,0.4
191,B0HCZFRYWP,Google Pixel 6a,Google,display,0,4,0,4,0.5,0.5777,0.5714
190,B0BYB5KJVC,Google Pixel 6a,Google,performance,2,0,0,2,1.0,0.7829,0.4
191,B0HCZFRYWP,Google Pixel 6a,Google,performance,2,0,0,2,1.0,0.7829,0.4
190,B0BYB5KJVC,Google Pixel 6a,Google,price,5,2,1,8,0.75,0.7691,0.7273
191,B0HCZFRYWP,Google Pixel 6a,Google,price,5,2,1,8,0.75,0.7691,0.7273
112,B0HCVL36W2,Google Pixel 7 Pro,Google,battery,7,11,3,21,0.5952,0.6088,0.875
112,B0HCVL36W2,Google Pixel 7 Pro,Google,camera,16,16,4,36,0.6667,0.6693,0.9231
112,B0HCVL36W2,Google Pixel 7 Pro,Google,design,5,6,0,11,0.7273,0.7413,0.7857
112,B0HCVL36W2,Google Pixel 7 Pro,Google,display,13,7,5,25,0.66,0.6566,0.8929
112,B0HCVL36W2,Google Pixel 7 Pro,Google,performance,11,1,2,14,0.8214,0.7884,0.8235
112,B0HCVL36W2,Google Pixel 7 Pro,Google,price,9,1,1,11,0.8636,0.8436,0.7857
111,B0BKDTVR8B,Google Pixel 7 Pro 5G,Google,battery,4,6,2,12,0.5833,0.6075,0.8
111,B0BKDTVR8B,Google Pixel 7 Pro 5G,Google,camera,16,13,2,31,0.7258,0.7206,0.9118
111,B0BKDTVR8B,Google Pixel 7 Pro 5G,Google,design,4,4,0,8,0.75,0.7585,0.7273
111,B0BKDTVR8B,Google Pixel 7 Pro 5G,Google,display,9,6,4,19,0.6316,0.6333,0.8636
111,B0BKDTVR8B,Google Pixel 7 Pro 5G,Google,performance,10,1,2,13,0.8077,0.7767,0.8125
111,B0BKDTVR8B,Google Pixel 7 Pro 5G,Google,price,7,1,1,9,0.8333,0.8213,0.75
150,B0CVYKL34H,Google Pixel 8 5G,Google,battery,6,6,1,13,0.6923,0.6849,0.8125
151,B0CVYN196L,Google Pixel 8 5G,Google,battery,10,8,1,19,0.7368,0.722,0.8636
152,B0HCZGPXKK,Google Pixel 8 5G,Google,battery,10,8,1,19,0.7368,0.722,0.8636
150,B0CVYKL34H,Google Pixel 8 5G,Google,camera,3,3,2,8,0.5625,0.6108,0.7273
151,B0CVYN196L,Google Pixel 8 5G,Google,camera,4,4,2,10,0.6,0.6293,0.7692
152,B0HCZGPXKK,Google Pixel 8 5G,Google,camera,4,4,2,10,0.6,0.6293,0.7692
150,B0CVYKL34H,Google Pixel 8 5G,Google,design,0,0,2,2,0.0,0.5515,0.4
151,B0CVYN196L,Google Pixel 8 5G,Google,design,0,0,2,2,0.0,0.5515,0.4
152,B0HCZGPXKK,Google Pixel 8 5G,Google,design,0,0,2,2,0.0,0.5515,0.4
150,B0CVYKL34H,Google Pixel 8 5G,Google,display,3,3,2,8,0.5625,0.5922,0.7273
151,B0CVYN196L,Google Pixel 8 5G,Google,display,3,10,4,17,0.4706,0.509,0.85
152,B0HCZGPXKK,Google Pixel 8 5G,Google,display,3,10,4,17,0.4706,0.509,0.85
150,B0CVYKL34H,Google Pixel 8 5G,Google,performance,2,2,2,6,0.5,0.5891,0.6667
151,B0CVYN196L,Google Pixel 8 5G,Google,performance,5,2,2,9,0.6667,0.6771,0.75
152,B0HCZGPXKK,Google Pixel 8 5G,Google,performance,5,2,2,9,0.6667,0.6771,0.75
150,B0CVYKL34H,Google Pixel 8 5G,Google,price,3,0,0,3,1.0,0.8747,0.5
151,B0CVYN196L,Google Pixel 8 5G,Google,price,5,2,0,7,0.8571,0.8332,0.7
152,B0HCZGPXKK,Google Pixel 8 5G,Google,price,5,2,0,7,0.8571,0.8332,0.7
148,B0G2CW7QS7,Google Pixel 8 Pro,Google,battery,7,6,2,15,0.6667,0.6664,0.8333
176,B0CVYT2WYZ,Google Pixel 8 Pro,Google,battery,3,2,2,7,0.5714,0.6107,0.7
148,B0G2CW7QS7,Google Pixel 8 Pro,Google,camera,3,4,0,7,0.7143,0.7033,0.7
176,B0CVYT2WYZ,Google Pixel 8 Pro,Google,camera,5,3,2,10,0.65,0.6627,0.7692
148,B0G2CW7QS7,Google Pixel 8 Pro,Google,design,0,3,0,3,0.5,0.6701,0.5
176,B0CVYT2WYZ,Google Pixel 8 Pro,Google,design,1,0,0,1,1.0,0.8101,0.25
148,B0G2CW7QS7,Google Pixel 8 Pro,Google,display,2,10,0,12,0.5833,0.5999,0.8
176,B0CVYT2WYZ,Google Pixel 8 Pro,Google,display,2,6,1,9,0.5556,0.5856,0.75
148,B0G2CW7QS7,Google Pixel 8 Pro,Google,performance,3,1,2,6,0.5833,0.6345,0.6667
176,B0CVYT2WYZ,Google Pixel 8 Pro,Google,performance,0,0,1,1,0.0,0.58,0.25
148,B0G2CW7QS7,Google Pixel 8 Pro,Google,price,5,2,1,8,0.75,0.7691,0.7273
176,B0CVYT2WYZ,Google Pixel 8 Pro,Google,price,2,0,0,2,1.0,0.8568,0.4
180,B0DCGQQ4Z7,Google Pixel 8a 5G,Google,battery,3,4,2,9,0.5556,0.5949,0.75
181,B0HD1BLP24,Google Pixel 8a 5G,Google,battery,2,4,2,8,0.5,0.5637,0.7273
180,B0DCGQQ4Z7,Google Pixel 8a 5G,Google,camera,5,4,1,10,0.7,0.696,0.7692
181,B0HD1BLP24,Google Pixel 8a 5G,Google,camera,5,4,1,10,0.7,0.696,0.7692
180,B0DCGQQ4Z7,Google Pixel 8a 5G,Google,design,7,4,1,12,0.75,0.7565,0.8
181,B0HD1BLP24,Google Pixel 8a 5G,Google,design,5,3,1,9,0.7222,0.74,0.75
180,B0DCGQQ4Z7,Google Pixel 8a 5G,Google,display,5,6,0,11,0.7273,0.6999,0.7857
181,B0HD1BLP24,Google Pixel 8a 5G,Google,display,5,5,0,10,0.75,0.7133,0.7692
180,B0DCGQQ4Z7,Google Pixel 8a 5G,Google,performance,3,2,2,7,0.5714,0.6233,0.7
181,B0HD1BLP24,Google Pixel 8a 5G,Google,performance,3,2,2,7,0.5714,0.6233,0.7
180,B0DCGQQ4Z7,Google Pixel 8a 5G,Google,price,7,4,0,11,0.8182,0.8124,0.7857
181,B0HD1BLP24,Google Pixel 8a 5G,Google,price,7,3,0,10,0.85,0.8332,0.7692
163,B0HCVP7HHL,Google Pixel 9 Pro XL,Google,battery,5,4,0,9,0.7778,0.7377,0.75
163,B0HCVP7HHL,Google Pixel 9 Pro XL,Google,camera,2,4,0,6,0.6667,0.6764,0.6667
163,B0HCVP7HHL,Google Pixel 9 Pro XL,Google,design,5,3,0,8,0.8125,0.797,0.7273
163,B0HCVP7HHL,Google Pixel 9 Pro XL,Google,display,7,6,3,16,0.625,0.6285,0.8421
163,B0HCVP7HHL,Google Pixel 9 Pro XL,Google,performance,2,2,0,4,0.75,0.72,0.5714
163,B0HCVP7HHL,Google Pixel 9 Pro XL,Google,price,7,2,0,9,0.8889,0.857,0.75
162,B0DKGC24L6,Google Pixel 9 Pro XL 5G,Google,battery,4,3,0,7,0.7857,0.7357,0.7
162,B0DKGC24L6,Google Pixel 9 Pro XL 5G,Google,camera,2,1,0,3,0.8333,0.7425,0.5
162,B0DKGC24L6,Google Pixel 9 Pro XL 5G,Google,design,3,1,0,4,0.875,0.8178,0.5714
162,B0DKGC24L6,Google Pixel 9 Pro XL 5G,Google,display,4,2,0,6,0.8333,0.7454,0.6667
162,B0DKGC24L6,Google Pixel 9 Pro XL 5G,Google,performance,1,2,0,3,0.6667,0.685,0.5
162,B0DKGC24L6,Google Pixel 9 Pro XL 5G,Google,price,5,2,0,7,0.8571,0.8332,0.7
145,B07WSXH2W2,Motorola Moto E5,Motorola,battery,7,5,0,12,0.7917,0.7546,0.8
145,B07WSXH2W2,Motorola Moto E5,Motorola,camera,3,7,1,11,0.5909,0.6212,0.7857
145,B07WSXH2W2,Motorola Moto E5,Motorola,design,3,0,1,4,0.75,0.7623,0.5714
145,B07WSXH2W2,Motorola Moto E5,Motorola,display,4,1,0,5,0.9,0.7699,0.625
145,B07WSXH2W2,Motorola Moto E5,Motorola,performance,3,1,0,4,0.875,0.7756,0.5714
145,B07WSXH2W2,Motorola Moto E5,Motorola,price,10,3,2,15,0.7667,0.7749,0.8333
140,B0FWV8G59C,Motorola Moto g,Motorola,battery,10,5,0,15,0.8333,0.7914,0.8333
141,B0DNRK51QQ,Motorola Moto G,Motorola,battery,8,2,0,10,0.9,0.8219,0.7692
142,B0HG33WMGK,Motorola Moto G,Motorola,battery,10,5,0,15,0.8333,0.7914,0.8333
140,B0FWV8G59C,Motorola Moto g,Motorola,camera,5,1,1,7,0.7857,0.745,0.7
141,B0DNRK51QQ,Motorola Moto G,Motorola,camera,5,1,0,6,0.9167,0.8127,0.6667
142,B0HG33WMGK,Motorola Moto G,Motorola,camera,5,1,1,7,0.7857,0.745,0.7
140,B0FWV8G59C,Motorola Moto g,Motorola,design,1,1,0,2,0.75,0.7658,0.4
141,B0DNRK51QQ,Motorola Moto G,Motorola,design,1,1,0,2,0.75,0.7658,0.4
142,B0HG33WMGK,Motorola Moto G,Motorola,design,1,1,0,2,0.75,0.7658,0.4
140,B0FWV8G59C,Motorola Moto g,Motorola,display,6,5,0,11,0.7727,0.7312,0.7857
141,B0DNRK51QQ,Motorola Moto G,Motorola,display,5,4,0,9,0.7778,0.7285,0.75
142,B0HG33WMGK,Motorola Moto G,Motorola,display,6,5,0,11,0.7727,0.7312,0.7857
140,B0FWV8G59C,Motorola Moto g,Motorola,performance,8,2,5,15,0.6,0.624,0.8333
141,B0DNRK51QQ,Motorola Moto G,Motorola,performance,8,1,0,9,0.9444,0.8557,0.75
142,B0HG33WMGK,Motorola Moto G,Motorola,performance,8,2,5,15,0.6,0.624,0.8333
140,B0FWV8G59C,Motorola Moto g,Motorola,price,12,1,2,15,0.8333,0.8249,0.8333
141,B0DNRK51QQ,Motorola Moto G,Motorola,price,10,0,0,10,1.0,0.9332,0.7692
142,B0HG33WMGK,Motorola Moto G,Motorola,price,12,1,2,15,0.8333,0.8249,0.8333
101,B0CWHXVLXG,Motorola Moto G 5G,Motorola,battery,13,22,1,36,0.6667,0.6665,0.9231
101,B0CWHXVLXG,Motorola Moto G 5G,Motorola,camera,15,15,2,32,0.7031,0.7011,0.9143
101,B0CWHXVLXG,Motorola Moto G 5G,Motorola,design,5,9,2,16,0.5938,0.6362,0.8421
101,B0CWHXVLXG,Motorola Moto G 5G,Motorola,display,13,10,0,23,0.7826,0.7571,0.8846
101,B0CWHXVLXG,Motorola Moto G 5G,Motorola,performance,21,11,1,33,0.803,0.7889,0.9167
101,B0CWHXVLXG,Motorola Moto G 5G,Motorola,price,28,12,3,43,0.7907,0.7916,0.9348
157,B0DCGQJ6ZC,Motorola Moto G 5G 2024,Motorola,battery,5,4,2,11,0.6364,0.6455,0.7857
157,B0DCGQJ6ZC,Motorola Moto G 5G 2024,Motorola,camera,2,4,0,6,0.6667,0.6764,0.6667
157,B0DCGQJ6ZC,Motorola Moto G 5G 2024,Motorola,design,2,2,0,4,0.75,0.7623,0.5714
157,B0DCGQJ6ZC,Motorola Moto G 5G 2024,Motorola,display,3,2,0,5,0.8,0.7199,0.625
157,B0DCGQJ6ZC,Motorola Moto G 5G 2024,Motorola,performance,3,4,1,8,0.625,0.6523,0.7273
157,B0DCGQJ6ZC,Motorola Moto G 5G 2024,Motorola,price,9,5,1,15,0.7667,0.7749,0.8333
134,B0CP6DDN1H,Motorola Moto G Play LTE,Motorola,battery,10,5,2,17,0.7353,0.7195,0.85
134,B0CP6DDN1H,Motorola Moto G Play LTE,Motorola,camera,12,12,5,29,0.6207,0.6306,0.9062
134,B0CP6DDN1H,Motorola Moto G Play LTE,Motorola,design,9,5,4,18,0.6389,0.6679,0.8571
134,B0CP6DDN1H,Motorola Moto G Play LTE,Motorola,display,15,12,2,29,0.7241,0.7117,0.9062
134,B0CP6DDN1H,Motorola Moto G Play LTE,Motorola,performance,15,13,3,31,0.6935,0.6939,0.9118
134,B0CP6DDN1H,Motorola Moto G Play LTE,Motorola,price,25,13,6,44,0.7159,0.7244,0.9362
102,B0DP5FW9QQ,Motorola Moto G Power,Motorola,battery,13,22,1,36,0.6667,0.6665,0.9231
102,B0DP5FW9QQ,Motorola Moto G Power,Motorola,camera,15,15,2,32,0.7031,0.7011,0.9143
102,B0DP5FW9QQ,Motorola Moto G Power,Motorola,design,5,9,2,16,0.5938,0.6362,0.8421
102,B0DP5FW9QQ,Motorola Moto G Power,Motorola,display,13,10,0,23,0.7826,0.7571,0.8846
102,B0DP5FW9QQ,Motorola Moto G Power,Motorola,performance,21,11,1,33,0.803,0.7889,0.9167
102,B0DP5FW9QQ,Motorola Moto G Power,Motorola,price,28,12,3,43,0.7907,0.7916,0.9348
126,B0D9927L49,Motorola Moto G Power 5G,Motorola,battery,18,22,6,46,0.6304,0.6339,0.9388
126,B0D9927L49,Motorola Moto G Power 5G,Motorola,camera,12,13,0,25,0.74,0.7313,0.8929
126,B0D9927L49,Motorola Moto G Power 5G,Motorola,design,3,1,1,5,0.7,0.7361,0.625
126,B0D9927L49,Motorola Moto G Power 5G,Motorola,display,11,7,2,20,0.725,0.708,0.8696
126,B0D9927L49,Motorola Moto G Power 5G,Motorola,performance,14,10,8,32,0.5938,0.6076,0.9143
126,B0D9927L49,Motorola Moto G Power 5G,Motorola,price,14,6,2,22,0.7727,0.7777,0.88
109,B0DXM9HDZJ,Motorola Moto G Stylus,Motorola,battery,10,10,2,22,0.6818,0.6788,0.88
109,B0DXM9HDZJ,Motorola Moto G Stylus,Motorola,camera,24,16,7,47,0.6809,0.6815,0.94
109,B0DXM9HDZJ,Motorola Moto G Stylus,Motorola,design,4,3,0,7,0.7857,0.7801,0.7
109,B0DXM9HDZJ,Motorola Moto G Stylus,Motorola,display,12,15,0,27,0.7222,0.7093,0.9
109,B0DXM9HDZJ,Motorola Moto G Stylus,Motorola,performance,8,4,2,14,0.7143,0.7095,0.8235
109,B0DXM9HDZJ,Motorola Moto G Stylus,Motorola,price,13,4,2,19,0.7895,0.7916,0.8636
110,B0FNS5XW5W,Motorola Moto G Stylus 5G,Motorola,battery,16,14,5,35,0.6571,0.6582,0.9211
110,B0FNS5XW5W,Motorola Moto G Stylus 5G,Motorola,camera,36,34,11,81,0.6543,0.6563,0.9643
110,B0FNS5XW5W,Motorola Moto G Stylus 5G,Motorola,design,7,6,0,13,0.7692,0.77,0.8125
110,B0FNS5XW5W,Motorola Moto G Stylus 5G,Motorola,display,25,18,0,43,0.7907,0.775,0.9348
110,B0FNS5XW5W,Motorola Moto G Stylus 5G,Motorola,performance,17,5,5,27,0.7222,0.7181,0.9
110,B0FNS5XW5W,Motorola Moto G Stylus 5G,Motorola,price,14,10,6,30,0.6333,0.6571,0.9091
206,B0FKTR57X7,Motorola Moto G Stylus 5G 2025,Motorola,battery,4,3,1,8,0.6875,0.6791,0.7273
206,B0FKTR57X7,Motorola Moto G Stylus 5G 2025,Motorola,camera,1,1,0,2,0.75,0.7057,0.4
206,B0FKTR57X7,Motorola Moto G Stylus 5G 2025,Motorola,design,2,3,0,5,0.7,0.7361,0.625
206,B0FKTR57X7,Motorola Moto G Stylus 5G 2025,Motorola,display,5,2,1,8,0.75,0.7076,0.7273
206,B0FKTR57X7,Motorola Moto G Stylus 5G 2025,Motorola,performance,3,2,0,5,0.8,0.748,0.625
206,B0FKTR57X7,Motorola Moto G Stylus 5G 2025,Motorola,price,13,0,0,13,1.0,0.9443,0.8125
164,B0C2XF43BD,Motorola razr,Motorola,battery,8,14,1,23,0.6522,0.6546,0.8846
165,B0D9C7HKPJ,Motorola razr,Motorola,battery,8,14,1,23,0.6522,0.6546,0.8846
164,B0C2XF43BD,Motorola razr,Motorola,camera,12,6,3,21,0.7143,0.7092,0.875
165,B0D9C7HKPJ,Motorola razr,Motorola,camera,12,6,3,21,0.7143,0.7092,0.875
164,B0C2XF43BD,Motorola razr,Motorola,design,5,6,0,11,0.7273,0.7413,0.7857
165,B0D9C7HKPJ,Motorola razr,Motorola,design,5,6,0,11,0.7273,0.7413,0.7857
164,B0C2XF43BD,Motorola razr,Motorola,display,20,27,4,51,0.6569,0.6553,0.9444
165,B0D9C7HKPJ,Motorola razr,Motorola,display,20,27,4,51,0.6569,0.6553,0.9444
164,B0C2XF43BD,Motorola razr,Motorola,performance,8,8,2,18,0.6667,0.673,0.8571
165,B0D9C7HKPJ,Motorola razr,Motorola,performance,8,8,2,18,0.6667,0.673,0.8571
164,B0C2XF43BD,Motorola razr,Motorola,price,6,5,0,11,0.7727,0.7811,0.7857
165,B0D9C7HKPJ,Motorola razr,Motorola,price,6,5,0,11,0.7727,0.7811,0.7857
166,B09S8MWLSG,OnePlus 10 Pro,OnePlus,battery,11,3,0,14,0.8929,0.8331,0.8235
166,B09S8MWLSG,OnePlus 10 Pro,OnePlus,camera,9,7,1,17,0.7353,0.7245,0.85
166,B09S8MWLSG,OnePlus 10 Pro,OnePlus,design,2,1,0,3,0.8333,0.7951,0.5
166,B09S8MWLSG,OnePlus 10 Pro,OnePlus,display,6,6,4,16,0.5625,0.5809,0.8421
166,B09S8MWLSG,OnePlus 10 Pro,OnePlus,performance,16,6,3,25,0.76,0.7493,0.8929
166,B09S8MWLSG,OnePlus 10 Pro,OnePlus,price,5,3,2,10,0.65,0.6999,0.7692
122,B0DPS62DYH,OnePlus 13R ROM + RAM,OnePlus,battery,5,0,0,5,1.0,0.8328,0.625
122,B0DPS62DYH,OnePlus 13R ROM + RAM,OnePlus,camera,7,5,7,19,0.5,0.5392,0.8636
122,B0DPS62DYH,OnePlus 13R ROM + RAM,OnePlus,design,3,1,1,5,0.7,0.7361,0.625
122,B0DPS62DYH,OnePlus 13R ROM + RAM,OnePlus,display,3,4,0,7,0.7143,0.6832,0.7
122,B0DPS62DYH,OnePlus 13R ROM + RAM,OnePlus,performance,11,0,3,14,0.7857,0.7621,0.8235
122,B0DPS62DYH,OnePlus 13R ROM + RAM,OnePlus,price,2,2,0,4,0.75,0.7775,0.5714
204,B0FSDPR9MD,OnePlus 15 Dual-SIM ROM + RAM,OnePlus,battery,1,0,0,1,1.0,0.7214,0.25
204,B0FSDPR9MD,OnePlus 15 Dual-SIM ROM + RAM,OnePlus,camera,1,0,0,1,1.0,0.74,0.25
204,B0FSDPR9MD,OnePlus 15 Dual-SIM ROM + RAM,OnePlus,performance,2,0,0,2,1.0,0.7829,0.4
189,B07XHJV7K2,OnePlus 7T Pro UK EU HD1913 Haze,OnePlus,battery,9,3,1,13,0.8077,0.7682,0.8125
189,B07XHJV7K2,OnePlus 7T Pro UK EU HD1913 Haze,OnePlus,camera,1,2,1,4,0.5,0.6044,0.5714
189,B07XHJV7K2,OnePlus 7T Pro UK EU HD1913 Haze,OnePlus,design,3,2,0,5,0.8,0.7861,0.625
189,B07XHJV7K2,OnePlus 7T Pro UK EU HD1913 Haze,OnePlus,display,7,5,0,12,0.7917,0.747,0.8
189,B07XHJV7K2,OnePlus 7T Pro UK EU HD1913 Haze,OnePlus,performance,5,1,0,6,0.9167,0.8164,0.6667
189,B07XHJV7K2,OnePlus 7T Pro UK EU HD1913 Haze,OnePlus,price,1,1,0,2,0.75,0.7854,0.4
146,B08Y727NMK,OnePlus 9 Winter Mist,OnePlus,battery,10,12,0,22,0.7273,0.7159,0.88
147,B0925KPJ73,OnePlus 9 Winter Mist,OnePlus,battery,10,13,2,25,0.66,0.6609,0.8929
146,B08Y727NMK,OnePlus 9 Winter Mist,OnePlus,camera,11,11,2,24,0.6875,0.6876,0.8889
147,B0925KPJ73,OnePlus 9 Winter Mist,OnePlus,camera,13,13,4,30,0.65,0.6554,0.9091
146,B08Y727NMK,OnePlus 9 Winter Mist,OnePlus,design,5,1,0,6,0.9167,0.851,0.6667
147,B0925KPJ73,OnePlus 9 Winter Mist,OnePlus,design,5,3,0,8,0.8125,0.797,0.7273
146,B08Y727NMK,OnePlus 9 Winter Mist,OnePlus,display,8,5,3,16,0.6562,0.6523,0.8421
147,B0925KPJ73,OnePlus 9 Winter Mist,OnePlus,display,9,9,4,22,0.6136,0.6185,0.88
146,B08Y727NMK,OnePlus 9 Winter Mist,OnePlus,performance,16,6,4,26,0.7308,0.7252,0.8966
147,B0925KPJ73,OnePlus 9 Winter Mist,OnePlus,performance,16,9,10,35,0.5857,0.5995,0.9211
146,B08Y727NMK,OnePlus 9 Winter Mist,OnePlus,price,5,5,0,10,0.75,0.7665,0.7692
147,B0925KPJ73,OnePlus 9 Winter Mist,OnePlus,price,5,5,1,11,0.6818,0.7186,0.7857
171,B094FBCB2K,Samsung Galaxy A12,Samsung,battery,1,0,0,1,1.0,0.7214,0.25
171,B094FBCB2K,Samsung Galaxy A12,Samsung,display,0,1,0,1,0.5,0.6165,0.25
171,B094FBCB2K,Samsung Galaxy A12,Samsung,performance,1,0,0,1,1.0,0.7467,0.25
171,B094FBCB2K,Samsung Galaxy A12,Samsung,price,1,1,0,2,0.75,0.7854,0.4
161,B0FCJMPV9X,Samsung Galaxy A16 5G,Samsung,battery,0,1,0,1,0.5,0.638,0.25
161,B0FCJMPV9X,Samsung Galaxy A16 5G,Samsung,camera,2,0,1,3,0.6667,0.68,0.5
161,B0FCJMPV9X,Samsung Galaxy A16 5G,Samsung,design,2,1,0,3,0.8333,0.7951,0.5
161,B0FCJMPV9X,Samsung Galaxy A16 5G,Samsung,display,2,3,2,7,0.5,0.5582,0.7
161,B0FCJMPV9X,Samsung Galaxy A16 5G,Samsung,performance,1,1,2,4,0.375,0.5533,0.5714
161,B0FCJMPV9X,Samsung Galaxy A16 5G,Samsung,price,8,7,1,16,0.7188,0.738,0.8421
170,B0967RGC2H,Samsung Galaxy A32 5G,Samsung,battery,2,2,0,4,0.75,0.7031,0.5714
170,B0967RGC2H,Samsung Galaxy A32 5G,Samsung,camera,0,1,0,1,0.5,0.6567,0.25
170,B0967RGC2H,Samsung Galaxy A32 5G,Samsung,display,2,3,2,7,0.5,0.5582,0.7
170,B0967RGC2H,Samsung Galaxy A32 5G,Samsung,performance,1,1,0,2,0.75,0.7114,0.4
170,B0967RGC2H,Samsung Galaxy A32 5G,Samsung,price,6,2,0,8,0.875,0.846,0.7273
192,B0FDDKNY2T,Samsung Galaxy A36 5G,Samsung,battery,4,1,0,5,0.9,0.7828,0.625
193,B0F5DVJP7Q,Samsung Galaxy A36 5G,Samsung,battery,4,1,0,5,0.9,0.7828,0.625
192,B0FDDKNY2T,Samsung Galaxy A36 5G,Samsung,camera,3,0,0,3,1.0,0.805,0.5
193,B0F5DVJP7Q,Samsung Galaxy A36 5G,Samsung,camera,3,0,0,3,1.0,0.805,0.5
192,B0FDDKNY2T,Samsung Galaxy A36 5G,Samsung,design,2,1,0,3,0.8333,0.7951,0.5
193,B0F5DVJP7Q,Samsung Galaxy A36 5G,Samsung,design,2,1,0,3,0.8333,0.7951,0.5
192,B0FDDKNY2T,Samsung Galaxy A36 5G,Samsung,display,3,0,0,3,1.0,0.7749,0.5
193,B0F5DVJP7Q,Samsung Galaxy A36 5G,Samsung,display,3,0,0,3,1.0,0.7749,0.5
192,B0FDDKNY2T,Samsung Galaxy A36 5G,Samsung,performance,1,2,0,3,0.6667,0.685,0.5
193,B0F5DVJP7Q,Samsung Galaxy A36 5G,Samsung,performance,1,2,0,3,0.6667,0.685,0.5
192,B0FDDKNY2T,Samsung Galaxy A36 5G,Samsung,price,6,2,0,8,0.875,0.846,0.7273
193,B0F5DVJP7Q,Samsung Galaxy A36 5G,Samsung,price,6,2,0,8,0.875,0.846,0.7273
99,B08B8Y5R4Y,Samsung Galaxy S20 5G,Samsung,battery,5,12,4,21,0.5238,0.5511,0.875
99,B08B8Y5R4Y,Samsung Galaxy S20 5G,Samsung,camera,4,1,2,7,0.6429,0.6617,0.7
99,B08B8Y5R4Y,Samsung Galaxy S20 5G,Samsung,design,3,4,1,8,0.625,0.6816,0.7273
99,B08B8Y5R4Y,Samsung Galaxy S20 5G,Samsung,display,6,6,2,14,0.6429,0.642,0.8235
99,B08B8Y5R4Y,Samsung Galaxy S20 5G,Samsung,performance,4,8,3,15,0.5333,0.574,0.8333
99,B08B8Y5R4Y,Samsung Galaxy S20 5G,Samsung,price,9,6,0,15,0.8,0.7999,0.8333
123,B08FRQMW31,Samsung Galaxy S20+ 5G,Samsung,battery,2,4,5,11,0.3636,0.458,0.7857
123,B08FRQMW31,Samsung Galaxy S20+ 5G,Samsung,camera,1,1,1,3,0.5,0.6175,0.5
123,B08FRQMW31,Samsung Galaxy S20+ 5G,Samsung,design,1,0,0,1,1.0,0.8101,0.25
123,B08FRQMW31,Samsung Galaxy S20+ 5G,Samsung,display,1,5,0,6,0.5833,0.609,0.6667
123,B08FRQMW31,Samsung Galaxy S20+ 5G,Samsung,performance,4,1,1,6,0.75,0.7255,0.6667
123,B08FRQMW31,Samsung Galaxy S20+ 5G,Samsung,price,3,1,1,5,0.7,0.7498,0.625
103,B09SHJGLNN,Samsung Galaxy S21 FE 5G,Samsung,battery,1,5,2,8,0.4375,0.5252,0.7273
103,B09SHJGLNN,Samsung Galaxy S21 FE 5G,Samsung,camera,4,0,0,4,1.0,0.8267,0.5714
103,B09SHJGLNN,Samsung Galaxy S21 FE 5G,Samsung,design,2,0,0,2,1.0,0.8372,0.4
103,B09SHJGLNN,Samsung Galaxy S21 FE 5G,Samsung,display,4,3,3,10,0.55,0.5799,0.7692
103,B09SHJGLNN,Samsung Galaxy S21 FE 5G,Samsung,performance,4,2,0,6,0.8333,0.7709,0.6667
103,B09SHJGLNN,Samsung Galaxy S21 FE 5G,Samsung,price,3,2,2,7,0.5714,0.6665,0.7
124,B0C4Q796XC,Samsung Galaxy S23+ Plus 5G,Samsung,battery,12,11,1,24,0.7292,0.7182,0.8889
125,B0DMR2CMV4,Samsung Galaxy S23+ Plus 5G,Samsung,battery,15,15,3,33,0.6818,0.6797,0.9167
124,B0C4Q796XC,Samsung Galaxy S23+ Plus 5G,Samsung,camera,4,5,0,9,0.7222,0.71,0.75
125,B0DMR2CMV4,Samsung Galaxy S23+ Plus 5G,Samsung,camera,6,7,0,13,0.7308,0.7189,0.8125
124,B0C4Q796XC,Samsung Galaxy S23+ Plus 5G,Samsung,design,2,2,0,4,0.75,0.7623,0.5714
125,B0DMR2CMV4,Samsung Galaxy S23+ Plus 5G,Samsung,design,4,3,0,7,0.7857,0.7801,0.7
124,B0C4Q796XC,Samsung Galaxy S23+ Plus 5G,Samsung,display,6,5,1,12,0.7083,0.6882,0.8
125,B0DMR2CMV4,Samsung Galaxy S23+ Plus 5G,Samsung,display,7,7,1,15,0.7,0.6849,0.8333
124,B0C4Q796XC,Samsung Galaxy S23+ Plus 5G,Samsung,performance,7,1,0,8,0.9375,0.8446,0.7273
125,B0DMR2CMV4,Samsung Galaxy S23+ Plus 5G,Samsung,performance,10,2,1,13,0.8462,0.8044,0.8125
124,B0C4Q796XC,Samsung Galaxy S23+ Plus 5G,Samsung,price,5,2,0,7,0.8571,0.8332,0.7
125,B0DMR2CMV4,Samsung Galaxy S23+ Plus 5G,Samsung,price,9,2,0,11,0.9091,0.8749,0.7857
199,B0CV5TY4WK,Samsung Galaxy Tab A9 Plus 5G,Samsung,battery,0,1,0,1,0.5,0.638,0.25
199,B0CV5TY4WK,Samsung Galaxy Tab A9 Plus 5G,Samsung,design,1,0,0,1,1.0,0.8101,0.25
199,B0CV5TY4WK,Samsung Galaxy Tab A9 Plus 5G,Samsung,display,0,0,1,1,0.0,0.5331,0.25
199,B0CV5TY4WK,Samsung Galaxy Tab A9 Plus 5G,Samsung,price,1,4,0,5,0.6,0.6998,0.625
205,B0FP2X2SX4,Samsung Galaxy Watch 8 Classic,Samsung,battery,3,6,0,9,0.6667,0.6663,0.75
205,B0FP2X2SX4,Samsung Galaxy Watch 8 Classic,Samsung,camera,1,0,0,1,1.0,0.74,0.25
205,B0FP2X2SX4,Samsung Galaxy Watch 8 Classic,Samsung,design,2,3,0,5,0.7,0.7361,0.625
205,B0FP2X2SX4,Samsung Galaxy Watch 8 Classic,Samsung,display,5,6,0,11,0.7273,0.6999,0.7857
205,B0FP2X2SX4,Samsung Galaxy Watch 8 Classic,Samsung,price,6,0,0,6,1.0,0.9089,0.6667
209,B0D1VMGGQ7,Tmobile Apple iPhone 8,Tmobile,battery,0,1,0,1,0.5,0.638,0.25
209,B0D1VMGGQ7,Tmobile Apple iPhone 8,Tmobile,performance,1,0,0,1,1.0,0.7467,0.25
209,B0D1VMGGQ7,Tmobile Apple iPhone 8,Tmobile,price,2,0,0,2,1.0,0.8568,0.4
